{"skeleton":{"hash":"C/B1cYNQ5mrpqx8m2MjE2rlTIcY","spine":"3.8.99"},"bones":[{"name":"root","rotation":-0.25},{"name":"dise","parent":"root"},{"name":"huaguang","parent":"root"},{"name":"zzzzz","parent":"root"},{"name":"yt2","parent":"root"},{"name":"yt1","parent":"root"},{"name":"huaguang2","parent":"root"},{"name":"zzzzz2","parent":"root"},{"name":"zzzzz3","parent":"root"},{"name":"zzzzz4","parent":"root"},{"name":"zzzzz5","parent":"root"},{"name":"zzzzz6","parent":"root"},{"name":"yt3","parent":"root"},{"name":"yt4","parent":"root","y":-0.54},{"name":"yt5","parent":"root"},{"name":"yt6","parent":"root","y":-0.59},{"name":"yt7","parent":"root","y":-1.28},{"name":"yt8","parent":"root"},{"name":"yt9","parent":"root"},{"name":"xxdd","parent":"root"},{"name":"xxdd2","parent":"root"},{"name":"kuang1","parent":"root"}],"slots":[{"name":"disekuang","bone":"dise"},{"name":"disekuang2","bone":"dise","blend":"additive"},{"name":"gxxl0001","bone":"huaguang","blend":"additive"},{"name":"gxxl1","bone":"huaguang2","blend":"additive"},{"name":"yyt0001","bone":"zzzzz"},{"name":"yyt3","bone":"zzzzz4"},{"name":"yyt1","bone":"zzzzz2"},{"name":"yyt4","bone":"zzzzz5"},{"name":"yyt2","bone":"zzzzz3"},{"name":"yyt5","bone":"zzzzz6"},{"name":"yyt222","bone":"yt2"},{"name":"yyt224","bone":"yt4"},{"name":"yyt225","bone":"yt5"},{"name":"yyt223","bone":"yt3"},{"name":"yyt111","bone":"yt1"},{"name":"yyt112","bone":"yt6"},{"name":"yyt113","bone":"yt7"},{"name":"yyt114","bone":"yt8"},{"name":"yyt115","bone":"yt9"},{"name":"guangyin","bone":"xxdd","blend":"additive"},{"name":"guangyin2","bone":"xxdd2","blend":"additive"},{"name":"kuangguan","bone":"kuang1"},{"name":"kuangguan2","bone":"kuang1","blend":"additive"},{"name":"kuangguangx0001","bone":"kuang1"}],"skins":[{"name":"default","attachments":{"disekuang":{"disekuang":{"x":0.11,"y":-26.21,"scaleY":1.4371,"width":276,"height":347}},"disekuang2":{"disekuang":{"x":0.11,"y":-26.21,"scaleY":1.4371,"width":276,"height":347}},"guangyin":{"guangyin":{"width":91,"height":91}},"guangyin2":{"guangyin":{"width":91,"height":91}},"gxxl0001":{"gxxl0001":{"width":110,"height":460},"gxxl0002":{"width":110,"height":460},"gxxl0003":{"width":110,"height":460},"gxxl0004":{"width":110,"height":460},"gxxl0005":{"width":110,"height":460},"gxxl0006":{"width":110,"height":460},"gxxl0007":{"width":110,"height":460},"gxxl0008":{"width":110,"height":460},"gxxl0009":{"width":110,"height":460},"gxxl0010":{"width":110,"height":460}},"gxxl1":{"gxxl0001":{"width":110,"height":460},"gxxl0002":{"width":110,"height":460},"gxxl0003":{"width":110,"height":460},"gxxl0004":{"width":110,"height":460},"gxxl0005":{"width":110,"height":460},"gxxl0006":{"width":110,"height":460},"gxxl0007":{"width":110,"height":460},"gxxl0008":{"width":110,"height":460},"gxxl0009":{"width":110,"height":460},"gxxl0010":{"width":110,"height":460}},"kuangguan":{"kuangguan":{"width":249,"height":174}},"kuangguan2":{"kuangguan":{"width":249,"height":174}},"kuangguangx0001":{"kuangguangx0001":{"width":257,"height":176},"kuangguangx0003":{"x":0.5,"width":257,"height":176},"kuangguangx0005":{"x":0.5,"width":257,"height":176},"kuangguangx0007":{"x":0.5,"width":257,"height":176},"kuangguangx0009":{"x":0.5,"width":257,"height":176},"kuangguangx0011":{"x":0.5,"width":257,"height":176},"kuangguangx0013":{"x":0.5,"width":257,"height":176},"kuangguangx0015":{"x":0.5,"width":257,"height":176},"kuangguangx0017":{"x":0.5,"width":257,"height":176},"kuangguangx0018":{"x":0.5,"width":257,"height":176},"kuangguangx0019":{"x":0.5,"width":257,"height":176},"kuangguangx0020":{"x":0.5,"width":257,"height":176},"kuangguangx0021":{"x":0.5,"width":257,"height":176},"kuangguangx0022":{"x":0.5,"width":257,"height":176}},"yyt0001":{"yyt0001":{"width":40,"height":430},"yyt0002":{"x":0.5,"width":40,"height":430},"yyt0003":{"x":0.5,"width":40,"height":430},"yyt0004":{"x":0.5,"width":40,"height":430},"yyt0005":{"x":0.5,"width":40,"height":430},"yyt0006":{"x":0.5,"width":40,"height":430},"yyt0007":{"x":0.5,"width":40,"height":430},"yyt0008":{"x":0.5,"width":40,"height":430},"yyt0009":{"x":0.5,"width":40,"height":430},"yyt0010":{"x":0.5,"width":40,"height":430},"yyt0011":{"x":0.5,"width":40,"height":430},"yyt0012":{"x":0.5,"width":40,"height":430},"yyt0013":{"x":0.5,"width":40,"height":430},"yyt0014":{"x":0.5,"width":40,"height":430},"yyt0015":{"x":0.5,"width":40,"height":430},"yyt0016":{"x":0.5,"width":40,"height":430},"yyt0017":{"x":0.5,"width":40,"height":430},"yyt0018":{"x":0.5,"width":40,"height":430},"yyt0019":{"x":0.5,"width":40,"height":430},"yyt0020":{"x":0.5,"width":40,"height":430},"yyt0021":{"x":0.5,"width":40,"height":430}},"yyt1":{"yyt0001":{"width":40,"height":430},"yyt0002":{"x":0.5,"width":40,"height":430},"yyt0003":{"x":0.5,"width":40,"height":430},"yyt0004":{"x":0.5,"width":40,"height":430},"yyt0005":{"x":0.5,"width":40,"height":430},"yyt0006":{"x":0.5,"width":40,"height":430},"yyt0007":{"x":0.5,"width":40,"height":430},"yyt0008":{"x":0.5,"width":40,"height":430},"yyt0009":{"x":0.5,"width":40,"height":430},"yyt0010":{"x":0.5,"width":40,"height":430},"yyt0011":{"x":0.5,"width":40,"height":430},"yyt0012":{"x":0.5,"width":40,"height":430},"yyt0013":{"x":0.5,"width":40,"height":430},"yyt0014":{"x":0.5,"width":40,"height":430},"yyt0015":{"x":0.5,"width":40,"height":430},"yyt0016":{"x":0.5,"width":40,"height":430},"yyt0017":{"x":0.5,"width":40,"height":430},"yyt0018":{"x":0.5,"width":40,"height":430},"yyt0019":{"x":0.5,"width":40,"height":430},"yyt0020":{"x":0.5,"width":40,"height":430},"yyt0021":{"x":0.5,"width":40,"height":430}},"yyt2":{"yyt0001":{"width":40,"height":430},"yyt0002":{"x":0.5,"width":40,"height":430},"yyt0003":{"x":0.5,"width":40,"height":430},"yyt0004":{"x":0.5,"width":40,"height":430},"yyt0005":{"x":0.5,"width":40,"height":430},"yyt0006":{"x":0.5,"width":40,"height":430},"yyt0007":{"x":0.5,"width":40,"height":430},"yyt0008":{"x":0.5,"width":40,"height":430},"yyt0009":{"x":0.5,"width":40,"height":430},"yyt0010":{"x":0.5,"width":40,"height":430},"yyt0011":{"x":0.5,"width":40,"height":430},"yyt0012":{"x":0.5,"width":40,"height":430},"yyt0013":{"x":0.5,"width":40,"height":430},"yyt0014":{"x":0.5,"width":40,"height":430},"yyt0015":{"x":0.5,"width":40,"height":430},"yyt0016":{"x":0.5,"width":40,"height":430},"yyt0017":{"x":0.5,"width":40,"height":430},"yyt0018":{"x":0.5,"width":40,"height":430},"yyt0019":{"x":0.5,"width":40,"height":430},"yyt0020":{"x":0.5,"width":40,"height":430},"yyt0021":{"x":0.5,"width":40,"height":430}},"yyt3":{"yyt0001":{"width":40,"height":430},"yyt0002":{"x":0.5,"width":40,"height":430},"yyt0003":{"x":0.5,"width":40,"height":430},"yyt0004":{"x":0.5,"width":40,"height":430},"yyt0005":{"x":0.5,"width":40,"height":430},"yyt0006":{"x":0.5,"width":40,"height":430},"yyt0007":{"x":0.5,"width":40,"height":430},"yyt0008":{"x":0.5,"width":40,"height":430},"yyt0009":{"x":0.5,"width":40,"height":430},"yyt0010":{"x":0.5,"width":40,"height":430},"yyt0011":{"x":0.5,"width":40,"height":430},"yyt0012":{"x":0.5,"width":40,"height":430},"yyt0013":{"x":0.5,"width":40,"height":430},"yyt0014":{"x":0.5,"width":40,"height":430},"yyt0015":{"x":0.5,"width":40,"height":430},"yyt0016":{"x":0.5,"width":40,"height":430},"yyt0017":{"x":0.5,"width":40,"height":430},"yyt0018":{"x":0.5,"width":40,"height":430},"yyt0019":{"x":0.5,"width":40,"height":430},"yyt0020":{"x":0.5,"width":40,"height":430},"yyt0021":{"x":0.5,"width":40,"height":430}},"yyt4":{"yyt0001":{"width":40,"height":430},"yyt0002":{"x":0.5,"width":40,"height":430},"yyt0003":{"x":0.5,"width":40,"height":430},"yyt0004":{"x":0.5,"width":40,"height":430},"yyt0005":{"x":0.5,"width":40,"height":430},"yyt0006":{"x":0.5,"width":40,"height":430},"yyt0007":{"x":0.5,"width":40,"height":430},"yyt0008":{"x":0.5,"width":40,"height":430},"yyt0009":{"x":0.5,"width":40,"height":430},"yyt0010":{"x":0.5,"width":40,"height":430},"yyt0011":{"x":0.5,"width":40,"height":430},"yyt0012":{"x":0.5,"width":40,"height":430},"yyt0013":{"x":0.5,"width":40,"height":430},"yyt0014":{"x":0.5,"width":40,"height":430},"yyt0015":{"x":0.5,"width":40,"height":430},"yyt0016":{"x":0.5,"width":40,"height":430},"yyt0017":{"x":0.5,"width":40,"height":430},"yyt0018":{"x":0.5,"width":40,"height":430},"yyt0019":{"x":0.5,"width":40,"height":430},"yyt0020":{"x":0.5,"width":40,"height":430},"yyt0021":{"x":0.5,"width":40,"height":430}},"yyt5":{"yyt0001":{"width":40,"height":430},"yyt0002":{"x":0.5,"width":40,"height":430},"yyt0003":{"x":0.5,"width":40,"height":430},"yyt0004":{"x":0.5,"width":40,"height":430},"yyt0005":{"x":0.5,"width":40,"height":430},"yyt0006":{"x":0.5,"width":40,"height":430},"yyt0007":{"x":0.5,"width":40,"height":430},"yyt0008":{"x":0.5,"width":40,"height":430},"yyt0009":{"x":0.5,"width":40,"height":430},"yyt0010":{"x":0.5,"width":40,"height":430},"yyt0011":{"x":0.5,"width":40,"height":430},"yyt0012":{"x":0.5,"width":40,"height":430},"yyt0013":{"x":0.5,"width":40,"height":430},"yyt0014":{"x":0.5,"width":40,"height":430},"yyt0015":{"x":0.5,"width":40,"height":430},"yyt0016":{"x":0.5,"width":40,"height":430},"yyt0017":{"x":0.5,"width":40,"height":430},"yyt0018":{"x":0.5,"width":40,"height":430},"yyt0019":{"x":0.5,"width":40,"height":430},"yyt0020":{"x":0.5,"width":40,"height":430},"yyt0021":{"x":0.5,"width":40,"height":430}},"yyt111":{"yyt111":{"width":19,"height":38}},"yyt112":{"yyt111":{"width":19,"height":38}},"yyt113":{"yyt111":{"width":19,"height":38}},"yyt114":{"yyt111":{"width":19,"height":38}},"yyt115":{"yyt111":{"width":19,"height":38}},"yyt222":{"yyt222":{"width":18,"height":87}},"yyt223":{"yyt222":{"width":18,"height":87}},"yyt224":{"yyt222":{"width":18,"height":87}},"yyt225":{"yyt222":{"width":18,"height":87}}}}],"animations":{"kk":{"slots":{"disekuang":{"color":[{"color":"00ffaa6c"}],"attachment":[{"name":"disekuang"}]},"disekuang2":{"attachment":[{"name":"disekuang"}]},"guangyin":{"color":[{"color":"ffffff00"},{"time":0.1,"color":"ffffffff","curve":"stepped"},{"time":0.4,"color":"ffffffff"},{"time":0.5333,"color":"ffffff00","curve":"stepped"},{"time":0.6667,"color":"ffffff00"},{"time":0.7667,"color":"ffffffff","curve":"stepped"},{"time":1.1333,"color":"ffffffff"},{"time":1.2667,"color":"ffffff00","curve":"stepped"},{"time":1.4667,"color":"ffffff00"},{"time":1.5667,"color":"ffffffff","curve":"stepped"},{"time":1.8,"color":"ffffffff"},{"time":1.9,"color":"ffffff00"}],"attachment":[{"name":"guangyin"}]},"guangyin2":{"color":[{"time":0.2,"color":"ffffff00"},{"time":0.3,"color":"ffffffff","curve":"stepped"},{"time":0.6,"color":"ffffffff"},{"time":0.7333,"color":"ffffff00","curve":"stepped"},{"time":0.9667,"color":"ffffff00"},{"time":1.0667,"color":"ffffffff","curve":"stepped"},{"time":1.4333,"color":"ffffffff"},{"time":1.5667,"color":"ffffff00"}],"attachment":[{"time":0.2,"name":"guangyin"}]},"gxxl0001":{"color":[{"color":"ffffff53"}],"attachment":[{"name":"gxxl0001"},{"time":0.0333,"name":"gxxl0002"},{"time":0.0667,"name":"gxxl0003"},{"time":0.1,"name":"gxxl0004"},{"time":0.1333,"name":"gxxl0005"},{"time":0.1667,"name":"gxxl0006"},{"time":0.2,"name":"gxxl0007"},{"time":0.2333,"name":"gxxl0008"},{"time":0.2667,"name":"gxxl0009"},{"time":0.3,"name":"gxxl0010"},{"time":0.3333,"name":"gxxl0001"},{"time":0.3667,"name":"gxxl0002"},{"time":0.4,"name":"gxxl0003"},{"time":0.4333,"name":"gxxl0004"},{"time":0.4667,"name":"gxxl0005"},{"time":0.5,"name":"gxxl0006"},{"time":0.5333,"name":"gxxl0007"},{"time":0.5667,"name":"gxxl0008"},{"time":0.6,"name":"gxxl0009"},{"time":0.6333,"name":"gxxl0010"},{"time":0.6667,"name":"gxxl0001"},{"time":0.7,"name":"gxxl0002"},{"time":0.7333,"name":"gxxl0003"},{"time":0.7667,"name":"gxxl0004"},{"time":0.8,"name":"gxxl0005"},{"time":0.8333,"name":"gxxl0006"},{"time":0.8667,"name":"gxxl0007"},{"time":0.9,"name":"gxxl0008"},{"time":0.9333,"name":"gxxl0009"},{"time":0.9667,"name":"gxxl0010"},{"time":1,"name":"gxxl0001"},{"time":1.0333,"name":"gxxl0002"},{"time":1.0667,"name":"gxxl0003"},{"time":1.1,"name":"gxxl0004"},{"time":1.1333,"name":"gxxl0005"},{"time":1.1667,"name":"gxxl0006"},{"time":1.2,"name":"gxxl0007"},{"time":1.2333,"name":"gxxl0008"},{"time":1.2667,"name":"gxxl0009"},{"time":1.3,"name":"gxxl0010"},{"time":1.3333,"name":"gxxl0001"},{"time":1.3667,"name":"gxxl0002"},{"time":1.4,"name":"gxxl0003"},{"time":1.4333,"name":"gxxl0004"},{"time":1.4667,"name":"gxxl0005"},{"time":1.5,"name":"gxxl0006"},{"time":1.5333,"name":"gxxl0007"},{"time":1.5667,"name":"gxxl0008"},{"time":1.6,"name":"gxxl0009"},{"time":1.6333,"name":"gxxl0010"},{"time":1.6667,"name":"gxxl0001"},{"time":1.7,"name":"gxxl0002"},{"time":1.7333,"name":"gxxl0003"},{"time":1.7667,"name":"gxxl0004"},{"time":1.8,"name":"gxxl0005"},{"time":1.8333,"name":"gxxl0006"},{"time":1.8667,"name":"gxxl0007"},{"time":1.9,"name":"gxxl0008"},{"time":1.9333,"name":"gxxl0009"},{"time":1.9667,"name":"gxxl0010"}]},"gxxl1":{"color":[{"color":"ffffff51"}],"attachment":[{"name":"gxxl0006"},{"time":0.0333,"name":"gxxl0007"},{"time":0.0667,"name":"gxxl0008"},{"time":0.1,"name":"gxxl0009"},{"time":0.1333,"name":"gxxl0010"},{"time":0.1667,"name":"gxxl0001"},{"time":0.2,"name":"gxxl0002"},{"time":0.2333,"name":"gxxl0003"},{"time":0.2667,"name":"gxxl0004"},{"time":0.3,"name":"gxxl0005"},{"time":0.3333,"name":"gxxl0006"},{"time":0.3667,"name":"gxxl0007"},{"time":0.4,"name":"gxxl0008"},{"time":0.4333,"name":"gxxl0009"},{"time":0.4667,"name":"gxxl0010"},{"time":0.5,"name":"gxxl0001"},{"time":0.5333,"name":"gxxl0002"},{"time":0.5667,"name":"gxxl0003"},{"time":0.6,"name":"gxxl0004"},{"time":0.6333,"name":"gxxl0005"},{"time":0.6667,"name":"gxxl0006"},{"time":0.7,"name":"gxxl0007"},{"time":0.7333,"name":"gxxl0008"},{"time":0.7667,"name":"gxxl0009"},{"time":0.8,"name":"gxxl0010"},{"time":0.8333,"name":"gxxl0001"},{"time":0.8667,"name":"gxxl0002"},{"time":0.9,"name":"gxxl0003"},{"time":0.9333,"name":"gxxl0004"},{"time":0.9667,"name":"gxxl0005"},{"time":1,"name":"gxxl0006"},{"time":1.0333,"name":"gxxl0007"},{"time":1.0667,"name":"gxxl0008"},{"time":1.1,"name":"gxxl0009"},{"time":1.1333,"name":"gxxl0010"},{"time":1.1667,"name":"gxxl0001"},{"time":1.2,"name":"gxxl0002"},{"time":1.2333,"name":"gxxl0003"},{"time":1.2667,"name":"gxxl0004"},{"time":1.3,"name":"gxxl0005"},{"time":1.3333,"name":"gxxl0006"},{"time":1.3667,"name":"gxxl0007"},{"time":1.4,"name":"gxxl0008"},{"time":1.4333,"name":"gxxl0009"},{"time":1.4667,"name":"gxxl0010"},{"time":1.5,"name":"gxxl0001"},{"time":1.5333,"name":"gxxl0002"},{"time":1.5667,"name":"gxxl0003"},{"time":1.6,"name":"gxxl0004"},{"time":1.6333,"name":"gxxl0005"},{"time":1.6667,"name":"gxxl0006"},{"time":1.7,"name":"gxxl0007"},{"time":1.7333,"name":"gxxl0008"},{"time":1.7667,"name":"gxxl0009"},{"time":1.8,"name":"gxxl0010"},{"time":1.8333,"name":"gxxl0001"},{"time":1.8667,"name":"gxxl0002"},{"time":1.9,"name":"gxxl0003"},{"time":1.9333,"name":"gxxl0004"},{"time":1.9667,"name":"gxxl0005"}]},"yyt0001":{"attachment":[{"name":"yyt0001"},{"time":0.0333,"name":"yyt0002"},{"time":0.0667,"name":"yyt0004"},{"time":0.1,"name":"yyt0005"},{"time":0.1333,"name":"yyt0006"},{"time":0.1667,"name":"yyt0007"},{"time":0.2,"name":"yyt0009"},{"time":0.2333,"name":"yyt0011"},{"time":0.2667,"name":"yyt0013"},{"time":0.3,"name":"yyt0010"},{"time":0.3333,"name":"yyt0008"},{"time":0.3667,"name":"yyt0007"},{"time":0.4,"name":"yyt0006"},{"time":0.4333,"name":"yyt0004"},{"time":0.4667,"name":"yyt0003"},{"time":0.5,"name":"yyt0002"},{"time":0.5333,"name":"yyt0001"},{"time":0.6,"name":"yyt0002"},{"time":0.6333,"name":"yyt0004"},{"time":0.6667,"name":"yyt0005"},{"time":0.7,"name":"yyt0006"},{"time":0.7333,"name":"yyt0007"},{"time":0.7667,"name":"yyt0009"},{"time":0.8,"name":"yyt0011"},{"time":0.8333,"name":"yyt0013"},{"time":0.8667,"name":"yyt0010"},{"time":0.9,"name":"yyt0008"},{"time":0.9333,"name":"yyt0007"},{"time":0.9667,"name":"yyt0006"},{"time":1,"name":"yyt0004"},{"time":1.0333,"name":"yyt0003"},{"time":1.0667,"name":"yyt0002"},{"time":1.1,"name":"yyt0001"},{"time":1.1667,"name":"yyt0002"},{"time":1.2,"name":"yyt0004"},{"time":1.2333,"name":"yyt0005"},{"time":1.2667,"name":"yyt0006"},{"time":1.3,"name":"yyt0007"},{"time":1.3333,"name":"yyt0009"},{"time":1.3667,"name":"yyt0011"},{"time":1.4,"name":"yyt0013"},{"time":1.4333,"name":"yyt0010"},{"time":1.4667,"name":"yyt0008"},{"time":1.5,"name":"yyt0007"},{"time":1.5333,"name":"yyt0006"},{"time":1.5667,"name":"yyt0004"},{"time":1.6,"name":"yyt0003"},{"time":1.6333,"name":"yyt0002"},{"time":1.6667,"name":"yyt0001"},{"time":1.7333,"name":"yyt0002"},{"time":1.7667,"name":"yyt0004"},{"time":1.8,"name":"yyt0005"},{"time":1.8333,"name":"yyt0006"},{"time":1.8667,"name":"yyt0008"},{"time":1.9,"name":"yyt0005"},{"time":1.9333,"name":"yyt0003"},{"time":1.9667,"name":"yyt0002"},{"time":2,"name":"yyt0001"}]},"yyt1":{"attachment":[{"name":"yyt0013"},{"time":0.0333,"name":"yyt0011"},{"time":0.0667,"name":"yyt0010"},{"time":0.1,"name":"yyt0009"},{"time":0.1333,"name":"yyt0008"},{"time":0.1667,"name":"yyt0009"},{"time":0.2,"name":"yyt0010"},{"time":0.2333,"name":"yyt0011"},{"time":0.2667,"name":"yyt0012"},{"time":0.3,"name":"yyt0013"},{"time":0.3333,"name":"yyt0014"},{"time":0.3667,"name":"yyt0015"},{"time":0.4,"name":"yyt0013"},{"time":0.4333,"name":"yyt0011"},{"time":0.4667,"name":"yyt0010"},{"time":0.5,"name":"yyt0009"},{"time":0.5333,"name":"yyt0008"},{"time":0.5667,"name":"yyt0009"},{"time":0.6,"name":"yyt0010"},{"time":0.6333,"name":"yyt0011"},{"time":0.6667,"name":"yyt0012"},{"time":0.7,"name":"yyt0013"},{"time":0.7333,"name":"yyt0014"},{"time":0.7667,"name":"yyt0015"},{"time":0.8,"name":"yyt0013"},{"time":0.8333,"name":"yyt0011"},{"time":0.8667,"name":"yyt0010"},{"time":0.9,"name":"yyt0009"},{"time":0.9333,"name":"yyt0008"},{"time":0.9667,"name":"yyt0009"},{"time":1,"name":"yyt0010"},{"time":1.0333,"name":"yyt0011"},{"time":1.0667,"name":"yyt0012"},{"time":1.1,"name":"yyt0013"},{"time":1.1333,"name":"yyt0014"},{"time":1.1667,"name":"yyt0015"},{"time":1.2,"name":"yyt0013"},{"time":1.2333,"name":"yyt0011"},{"time":1.2667,"name":"yyt0010"},{"time":1.3,"name":"yyt0009"},{"time":1.3333,"name":"yyt0008"},{"time":1.3667,"name":"yyt0009"},{"time":1.4,"name":"yyt0010"},{"time":1.4333,"name":"yyt0011"},{"time":1.4667,"name":"yyt0012"},{"time":1.5,"name":"yyt0013"},{"time":1.5333,"name":"yyt0014"},{"time":1.5667,"name":"yyt0015"},{"time":1.6,"name":"yyt0013"},{"time":1.6333,"name":"yyt0011"},{"time":1.6667,"name":"yyt0010"},{"time":1.7,"name":"yyt0009"},{"time":1.7333,"name":"yyt0008"},{"time":1.7667,"name":"yyt0009"},{"time":1.8,"name":"yyt0010"},{"time":1.8333,"name":"yyt0011"},{"time":1.8667,"name":"yyt0012"},{"time":1.9,"name":"yyt0013"},{"time":1.9333,"name":"yyt0014"},{"time":1.9667,"name":"yyt0015"},{"time":2,"name":"yyt0014"}]},"yyt2":{"attachment":[{"name":"yyt0015"},{"time":0.0333,"name":"yyt0016"},{"time":0.0667,"name":"yyt0017"},{"time":0.1,"name":"yyt0018"},{"time":0.1333,"name":"yyt0019"},{"time":0.1667,"name":"yyt0020"},{"time":0.2,"name":"yyt0019"},{"time":0.2333,"name":"yyt0018"},{"time":0.2667,"name":"yyt0017"},{"time":0.3,"name":"yyt0015"},{"time":0.3333,"name":"yyt0013"},{"time":0.3667,"name":"yyt0012"},{"time":0.4,"name":"yyt0011"},{"time":0.4333,"name":"yyt0009"},{"time":0.4667,"name":"yyt0008"},{"time":0.5,"name":"yyt0010"},{"time":0.5333,"name":"yyt0011"},{"time":0.5667,"name":"yyt0012"},{"time":0.6,"name":"yyt0013"},{"time":0.6333,"name":"yyt0015"},{"time":0.6667,"name":"yyt0016"},{"time":0.7,"name":"yyt0017"},{"time":0.7333,"name":"yyt0018"},{"time":0.7667,"name":"yyt0019"},{"time":0.8,"name":"yyt0020"},{"time":0.8333,"name":"yyt0019"},{"time":0.8667,"name":"yyt0018"},{"time":0.9,"name":"yyt0017"},{"time":0.9333,"name":"yyt0015"},{"time":0.9667,"name":"yyt0013"},{"time":1,"name":"yyt0012"},{"time":1.0333,"name":"yyt0011"},{"time":1.0667,"name":"yyt0009"},{"time":1.1,"name":"yyt0008"},{"time":1.1333,"name":"yyt0010"},{"time":1.1667,"name":"yyt0011"},{"time":1.2,"name":"yyt0012"},{"time":1.2333,"name":"yyt0013"},{"time":1.2667,"name":"yyt0015"},{"time":1.3,"name":"yyt0016"},{"time":1.3333,"name":"yyt0017"},{"time":1.3667,"name":"yyt0018"},{"time":1.4,"name":"yyt0019"},{"time":1.4333,"name":"yyt0020"},{"time":1.4667,"name":"yyt0019"},{"time":1.5,"name":"yyt0018"},{"time":1.5333,"name":"yyt0017"},{"time":1.5667,"name":"yyt0015"},{"time":1.6,"name":"yyt0013"},{"time":1.6333,"name":"yyt0012"},{"time":1.6667,"name":"yyt0011"},{"time":1.7,"name":"yyt0009"},{"time":1.7333,"name":"yyt0008"},{"time":1.7667,"name":"yyt0010"},{"time":1.8,"name":"yyt0011"},{"time":1.8333,"name":"yyt0012"},{"time":1.8667,"name":"yyt0013"},{"time":1.9,"name":"yyt0015"},{"time":1.9333,"name":"yyt0017"},{"time":1.9667,"name":"yyt0018"},{"time":2,"name":"yyt0017"}]},"yyt3":{"attachment":[{"name":"yyt0007"},{"time":0.0333,"name":"yyt0006"},{"time":0.0667,"name":"yyt0004"},{"time":0.1,"name":"yyt0003"},{"time":0.1333,"name":"yyt0002"},{"time":0.1667,"name":"yyt0001"},{"time":0.2333,"name":"yyt0002"},{"time":0.2667,"name":"yyt0004"},{"time":0.3,"name":"yyt0005"},{"time":0.3333,"name":"yyt0006"},{"time":0.3667,"name":"yyt0007"},{"time":0.4,"name":"yyt0009"},{"time":0.4333,"name":"yyt0011"},{"time":0.4667,"name":"yyt0013"},{"time":0.5,"name":"yyt0010"},{"time":0.5333,"name":"yyt0008"},{"time":0.5667,"name":"yyt0007"},{"time":0.6,"name":"yyt0006"},{"time":0.6333,"name":"yyt0004"},{"time":0.6667,"name":"yyt0003"},{"time":0.7,"name":"yyt0002"},{"time":0.7333,"name":"yyt0001"},{"time":0.8,"name":"yyt0002"},{"time":0.8333,"name":"yyt0004"},{"time":0.8667,"name":"yyt0005"},{"time":0.9,"name":"yyt0006"},{"time":0.9333,"name":"yyt0008"},{"time":0.9667,"name":"yyt0005"},{"time":1,"name":"yyt0003"},{"time":1.0333,"name":"yyt0002"},{"time":1.0667,"name":"yyt0001"},{"time":1.1333,"name":"yyt0002"},{"time":1.1667,"name":"yyt0004"},{"time":1.2,"name":"yyt0005"},{"time":1.2333,"name":"yyt0006"},{"time":1.2667,"name":"yyt0007"},{"time":1.3,"name":"yyt0009"},{"time":1.3333,"name":"yyt0011"},{"time":1.3667,"name":"yyt0013"},{"time":1.4,"name":"yyt0010"},{"time":1.4333,"name":"yyt0008"},{"time":1.4667,"name":"yyt0007"},{"time":1.5,"name":"yyt0006"},{"time":1.5333,"name":"yyt0004"},{"time":1.5667,"name":"yyt0003"},{"time":1.6,"name":"yyt0002"},{"time":1.6333,"name":"yyt0001"},{"time":1.7,"name":"yyt0002"},{"time":1.7333,"name":"yyt0004"},{"time":1.7667,"name":"yyt0005"},{"time":1.8,"name":"yyt0006"},{"time":1.8333,"name":"yyt0007"},{"time":1.8667,"name":"yyt0009"},{"time":1.9,"name":"yyt0011"},{"time":1.9333,"name":"yyt0013"},{"time":1.9667,"name":"yyt0010"},{"time":2,"name":"yyt0008"}]},"yyt4":{"attachment":[{"name":"yyt0010"},{"time":0.0333,"name":"yyt0009"},{"time":0.0667,"name":"yyt0008"},{"time":0.1,"name":"yyt0007"},{"time":0.1333,"name":"yyt0005"},{"time":0.1667,"name":"yyt0006"},{"time":0.2,"name":"yyt0007"},{"time":0.2333,"name":"yyt0009"},{"time":0.2667,"name":"yyt0010"},{"time":0.3,"name":"yyt0011"},{"time":0.3333,"name":"yyt0012"},{"time":0.3667,"name":"yyt0013"},{"time":0.4,"name":"yyt0014"},{"time":0.4333,"name":"yyt0015"},{"time":0.4667,"name":"yyt0017"},{"time":0.5,"name":"yyt0018"},{"time":0.5333,"name":"yyt0016"},{"time":0.5667,"name":"yyt0015"},{"time":0.6,"name":"yyt0013"},{"time":0.6333,"name":"yyt0011"},{"time":0.6667,"name":"yyt0010"},{"time":0.7,"name":"yyt0009"},{"time":0.7333,"name":"yyt0008"},{"time":0.7667,"name":"yyt0007"},{"time":0.8,"name":"yyt0005"},{"time":0.8333,"name":"yyt0006"},{"time":0.8667,"name":"yyt0007"},{"time":0.9,"name":"yyt0009"},{"time":0.9333,"name":"yyt0010"},{"time":0.9667,"name":"yyt0011"},{"time":1,"name":"yyt0012"},{"time":1.0333,"name":"yyt0013"},{"time":1.0667,"name":"yyt0014"},{"time":1.1,"name":"yyt0015"},{"time":1.1333,"name":"yyt0017"},{"time":1.1667,"name":"yyt0018"},{"time":1.2,"name":"yyt0019"},{"time":1.2333,"name":"yyt0020"},{"time":1.2667,"name":"yyt0016"},{"time":1.3,"name":"yyt0015"},{"time":1.3333,"name":"yyt0010"},{"time":1.3667,"name":"yyt0009"},{"time":1.4,"name":"yyt0008"},{"time":1.4333,"name":"yyt0007"},{"time":1.4667,"name":"yyt0005"},{"time":1.5,"name":"yyt0006"},{"time":1.5333,"name":"yyt0007"},{"time":1.5667,"name":"yyt0009"},{"time":1.6,"name":"yyt0010"},{"time":1.6333,"name":"yyt0011"},{"time":1.6667,"name":"yyt0012"},{"time":1.7,"name":"yyt0013"},{"time":1.7333,"name":"yyt0014"},{"time":1.7667,"name":"yyt0015"},{"time":1.8,"name":"yyt0017"},{"time":1.8333,"name":"yyt0018"},{"time":1.8667,"name":"yyt0016"},{"time":1.9,"name":"yyt0015"},{"time":1.9333,"name":"yyt0013"},{"time":1.9667,"name":"yyt0011"},{"time":2,"name":"yyt0012"}]},"yyt5":{"attachment":[{"name":"yyt0021"},{"time":0.0333,"name":"yyt0020"},{"time":0.0667,"name":"yyt0019"},{"time":0.1,"name":"yyt0018"},{"time":0.1333,"name":"yyt0016"},{"time":0.1667,"name":"yyt0015"},{"time":0.2,"name":"yyt0013"},{"time":0.2333,"name":"yyt0014"},{"time":0.2667,"name":"yyt0017"},{"time":0.3,"name":"yyt0018"},{"time":0.3333,"name":"yyt0020"},{"time":0.3667,"name":"yyt0021"},{"time":0.4,"name":"yyt0019"},{"time":0.4333,"name":"yyt0017"},{"time":0.4667,"name":"yyt0015"},{"time":0.5,"name":"yyt0013"},{"time":0.5333,"name":"yyt0012"},{"time":0.5667,"name":"yyt0010"},{"time":0.6,"name":"yyt0011"},{"time":0.6333,"name":"yyt0013"},{"time":0.6667,"name":"yyt0015"},{"time":0.7,"name":"yyt0016"},{"time":0.7333,"name":"yyt0018"},{"time":0.7667,"name":"yyt0019"},{"time":0.8,"name":"yyt0020"},{"time":0.8333,"name":"yyt0021"},{"time":0.8667,"name":"yyt0020"},{"time":0.9,"name":"yyt0019"},{"time":0.9333,"name":"yyt0018"},{"time":0.9667,"name":"yyt0016"},{"time":1,"name":"yyt0015"},{"time":1.0333,"name":"yyt0013"},{"time":1.0667,"name":"yyt0014"},{"time":1.1,"name":"yyt0017"},{"time":1.1333,"name":"yyt0018"},{"time":1.1667,"name":"yyt0020"},{"time":1.2,"name":"yyt0021"},{"time":1.2333,"name":"yyt0019"},{"time":1.2667,"name":"yyt0017"},{"time":1.3,"name":"yyt0015"},{"time":1.3333,"name":"yyt0013"},{"time":1.3667,"name":"yyt0012"},{"time":1.4,"name":"yyt0010"},{"time":1.4333,"name":"yyt0011"},{"time":1.4667,"name":"yyt0013"},{"time":1.5,"name":"yyt0015"},{"time":1.5333,"name":"yyt0016"},{"time":1.5667,"name":"yyt0018"},{"time":1.6,"name":"yyt0019"},{"time":1.6333,"name":"yyt0020"},{"time":1.6667,"name":"yyt0018"},{"time":1.7,"name":"yyt0016"},{"time":1.7333,"name":"yyt0015"},{"time":1.7667,"name":"yyt0013"},{"time":1.8,"name":"yyt0012"},{"time":1.8333,"name":"yyt0011"},{"time":1.8667,"name":"yyt0013"},{"time":1.9,"name":"yyt0015"},{"time":1.9333,"name":"yyt0016"},{"time":1.9667,"name":"yyt0018"},{"time":2,"name":"yyt0019"}]},"yyt111":{"attachment":[{"name":"yyt111"}]},"yyt112":{"attachment":[{"name":"yyt111"}]},"yyt113":{"attachment":[{"name":"yyt111"}]},"yyt114":{"attachment":[{"name":"yyt111"}]},"yyt115":{"attachment":[{"name":"yyt111"}]},"yyt222":{"attachment":[{"name":"yyt222"}]},"yyt223":{"attachment":[{"name":"yyt222"}]},"yyt224":{"attachment":[{"name":"yyt222"}]},"yyt225":{"attachment":[{"name":"yyt222"}]}},"bones":{"huaguang":{"translate":[{"x":-50.92,"y":-33.49}],"scale":[{"x":1.535,"y":1.05}]},"huaguang2":{"translate":[{"x":62.06,"y":66.7}],"scale":[{"x":1.254,"y":1.032}]},"yt1":{"translate":[{"x":-40.05,"y":-213.82},{"time":0.1,"x":-40.05,"y":-226.11},{"time":0.2,"x":-40.05,"y":-213.82},{"time":0.3,"x":-40.05,"y":-226.11},{"time":0.4,"x":-40.05,"y":-213.82},{"time":0.5,"x":-40.05,"y":-226.11},{"time":0.6,"x":-40.05,"y":-213.82},{"time":0.7,"x":-40.05,"y":-226.11},{"time":0.8,"x":-40.05,"y":-213.82},{"time":0.9,"x":-40.05,"y":-226.11},{"time":1,"x":-40.05,"y":-213.82},{"time":1.1,"x":-40.05,"y":-226.11},{"time":1.2,"x":-40.05,"y":-213.82},{"time":1.3,"x":-40.05,"y":-226.11},{"time":1.4,"x":-40.05,"y":-213.82},{"time":1.5,"x":-40.05,"y":-226.11},{"time":1.6,"x":-40.05,"y":-213.82},{"time":1.7,"x":-40.05,"y":-226.11},{"time":1.8,"x":-40.05,"y":-213.82},{"time":1.9,"x":-40.05,"y":-226.11},{"time":2,"x":-40.05,"y":-213.82}],"scale":[{},{"time":0.1,"y":0.269},{"time":0.2},{"time":0.3,"y":0.269},{"time":0.4},{"time":0.5,"y":0.269},{"time":0.6},{"time":0.7,"y":0.269},{"time":0.8},{"time":0.9,"y":0.269},{"time":1},{"time":1.1,"y":0.269},{"time":1.2},{"time":1.3,"y":0.269},{"time":1.4},{"time":1.5,"y":0.269},{"time":1.6},{"time":1.7,"y":0.269},{"time":1.8},{"time":1.9,"y":0.269},{"time":2}]},"zzzzz":{"translate":[{"x":114.7,"y":-25.5}]},"zzzzz2":{"translate":[{"x":99.71,"y":-25.5}]},"zzzzz3":{"translate":[{"x":85.33,"y":-25.5}]},"zzzzz4":{"translate":[{"x":-119.66,"y":-26.2}]},"zzzzz5":{"translate":[{"x":-105.43,"y":-26.63}]},"zzzzz6":{"translate":[{"x":-91.25,"y":-25.5}]},"yt2":{"translate":[{"x":-74.93,"y":-187.77},{"time":0.1667,"x":-74.93,"y":-221.4},{"time":0.3333,"x":-74.93,"y":-187.77},{"time":0.5,"x":-74.93,"y":-221.4},{"time":0.6667,"x":-74.93,"y":-187.77},{"time":0.8333,"x":-74.93,"y":-221.4},{"time":1,"x":-74.93,"y":-187.77},{"time":1.1667,"x":-74.93,"y":-221.4},{"time":1.3333,"x":-74.93,"y":-187.77},{"time":1.5,"x":-74.93,"y":-221.4},{"time":1.6667,"x":-74.93,"y":-187.77},{"time":1.8333,"x":-74.93,"y":-221.4},{"time":2,"x":-74.93,"y":-187.77}],"scale":[{},{"time":0.1667,"y":0.222},{"time":0.3333},{"time":0.5,"y":0.222},{"time":0.6667},{"time":0.8333,"y":0.222},{"time":1},{"time":1.1667,"y":0.222},{"time":1.3333},{"time":1.5,"y":0.222},{"time":1.6667},{"time":1.8333,"y":0.222},{"time":2}]},"yt3":{"translate":[{"x":-57.93,"y":-220.84},{"time":0.1667,"x":-57.93,"y":-188.47},{"time":0.3333,"x":-57.93,"y":-220.84},{"time":0.5,"x":-57.93,"y":-188.47},{"time":0.6667,"x":-57.93,"y":-220.84},{"time":0.8333,"x":-57.93,"y":-188.47},{"time":1,"x":-57.93,"y":-220.84},{"time":1.1667,"x":-57.93,"y":-188.47},{"time":1.3333,"x":-57.93,"y":-220.84},{"time":1.5,"x":-57.93,"y":-188.47},{"time":1.6667,"x":-57.93,"y":-220.84},{"time":1.8333,"x":-57.93,"y":-188.47},{"time":2,"x":-57.93,"y":-220.84}],"scale":[{"y":0.222},{"time":0.1667},{"time":0.3333,"y":0.222},{"time":0.5},{"time":0.6667,"y":0.222},{"time":0.8333},{"time":1,"y":0.222},{"time":1.1667},{"time":1.3333,"y":0.222},{"time":1.5},{"time":1.6667,"y":0.222},{"time":1.8333},{"time":2,"y":0.222}]},"yt4":{"translate":[{"x":51.43,"y":-194.63},{"time":0.1667,"x":51.43,"y":-208.7},{"time":0.3,"x":51.43,"y":-194.63},{"time":0.4333,"x":51.43,"y":-208.7},{"time":0.6,"x":51.43,"y":-194.63},{"time":0.7333,"x":51.43,"y":-208.7},{"time":0.8667,"x":51.43,"y":-194.63},{"time":1,"x":51.43,"y":-208.7},{"time":1.1333,"x":51.43,"y":-194.63},{"time":1.3,"x":51.43,"y":-208.7},{"time":1.4333,"x":51.43,"y":-194.63},{"time":1.5667,"x":51.43,"y":-208.7},{"time":1.7,"x":51.43,"y":-194.63},{"time":1.8667,"x":51.43,"y":-208.7},{"time":2,"x":51.43,"y":-194.63}],"scale":[{"y":0.813},{"time":0.1667,"y":0.5},{"time":0.3,"y":0.813},{"time":0.4333,"y":0.5},{"time":0.6,"y":0.813},{"time":0.7333,"y":0.5},{"time":0.8667,"y":0.813},{"time":1,"y":0.5},{"time":1.1333,"y":0.813},{"time":1.3,"y":0.5},{"time":1.4333,"y":0.813},{"time":1.5667,"y":0.5},{"time":1.7,"y":0.813},{"time":1.8667,"y":0.5},{"time":2,"y":0.813}]},"yt5":{"translate":[{"x":69.27,"y":-200.21},{"time":0.1,"x":69.27,"y":-187.77},{"time":0.2667,"x":69.27,"y":-208.51},{"time":0.4333,"x":69.27,"y":-187.77},{"time":0.6,"x":69.27,"y":-208.51},{"time":0.7667,"x":69.27,"y":-187.77},{"time":0.9333,"x":69.27,"y":-208.51},{"time":1.1,"x":69.27,"y":-187.77},{"time":1.2667,"x":69.27,"y":-208.51},{"time":1.4333,"x":69.27,"y":-187.77},{"time":1.6,"x":69.27,"y":-208.51},{"time":1.7667,"x":69.27,"y":-187.77},{"time":1.9333,"x":69.27,"y":-208.51},{"time":2,"x":69.27,"y":-200.21}],"scale":[{"y":0.7},{"time":0.1},{"time":0.2667,"y":0.5},{"time":0.4333},{"time":0.6,"y":0.5},{"time":0.7667},{"time":0.9333,"y":0.5},{"time":1.1},{"time":1.2667,"y":0.5},{"time":1.4333},{"time":1.6,"y":0.5},{"time":1.7667},{"time":1.9333,"y":0.5},{"time":2,"y":0.7}]},"yt6":{"translate":[{"x":32.97,"y":-221.76},{"time":0.1333,"x":32.97,"y":-208.01},{"time":0.3,"x":32.97,"y":-221.76},{"time":0.4333,"x":32.97,"y":-208.01},{"time":0.6,"x":32.97,"y":-221.76},{"time":0.7333,"x":32.97,"y":-208.01},{"time":0.9,"x":32.97,"y":-221.76},{"time":1.0333,"x":32.97,"y":-208.01},{"time":1.1667,"x":32.97,"y":-221.76},{"time":1.3,"x":32.97,"y":-208.01},{"time":1.4333,"x":32.97,"y":-221.76},{"time":1.6,"x":32.97,"y":-208.01},{"time":1.7333,"x":32.97,"y":-221.76},{"time":1.8667,"x":32.97,"y":-208.01},{"time":2,"x":32.97,"y":-221.76}],"scale":[{"y":0.412},{"time":0.1333,"y":1.235},{"time":0.3,"y":0.412},{"time":0.4333,"y":1.235},{"time":0.6,"y":0.412},{"time":0.7333,"y":1.235},{"time":0.9,"y":0.412},{"time":1.0333,"y":1.235},{"time":1.1667,"y":0.412},{"time":1.3,"y":1.235},{"time":1.4333,"y":0.412},{"time":1.6,"y":1.235},{"time":1.7333,"y":0.412},{"time":1.8667,"y":1.235},{"time":2,"y":0.412}]},"yt7":{"translate":[{"x":14.19,"y":-223.79},{"time":0.1333,"x":14.19,"y":-227.07},{"time":0.3,"x":14.19,"y":-220.11},{"time":0.4667,"x":14.19,"y":-226.91},{"time":0.5667,"x":14.19,"y":-223.79},{"time":0.7,"x":14.19,"y":-227.07},{"time":0.8667,"x":14.19,"y":-220.11},{"time":1.0333,"x":14.19,"y":-226.91},{"time":1.1333,"x":14.19,"y":-223.79},{"time":1.2667,"x":14.19,"y":-227.07},{"time":1.4333,"x":14.19,"y":-220.11},{"time":1.6,"x":14.19,"y":-226.91},{"time":1.7,"x":14.19,"y":-223.79},{"time":1.8333,"x":14.19,"y":-218.07},{"time":2,"x":14.19,"y":-223.79}],"scale":[{"y":0.248},{"time":0.1333,"y":0.098},{"time":0.3,"y":0.483},{"time":0.4667,"y":0.112},{"time":0.5667,"y":0.248},{"time":0.7,"y":0.098},{"time":0.8667,"y":0.483},{"time":1.0333,"y":0.112},{"time":1.1333,"y":0.248},{"time":1.2667,"y":0.098},{"time":1.4333,"y":0.483},{"time":1.6,"y":0.112},{"time":1.7,"y":0.248},{"time":1.8333,"y":0.675},{"time":2,"y":0.248}]},"yt8":{"translate":[{"x":-3.99,"y":-216.28},{"time":0.1333,"x":-3.99,"y":-228.31},{"time":0.2667,"x":-3.99,"y":-216.28},{"time":0.4333,"x":-3.99,"y":-228.31},{"time":0.5667,"x":-3.99,"y":-216.28},{"time":0.7333,"x":-3.99,"y":-228.31},{"time":0.8667,"x":-3.99,"y":-216.28},{"time":1,"x":-3.99,"y":-228.31},{"time":1.1667,"x":-3.99,"y":-216.28},{"time":1.3,"x":-3.99,"y":-228.31},{"time":1.4333,"x":-3.99,"y":-216.28},{"time":1.6,"x":-3.99,"y":-228.31},{"time":1.7333,"x":-3.99,"y":-216.28},{"time":1.8667,"x":-3.99,"y":-228.31},{"time":2,"x":-3.99,"y":-216.28}],"scale":[{"y":0.769},{"time":0.1333,"y":0.142},{"time":0.2667,"y":0.769},{"time":0.4333,"y":0.142},{"time":0.5667,"y":0.769},{"time":0.7333,"y":0.142},{"time":0.8667,"y":0.769},{"time":1,"y":0.142},{"time":1.1667,"y":0.769},{"time":1.3,"y":0.142},{"time":1.4333,"y":0.769},{"time":1.6,"y":0.142},{"time":1.7333,"y":0.769},{"time":1.8667,"y":0.142},{"time":2,"y":0.769}]},"yt9":{"translate":[{"x":-21.96,"y":-225.51},{"time":0.1333,"x":-21.96,"y":-216.58},{"time":0.2667,"x":-21.96,"y":-225.51},{"time":0.4,"x":-21.96,"y":-216.58},{"time":0.5333,"x":-21.96,"y":-225.51},{"time":0.6667,"x":-21.96,"y":-216.58},{"time":0.8,"x":-21.96,"y":-225.51},{"time":0.9333,"x":-21.96,"y":-216.58},{"time":1.0667,"x":-21.96,"y":-225.51},{"time":1.2,"x":-21.96,"y":-216.58},{"time":1.3333,"x":-21.96,"y":-225.51},{"time":1.4667,"x":-21.96,"y":-216.58},{"time":1.6,"x":-21.96,"y":-225.51},{"time":1.7,"x":-21.96,"y":-216.58},{"time":1.8,"x":-21.96,"y":-225.51},{"time":1.9,"x":-21.96,"y":-216.58},{"time":2,"x":-21.96,"y":-225.51}],"scale":[{"y":0.26},{"time":0.1333,"y":0.845},{"time":0.2667,"y":0.26},{"time":0.4,"y":0.845},{"time":0.5333,"y":0.26},{"time":0.6667,"y":0.845},{"time":0.8,"y":0.26},{"time":0.9333,"y":0.845},{"time":1.0667,"y":0.26},{"time":1.2,"y":0.845},{"time":1.3333,"y":0.26},{"time":1.4667,"y":0.845},{"time":1.6,"y":0.26},{"time":1.7,"y":0.845},{"time":1.8,"y":0.26},{"time":1.9,"y":0.845},{"time":2,"y":0.26}]},"xxdd":{"rotate":[{},{"time":0.5,"angle":80,"curve":"stepped"},{"time":0.6667},{"time":1.2333,"angle":80,"curve":"stepped"},{"time":1.4667},{"time":1.9,"angle":80}],"translate":[{"x":-63.89,"y":-187.65,"curve":0,"c2":0.52,"c3":0.417},{"time":0.5,"x":-63.89,"y":111.49,"curve":"stepped"},{"time":0.6667,"x":23.08,"y":-197.72,"curve":0,"c2":0.57,"c3":0.48},{"time":1.2333,"x":23.08,"y":198.44,"curve":"stepped"},{"time":1.4667,"x":-95.09,"y":-32.66,"curve":0,"c2":0.45,"c3":0.539},{"time":1.9,"x":-95.09,"y":232.21}],"scale":[{"x":0.5,"y":0.5},{"time":0.5,"curve":"stepped"},{"time":0.6667,"x":0.5,"y":0.5},{"time":1.2333,"curve":"stepped"},{"time":1.4667,"x":0.2,"y":0.2},{"time":1.9,"x":0.7,"y":0.7}]},"xxdd2":{"rotate":[{"time":0.2},{"time":0.7,"angle":80,"curve":"stepped"},{"time":0.9667},{"time":1.5333,"angle":80}],"translate":[{"time":0.2,"x":-11.97,"y":-92.43,"curve":0,"c2":0.08,"c3":0.381},{"time":0.7,"x":-11.97,"y":225.59,"curve":"stepped"},{"time":0.9667,"x":-58.8,"y":-165.43,"curve":0,"c2":0.08,"c3":0.381},{"time":1.5333,"x":-58.8,"y":151.17}],"scale":[{"time":0.2,"x":0.1,"y":0.1},{"time":0.7,"x":0.5,"y":0.5,"curve":"stepped"},{"time":0.9667,"x":0.1,"y":0.1},{"time":1.5333,"x":0.4,"y":0.4}]}}},"xk":{"slots":{"kuangguan":{"color":[{"color":"00ffaa6c"}],"attachment":[{"name":"kuangguan"}]},"kuangguan2":{"color":[{"color":"ffffff81"},{"time":0.2,"color":"ffffffd4"},{"time":0.4333,"color":"ffffff81"}],"attachment":[{"name":"kuangguan"}]},"kuangguangx0001":{"attachment":[{"name":"kuangguangx0001"},{"time":0.0333,"name":"kuangguangx0003"},{"time":0.0667,"name":"kuangguangx0005"},{"time":0.1,"name":"kuangguangx0007"},{"time":0.1333,"name":"kuangguangx0009"},{"time":0.1667,"name":"kuangguangx0011"},{"time":0.2,"name":"kuangguangx0013"},{"time":0.2333,"name":"kuangguangx0015"},{"time":0.2667,"name":"kuangguangx0017"},{"time":0.3,"name":"kuangguangx0018"},{"time":0.3333,"name":"kuangguangx0019"},{"time":0.3667,"name":"kuangguangx0020"},{"time":0.4,"name":"kuangguangx0021"},{"time":0.4333,"name":"kuangguangx0022"}]}}}}}