{"skeleton":{"hash":"swqojetfrshx+kZV1F96Tcj1IsE","spine":"3.8.99","x":-950.49,"y":-376.24,"width":1900.98,"height":752.48},"bones":[{"name":"root","rotation":0.07},{"name":"zjkuang","parent":"root"}],"slots":[{"name":"zjkuang","bone":"zjkuang","attachment":"zjkuang","blend":"additive"}],"skins":[{"name":"default","attachments":{"zjkuang":{"zjkuang":{"type":"mesh","hull":11,"uvs":[1,1,0.76815,1,0.51196,1,0.24314,1,0,1,0,0.52287,0,0,0.23747,0,0.50629,0,0.75302,0,1,0],"triangles":[5,6,7,3,4,5,3,7,8,3,5,7,2,8,9,3,8,2,1,9,10,2,9,1,1,10,0],"vertices":[129,-65,69.18,-65,3.09,-65,-66.27,-65,-129,-65,-129,-2.5,-129,66,-67.73,66,1.62,66,65.28,66,129,66]}}}}],"animations":{"zj1":{"slots":{"zjkuang":{"color":[{"color":"ffffffff","curve":"stepped"},{"time":0.0667,"color":"ffffffa2","curve":"stepped"},{"time":0.1333,"color":"ffffffff","curve":"stepped"},{"time":0.2,"color":"ffffffa2","curve":"stepped"},{"time":0.2667,"color":"ffffffff","curve":"stepped"},{"time":0.3333,"color":"ffffffa2","curve":"stepped"},{"time":0.4,"color":"ffffffff","curve":"stepped"},{"time":0.4667,"color":"ffffffa2","curve":"stepped"},{"time":0.5333,"color":"ffffffff","curve":"stepped"},{"time":0.6,"color":"ffffffa2","curve":"stepped"},{"time":0.6667,"color":"ffffffff","curve":"stepped"},{"time":0.7333,"color":"ffffffa2","curve":"stepped"},{"time":0.8,"color":"ffffffff","curve":"stepped"},{"time":0.8667,"color":"ffffffa2","curve":"stepped"},{"time":0.9333,"color":"ffffffff","curve":"stepped"},{"time":1,"color":"ffffffa2","curve":"stepped"},{"time":1.0667,"color":"ffffffff"}]}},"bones":{"zjkuang":{"scale":[{"x":0.766,"y":0.871}]}},"deform":{"default":{"zjkuang":{"zjkuang":[{"offset":3,"vertices":[-3.33438,-0.00562,-6.16898,-0.82684,-12.23639,-0.83368,-9.89554,-0.02716,-35.64749,-0.02054,-48.69659,-0.01169,-24.09988,-0.00491,-10.94077,-0.00116,-3.33594]}]}}}},"zj2":{"slots":{"zjkuang":{"color":[{"color":"ffffffff","curve":"stepped"},{"time":0.0667,"color":"ffffffa2","curve":"stepped"},{"time":0.1333,"color":"ffffffff","curve":"stepped"},{"time":0.2,"color":"ffffffa2","curve":"stepped"},{"time":0.2667,"color":"ffffffff","curve":"stepped"},{"time":0.3333,"color":"ffffffa2","curve":"stepped"},{"time":0.4,"color":"ffffffff","curve":"stepped"},{"time":0.4667,"color":"ffffffa2","curve":"stepped"},{"time":0.5333,"color":"ffffffff","curve":"stepped"},{"time":0.6,"color":"ffffffa2","curve":"stepped"},{"time":0.6667,"color":"ffffffff","curve":"stepped"},{"time":0.7333,"color":"ffffffa2","curve":"stepped"},{"time":0.8,"color":"ffffffff","curve":"stepped"},{"time":0.8667,"color":"ffffffa2","curve":"stepped"},{"time":0.9333,"color":"ffffffff","curve":"stepped"},{"time":1,"color":"ffffffa2","curve":"stepped"},{"time":1.0667,"color":"ffffffff"}]}}},"zj3":{"slots":{"zjkuang":{"color":[{"color":"ffffffff","curve":"stepped"},{"time":0.0667,"color":"ffffffa2","curve":"stepped"},{"time":0.1333,"color":"ffffffff","curve":"stepped"},{"time":0.2,"color":"ffffffa2","curve":"stepped"},{"time":0.2667,"color":"ffffffff","curve":"stepped"},{"time":0.3333,"color":"ffffffa2","curve":"stepped"},{"time":0.4,"color":"ffffffff","curve":"stepped"},{"time":0.4667,"color":"ffffffa2","curve":"stepped"},{"time":0.5333,"color":"ffffffff","curve":"stepped"},{"time":0.6,"color":"ffffffa2","curve":"stepped"},{"time":0.6667,"color":"ffffffff","curve":"stepped"},{"time":0.7333,"color":"ffffffa2","curve":"stepped"},{"time":0.8,"color":"ffffffff","curve":"stepped"},{"time":0.8667,"color":"ffffffa2","curve":"stepped"},{"time":0.9333,"color":"ffffffff","curve":"stepped"},{"time":1,"color":"ffffffa2","curve":"stepped"},{"time":1.0667,"color":"ffffffff"}]}},"bones":{"zjkuang":{"scale":[{"x":-0.946}]}}},"zj4":{"slots":{"zjkuang":{"color":[{"color":"ffffffff","curve":"stepped"},{"time":0.0667,"color":"ffffffa2","curve":"stepped"},{"time":0.1333,"color":"ffffffff","curve":"stepped"},{"time":0.2,"color":"ffffffa2","curve":"stepped"},{"time":0.2667,"color":"ffffffff","curve":"stepped"},{"time":0.3333,"color":"ffffffa2","curve":"stepped"},{"time":0.4,"color":"ffffffff","curve":"stepped"},{"time":0.4667,"color":"ffffffa2","curve":"stepped"},{"time":0.5333,"color":"ffffffff","curve":"stepped"},{"time":0.6,"color":"ffffffa2","curve":"stepped"},{"time":0.6667,"color":"ffffffff","curve":"stepped"},{"time":0.7333,"color":"ffffffa2","curve":"stepped"},{"time":0.8,"color":"ffffffff","curve":"stepped"},{"time":0.8667,"color":"ffffffa2","curve":"stepped"},{"time":0.9333,"color":"ffffffff","curve":"stepped"},{"time":1,"color":"ffffffa2","curve":"stepped"},{"time":1.0667,"color":"ffffffff"}]}},"bones":{"zjkuang":{"scale":[{"x":-0.803,"y":0.889}]}},"deform":{"default":{"zjkuang":{"zjkuang":[{"offset":1,"vertices":[7.45874,-0.00241,6.51834,-0.00638,-0.0473,-0.01413,-6.74051,-0.02899,-7.70749,-0.02945,-24.12323,2.45926,-50.25336,-0.83994,-14.95593,-0.00677,-3.77991,-0.00226,3.5325,0.00006,8.95624]}]}}}}}}