{"skeleton":{"hash":"YnV2YBnjLBSSfF/9/vJnEKNnhQE","spine":"3.8.99","x":-1324.72,"y":-780.73,"width":2770.41,"height":1765.67},"bones":[{"name":"root"},{"name":"zren1","parent":"root"},{"name":"zren2","parent":"root"},{"name":"bj_gs5","parent":"root","length":128.88,"rotation":115.84,"x":757.84,"y":-284.08,"scaleX":2.1933,"scaleY":2.2344},{"name":"bj_gs6","parent":"root","length":128.88,"rotation":65.72,"x":-731.07,"y":-299.61,"scaleX":2.1933,"scaleY":2.2344},{"name":"bj_gs7","parent":"root","length":128.88,"rotation":70.3,"x":644.93,"y":-269.82,"scaleX":2.1933,"scaleY":2.2344},{"name":"bj_gs8","parent":"root","length":128.88,"rotation":103.86,"x":-625.13,"y":-250.35,"scaleX":2.1933,"scaleY":2.2344},{"name":"zren3","parent":"zren2","length":71.35,"rotation":125.18,"x":776.86,"y":-253.76},{"name":"zren4","parent":"zren3","length":72.28,"rotation":-55.29,"x":71.35},{"name":"zren5","parent":"zren4","length":44.56,"rotation":-2.6,"x":72.28},{"name":"zren6","parent":"zren1","length":52.8,"rotation":77.39,"x":774.79,"y":-125.55},{"name":"zren7","parent":"zren6","length":70.22,"rotation":22.62,"x":52.8},{"name":"bj_gs2","parent":"root","length":252.8,"rotation":87.01,"x":741.93,"y":-151.48},{"name":"bj_gs1","parent":"root","length":291.58,"rotation":124.2,"x":847.43,"y":-53.51},{"name":"bj_gs3","parent":"root","length":291.58,"rotation":57.77,"x":-830.69,"y":-71.51},{"name":"bj_gs4","parent":"root","length":252.8,"rotation":94.13,"x":-702.25,"y":-146.98},{"name":"zren8","parent":"root","scaleX":-1},{"name":"zren9","parent":"zren8","length":52.8,"rotation":77.39,"x":774.79,"y":-125.55},{"name":"zren10","parent":"zren9","length":70.22,"rotation":22.62,"x":52.8},{"name":"zren11","parent":"root","scaleX":-1},{"name":"zren12","parent":"zren11","length":71.35,"rotation":125.18,"x":776.86,"y":-253.76},{"name":"zren13","parent":"zren12","length":72.28,"rotation":-55.29,"x":71.35},{"name":"zren14","parent":"zren13","length":44.56,"rotation":-2.6,"x":72.28}],"slots":[{"name":"bj_gs4","bone":"bj_gs2","attachment":"bj_gs4"},{"name":"bj_gs11","bone":"bj_gs4","attachment":"bj_gs4"},{"name":"bj_gs9","bone":"bj_gs1","attachment":"bj_gs4"},{"name":"bj_gs10","bone":"bj_gs3","attachment":"bj_gs4"},{"name":"bj_ren5","bone":"zren1","attachment":"bj_ren5"},{"name":"bj_ren7","bone":"zren8","attachment":"bj_ren5"},{"name":"bj_ren6","bone":"zren2","attachment":"bj_ren6"},{"name":"bj_ren8","bone":"zren11","attachment":"bj_ren6"},{"name":"bj_gs5","bone":"bj_gs5","attachment":"bj_gs2","blend":"additive"},{"name":"bj_gs7","bone":"bj_gs7","attachment":"bj_gs2","blend":"additive"},{"name":"bj_gs6","bone":"bj_gs6","attachment":"bj_gs2","blend":"additive"},{"name":"bj_gs8","bone":"bj_gs8","attachment":"bj_gs2","blend":"additive"},{"name":"guangyun3","bone":"root","attachment":"guangyun","blend":"additive"},{"name":"guangyun4","bone":"root","attachment":"guangyun","blend":"additive"},{"name":"guangyun","bone":"root","blend":"additive"},{"name":"guangyun2","bone":"root","blend":"additive"}],"skins":[{"name":"default","attachments":{"bj_gs4":{"bj_gs4":{"x":376.13,"y":-19.67,"scaleX":1.1506,"scaleY":1.5019,"rotation":-87.01,"width":108,"height":508}},"bj_gs5":{"bj_gs2":{"x":278.79,"y":33.85,"scaleX":4,"scaleY":4,"rotation":-115.84,"width":82,"height":129}},"bj_gs6":{"bj_gs2":{"x":278.79,"y":33.85,"scaleX":4,"scaleY":4,"rotation":-115.84,"width":82,"height":129}},"bj_gs7":{"bj_gs2":{"x":278.79,"y":33.85,"scaleX":4,"scaleY":4,"rotation":-115.84,"width":82,"height":129}},"bj_gs8":{"bj_gs2":{"x":278.79,"y":33.85,"scaleX":4,"scaleY":4,"rotation":-115.84,"width":82,"height":129}},"bj_gs9":{"bj_gs4":{"x":373.47,"y":-20.82,"scaleX":1.321,"scaleY":1.5019,"rotation":-86.54,"width":108,"height":508}},"bj_gs10":{"bj_gs4":{"x":373.47,"y":-20.82,"scaleX":1.321,"scaleY":1.5019,"rotation":-86.54,"width":108,"height":508}},"bj_gs11":{"bj_gs4":{"x":376.13,"y":-19.67,"scaleX":1.1506,"scaleY":1.5019,"rotation":-87.01,"width":108,"height":508}},"bj_ren5":{"bj_ren5":{"type":"mesh","hull":12,"uvs":[0,1,0,0,0.72558,0.19378,0.78728,0.23441,0.78728,0.35628,0.82334,0.23755,0.74166,0,0.89957,0,0.95266,0.23238,0.90229,0.3989,1,0.67761,1,1],"triangles":[6,7,5,8,5,7,4,5,9,9,5,8,2,3,4,4,0,1,4,1,2,4,9,10,10,0,4,11,0,10],"vertices":[1,1,514.97,-374.53,1,1,1,514.97,33.47,1,1,1,739.9,-45.59,1,1,1,759.03,-62.17,1,2,1,759.03,-111.89,0.52,10,9.89,18.36,0.48,2,10,59.6,18.03,0.496,11,13.21,14.03,0.504,1,11,113.06,22.12,1,1,11,104.55,-26.09,1,2,10,70.41,-20.63,0.512,11,8.32,-25.82,0.488,2,1,794.68,-129.28,0.488,10,0.7,-20.23,0.512,1,1,824.97,-242.99,1,1,1,824.97,-374.53,1]}},"bj_ren6":{"bj_ren6":{"type":"mesh","hull":18,"uvs":[0.238,1,0.2697,0.71361,0,0.52729,0,0.4609,0,0.38595,0.08402,0.25959,0.10667,0.22533,0.19724,0.09041,0.4916,0.0433,0.54595,0.23604,0.57312,0.34097,0.61841,0.22961,0.55048,0.01331,0.68634,0,0.87654,0,1,0.35168,1,0.72003,1,1],"triangles":[1,2,10,10,2,3,10,3,4,4,5,10,5,6,9,5,9,10,9,6,7,9,7,8,0,1,17,17,1,16,16,1,10,16,10,15,15,10,11,14,15,11,11,13,14,13,11,12],"vertices":[1,2,759.88,-373.51,1,2,2,764.86,-278.42,0.528,7,-13.24,24.02,0.472,3,2,722.51,-216.57,0.18835,8,-24.39,5.17,0.128,7,61.71,22.99,0.68365,2,8,-3.69,12.75,0.512,7,79.73,10.29,0.488,2,8,19.68,21.3,0.84,7,100.07,-4.05,0.16,2,9,-9.73,22.92,0.216,8,63.61,23.34,0.784,2,9,2.14,24.04,0.52,8,75.51,23.91,0.48,1,9,48.95,28.22,1,1,9,81.22,-8.38,1,1,9,25.49,-40.95,1,1,9,-5,-58.34,1,1,2,819.6,-117.74,1,1,2,808.94,-45.93,1,1,2,830.27,-41.51,1,1,2,860.13,-41.51,1,1,2,879.51,-158.27,1,1,2,879.51,-280.56,1,1,2,879.51,-373.51,1]}},"bj_ren7":{"bj_ren5":{"type":"mesh","hull":12,"uvs":[0,1,0,0,0.72558,0.19378,0.78728,0.23441,0.78728,0.35628,0.82334,0.23755,0.74166,0,0.89957,0,0.95266,0.23238,0.90229,0.3989,1,0.67761,1,1],"triangles":[6,7,5,8,5,7,4,5,9,9,5,8,2,3,4,4,0,1,4,1,2,4,9,10,10,0,4,11,0,10],"vertices":[1,16,514.97,-374.53,1,1,16,514.97,33.47,1,1,16,739.9,-45.59,1,1,16,759.03,-62.17,1,2,16,759.03,-111.89,0.52,17,9.89,18.36,0.48,2,17,59.6,18.03,0.496,18,13.21,14.03,0.504,1,18,113.06,22.12,1,1,18,104.55,-26.09,1,2,17,70.41,-20.63,0.512,18,8.32,-25.82,0.488,2,16,794.68,-129.28,0.488,17,0.7,-20.23,0.512,1,16,824.97,-242.99,1,1,16,824.97,-374.53,1]}},"bj_ren8":{"bj_ren6":{"type":"mesh","hull":18,"uvs":[0.238,1,0.2697,0.71361,0,0.52729,0,0.4609,0,0.38595,0.08402,0.25959,0.10667,0.22533,0.19724,0.09041,0.4916,0.0433,0.54595,0.23604,0.57312,0.34097,0.61841,0.22961,0.55048,0.01331,0.68634,0,0.87654,0,1,0.35168,1,0.72003,1,1],"triangles":[1,2,10,10,2,3,10,3,4,4,5,10,5,6,9,5,9,10,9,6,7,9,7,8,0,1,17,17,1,16,16,1,10,16,10,15,15,10,11,14,15,11,11,13,14,13,11,12],"vertices":[1,19,759.88,-373.51,1,2,19,764.86,-278.42,0.528,20,-13.24,24.02,0.472,3,19,722.51,-216.57,0.18835,21,-24.39,5.17,0.128,20,61.71,22.99,0.68365,2,21,-3.69,12.75,0.512,20,79.73,10.29,0.488,2,21,19.68,21.3,0.84,20,100.07,-4.05,0.16,2,22,-9.73,22.92,0.216,21,63.61,23.34,0.784,2,22,2.14,24.04,0.52,21,75.51,23.91,0.48,1,22,48.95,28.22,1,1,22,81.22,-8.38,1,1,22,25.49,-40.95,1,1,22,-5,-58.34,1,1,19,819.6,-117.74,1,1,19,808.94,-45.93,1,1,19,830.27,-41.51,1,1,19,860.13,-41.51,1,1,19,879.51,-158.27,1,1,19,879.51,-280.56,1,1,19,879.51,-373.51,1]}},"guangyun":{"guangyun":{"x":656.66,"y":81.77,"scaleX":7.4523,"scaleY":6.1524,"width":128,"height":128}},"guangyun2":{"guangyun":{"x":-656.66,"y":81.77,"scaleX":7.4523,"scaleY":5.6426,"width":128,"height":128}},"guangyun3":{"guangyun":{"x":692.22,"y":53.15,"scaleX":8.986,"scaleY":13.0293,"width":128,"height":128}},"guangyun4":{"guangyun":{"x":-654.48,"y":53.15,"scaleX":8.986,"scaleY":13.0293,"width":128,"height":128}}}}],"animations":{"beijing1":{"slots":{"bj_gs4":{"color":[{"color":"ffffff4b"}]},"bj_gs5":{"attachment":[{"name":null}]},"bj_gs6":{"attachment":[{"name":null}]},"bj_gs7":{"attachment":[{"name":null}]},"bj_gs8":{"attachment":[{"name":null}]},"bj_gs9":{"color":[{"color":"ffffff5f"}]},"bj_gs10":{"color":[{"color":"ffffff5f"}]},"bj_gs11":{"color":[{"color":"ffffff4b"}]},"guangyun":{"color":[{"color":"ffffff00"},{"time":0.6667,"color":"00ccff41"},{"time":1.7667,"color":"ffffff00"},{"time":2.4,"color":"ff00cd40"},{"time":3.5,"color":"ffffff00"},{"time":4.1667,"color":"ff890040"},{"time":5.2667,"color":"ffffff00"},{"time":5.9,"color":"ff000040"},{"time":7,"color":"ffffff00"}],"attachment":[{"name":"guangyun"}]},"guangyun2":{"color":[{"color":"ffffff00"},{"time":0.6667,"color":"00ccff41"},{"time":1.7667,"color":"ffffff00"},{"time":2.4,"color":"ff00cd40"},{"time":3.5,"color":"ffffff00"},{"time":4.1667,"color":"ff890040"},{"time":5.2667,"color":"ffffff00"},{"time":5.9,"color":"ff000040"},{"time":7,"color":"ffffff00"}],"attachment":[{"name":"guangyun"}]},"guangyun3":{"attachment":[{"name":null}]},"guangyun4":{"attachment":[{"name":null}]}},"bones":{"zren1":{"translate":[{"x":-0.01,"y":-8.39},{"time":0.1667,"y":12},{"time":0.3333},{"time":0.5,"x":-0.01,"y":-8.39},{"time":0.6667,"y":12},{"time":0.8333},{"time":1,"x":-0.01,"y":-8.39},{"time":1.1667,"y":12},{"time":1.3333},{"time":1.5,"x":-0.01,"y":-8.39},{"time":1.6667,"y":12},{"time":1.8333},{"time":2,"x":-0.01,"y":-8.39},{"time":2.1667,"y":12},{"time":2.3333},{"time":2.5,"x":-0.01,"y":-8.39},{"time":2.6667,"y":12},{"time":2.8333},{"time":3,"x":-0.01,"y":-8.39},{"time":3.1667,"y":12},{"time":3.3333},{"time":3.5,"x":-0.01,"y":-8.39},{"time":3.6667,"y":12},{"time":3.8333},{"time":4,"x":-0.01,"y":-8.39},{"time":4.1667,"y":12},{"time":4.3333},{"time":4.5,"x":-0.01,"y":-8.39},{"time":4.6667,"y":12},{"time":4.8333},{"time":5,"x":-0.01,"y":-8.39},{"time":5.1667,"y":12},{"time":5.3333},{"time":5.5,"x":-0.01,"y":-8.39},{"time":5.6667,"y":12},{"time":5.8333},{"time":6,"x":-0.01,"y":-8.39},{"time":6.1667,"y":12},{"time":6.3333},{"time":6.5,"x":-0.01,"y":-8.39},{"time":6.6667,"y":12},{"time":6.8333},{"time":7,"x":-0.01,"y":-8.39}]},"zren2":{"translate":[{"x":-0.01,"y":-2.88},{"time":0.1333,"y":12},{"time":0.3},{"time":0.4667,"x":-0.01,"y":-8.39},{"time":0.6333,"y":12},{"time":0.8},{"time":0.9667,"x":-0.01,"y":-8.39},{"time":1.1333,"y":12},{"time":1.3},{"time":1.4667,"x":-0.01,"y":-8.39},{"time":1.6333,"y":12},{"time":1.8},{"time":1.9667,"x":-0.01,"y":-8.39},{"time":2.1333,"y":12},{"time":2.3},{"time":2.4667,"x":-0.01,"y":-8.39},{"time":2.6333,"y":12},{"time":2.8},{"time":2.9667,"x":-0.01,"y":-8.39},{"time":3.1333,"y":12},{"time":3.3},{"time":3.4667,"x":-0.01,"y":-8.39},{"time":3.6333,"y":12},{"time":3.8},{"time":3.9667,"x":-0.01,"y":-8.39},{"time":4.1333,"y":12},{"time":4.3},{"time":4.4667,"x":-0.01,"y":-8.39},{"time":4.6333,"y":12},{"time":4.8},{"time":4.9,"x":-0.01,"y":-8.39},{"time":5.0667,"y":12},{"time":5.2333},{"time":5.4,"x":-0.01,"y":-8.39},{"time":5.5667,"y":12},{"time":5.7333},{"time":5.9,"x":-0.01,"y":-8.39},{"time":6.0667,"y":12},{"time":6.2333},{"time":6.4,"x":-0.01,"y":-8.39},{"time":6.5667,"y":12},{"time":6.7333},{"time":6.8333,"x":-0.01,"y":-5.03},{"time":6.9,"x":-0.01,"y":-8.39,"curve":"stepped"},{"time":6.9667,"x":-0.01,"y":-8.39},{"time":7,"x":-0.01,"y":-2.88}]},"zren5":{"rotate":[{"angle":1.12},{"time":0.2333,"angle":8.95},{"time":0.4667},{"time":0.7333,"angle":8.95},{"time":0.9667},{"time":1.2333,"angle":8.95},{"time":1.4667},{"time":1.7333,"angle":8.95},{"time":1.9667},{"time":2.2333,"angle":8.95},{"time":2.4667},{"time":2.7333,"angle":8.95},{"time":2.9667},{"time":3.2333,"angle":8.95},{"time":3.4667},{"time":3.7333,"angle":8.95},{"time":3.9667},{"time":4.2333,"angle":8.95},{"time":4.4667},{"time":4.7333,"angle":8.95},{"time":4.9667},{"time":5.2333,"angle":8.95},{"time":5.4667},{"time":5.7333,"angle":8.95},{"time":5.9667},{"time":6.2333,"angle":8.95},{"time":6.4667},{"time":6.7333,"angle":8.95},{"time":6.8333,"angle":5.11},{"time":6.9667},{"time":7,"angle":1.12}]},"zren4":{"rotate":[{"angle":0.97},{"time":0.2,"angle":6.81},{"time":0.4667},{"time":0.7,"angle":6.81},{"time":0.9667},{"time":1.2,"angle":6.81},{"time":1.4667},{"time":1.7,"angle":6.81},{"time":1.9667},{"time":2.2,"angle":6.81},{"time":2.4667},{"time":2.7,"angle":6.81},{"time":2.9667},{"time":3.2,"angle":6.81},{"time":3.4667},{"time":3.7,"angle":6.81},{"time":3.9667},{"time":4.2,"angle":6.81},{"time":4.4667},{"time":4.7,"angle":6.81},{"time":4.9667},{"time":5.2,"angle":6.81},{"time":5.4667},{"time":5.7,"angle":6.81},{"time":5.9667},{"time":6.2,"angle":6.81},{"time":6.4667},{"time":6.7,"angle":6.81},{"time":6.8333,"angle":3.4},{"time":6.9667},{"time":7,"angle":0.97}]},"zren3":{"rotate":[{"angle":0.39},{"time":0.1667,"angle":2.36},{"time":0.4667},{"time":0.6667,"angle":2.36},{"time":0.9667},{"time":1.1667,"angle":2.36},{"time":1.4667},{"time":1.6667,"angle":2.36},{"time":1.9667},{"time":2.1667,"angle":2.36},{"time":2.4667},{"time":2.6667,"angle":2.36},{"time":2.9667},{"time":3.1667,"angle":2.36},{"time":3.4667},{"time":3.6667,"angle":2.36},{"time":3.9667},{"time":4.1667,"angle":2.36},{"time":4.4667},{"time":4.6667,"angle":2.36},{"time":4.9667},{"time":5.1667,"angle":2.36},{"time":5.4667},{"time":5.6667,"angle":2.36},{"time":5.9667},{"time":6.1667,"angle":2.36},{"time":6.4667},{"time":6.6667,"angle":2.36},{"time":6.8333,"angle":1.05},{"time":6.9667},{"time":7,"angle":0.39}]},"zren6":{"rotate":[{"angle":-11.22},{"time":0.2333,"angle":7.09},{"time":0.5,"angle":-11.22},{"time":0.7333,"angle":7.09},{"time":1,"angle":-11.22},{"time":1.2333,"angle":7.09},{"time":1.5,"angle":-11.22},{"time":1.7333,"angle":7.09},{"time":2,"angle":-11.22},{"time":2.2333,"angle":7.09},{"time":2.5,"angle":-11.22},{"time":2.7333,"angle":7.09},{"time":3,"angle":-11.22},{"time":3.2333,"angle":7.09},{"time":3.5,"angle":-11.22},{"time":3.7333,"angle":7.09},{"time":4,"angle":-11.22},{"time":4.2333,"angle":7.09},{"time":4.5,"angle":-11.22},{"time":4.7333,"angle":7.09},{"time":5,"angle":-11.22},{"time":5.2333,"angle":7.09},{"time":5.5,"angle":-11.22},{"time":5.7333,"angle":7.09},{"time":6,"angle":-11.22},{"time":6.2333,"angle":7.09},{"time":6.5,"angle":-11.22},{"time":6.7333,"angle":7.09},{"time":7,"angle":-11.22}]},"zren7":{"rotate":[{"angle":18.17},{"time":0.2333,"angle":-8.86},{"time":0.5,"angle":18.17},{"time":0.7333,"angle":-8.86},{"time":1,"angle":18.17},{"time":1.2333,"angle":-8.86},{"time":1.5,"angle":18.17},{"time":1.7333,"angle":-8.86},{"time":2,"angle":18.17},{"time":2.2333,"angle":-8.86},{"time":2.5,"angle":18.17},{"time":2.7333,"angle":-8.86},{"time":3,"angle":18.17},{"time":3.2333,"angle":-8.86},{"time":3.5,"angle":18.17},{"time":3.7333,"angle":-8.86},{"time":4,"angle":18.17},{"time":4.2333,"angle":-8.86},{"time":4.5,"angle":18.17},{"time":4.7333,"angle":-8.86},{"time":5,"angle":18.17},{"time":5.2333,"angle":-8.86},{"time":5.5,"angle":18.17},{"time":5.7333,"angle":-8.86},{"time":6,"angle":18.17},{"time":6.2333,"angle":-8.86},{"time":6.5,"angle":18.17},{"time":6.7333,"angle":-8.86},{"time":7,"angle":18.17}]},"bj_gs1":{"rotate":[{"curve":0.25,"c3":0.75},{"time":3.3333,"angle":7.19,"curve":0.25,"c3":0.75},{"time":7}]},"bj_gs2":{"rotate":[{"curve":0.25,"c3":0.75},{"time":3.3333,"angle":31.46,"curve":0.25,"c3":0.75},{"time":7}]},"bj_gs3":{"rotate":[{"curve":0.25,"c3":0.75},{"time":3.3333,"angle":-6.73,"curve":0.25,"c3":0.75},{"time":7}]},"bj_gs4":{"rotate":[{"curve":0.25,"c3":0.75},{"time":3.3333,"angle":-26.94,"curve":0.25,"c3":0.75},{"time":7}]},"zren10":{"rotate":[{"angle":18.17},{"time":0.2333,"angle":-8.86},{"time":0.5,"angle":18.17},{"time":0.7333,"angle":-8.86},{"time":1,"angle":18.17},{"time":1.2333,"angle":-8.86},{"time":1.5,"angle":18.17},{"time":1.7333,"angle":-8.86},{"time":2,"angle":18.17},{"time":2.2333,"angle":-8.86},{"time":2.5,"angle":18.17},{"time":2.7333,"angle":-8.86},{"time":3,"angle":18.17},{"time":3.2333,"angle":-8.86},{"time":3.5,"angle":18.17},{"time":3.7333,"angle":-8.86},{"time":4,"angle":18.17},{"time":4.2333,"angle":-8.86},{"time":4.5,"angle":18.17},{"time":4.7333,"angle":-8.86},{"time":5,"angle":18.17},{"time":5.2333,"angle":-8.86},{"time":5.5,"angle":18.17},{"time":5.7333,"angle":-8.86},{"time":6,"angle":18.17},{"time":6.2333,"angle":-8.86},{"time":6.5,"angle":18.17},{"time":6.7333,"angle":-8.86},{"time":7,"angle":18.17}]},"zren9":{"rotate":[{"angle":-11.22},{"time":0.2333,"angle":7.09},{"time":0.5,"angle":-11.22},{"time":0.7333,"angle":7.09},{"time":1,"angle":-11.22},{"time":1.2333,"angle":7.09},{"time":1.5,"angle":-11.22},{"time":1.7333,"angle":7.09},{"time":2,"angle":-11.22},{"time":2.2333,"angle":7.09},{"time":2.5,"angle":-11.22},{"time":2.7333,"angle":7.09},{"time":3,"angle":-11.22},{"time":3.2333,"angle":7.09},{"time":3.5,"angle":-11.22},{"time":3.7333,"angle":7.09},{"time":4,"angle":-11.22},{"time":4.2333,"angle":7.09},{"time":4.5,"angle":-11.22},{"time":4.7333,"angle":7.09},{"time":5,"angle":-11.22},{"time":5.2333,"angle":7.09},{"time":5.5,"angle":-11.22},{"time":5.7333,"angle":7.09},{"time":6,"angle":-11.22},{"time":6.2333,"angle":7.09},{"time":6.5,"angle":-11.22},{"time":6.7333,"angle":7.09},{"time":7,"angle":-11.22}]},"zren8":{"translate":[{"x":-0.01,"y":-8.39},{"time":0.1667,"y":12},{"time":0.3333},{"time":0.5,"x":-0.01,"y":-8.39},{"time":0.6667,"y":12},{"time":0.8333},{"time":1,"x":-0.01,"y":-8.39},{"time":1.1667,"y":12},{"time":1.3333},{"time":1.5,"x":-0.01,"y":-8.39},{"time":1.6667,"y":12},{"time":1.8333},{"time":2,"x":-0.01,"y":-8.39},{"time":2.1667,"y":12},{"time":2.3333},{"time":2.5,"x":-0.01,"y":-8.39},{"time":2.6667,"y":12},{"time":2.8333},{"time":3,"x":-0.01,"y":-8.39},{"time":3.1667,"y":12},{"time":3.3333},{"time":3.5,"x":-0.01,"y":-8.39},{"time":3.6667,"y":12},{"time":3.8333},{"time":4,"x":-0.01,"y":-8.39},{"time":4.1667,"y":12},{"time":4.3333},{"time":4.5,"x":-0.01,"y":-8.39},{"time":4.6667,"y":12},{"time":4.8333},{"time":5,"x":-0.01,"y":-8.39},{"time":5.1667,"y":12},{"time":5.3333},{"time":5.5,"x":-0.01,"y":-8.39},{"time":5.6667,"y":12},{"time":5.8333},{"time":6,"x":-0.01,"y":-8.39},{"time":6.1667,"y":12},{"time":6.3333},{"time":6.5,"x":-0.01,"y":-8.39},{"time":6.6667,"y":12},{"time":6.8333},{"time":7,"x":-0.01,"y":-8.39}]},"zren14":{"rotate":[{"angle":1.12},{"time":0.2333,"angle":8.95},{"time":0.4667},{"time":0.7333,"angle":8.95},{"time":0.9667},{"time":1.2333,"angle":8.95},{"time":1.4667},{"time":1.7333,"angle":8.95},{"time":1.9667},{"time":2.2333,"angle":8.95},{"time":2.4667},{"time":2.7333,"angle":8.95},{"time":2.9667},{"time":3.2333,"angle":8.95},{"time":3.4667},{"time":3.7333,"angle":8.95},{"time":3.9667},{"time":4.2333,"angle":8.95},{"time":4.4667},{"time":4.7333,"angle":8.95},{"time":4.9667},{"time":5.2333,"angle":8.95},{"time":5.4667},{"time":5.7333,"angle":8.95},{"time":5.9667},{"time":6.2333,"angle":8.95},{"time":6.4667},{"time":6.7333,"angle":8.95},{"time":6.8333,"angle":5.11},{"time":6.9667},{"time":7,"angle":1.12}]},"zren13":{"rotate":[{"angle":0.97},{"time":0.2,"angle":6.81},{"time":0.4667},{"time":0.7,"angle":6.81},{"time":0.9667},{"time":1.2,"angle":6.81},{"time":1.4667},{"time":1.7,"angle":6.81},{"time":1.9667},{"time":2.2,"angle":6.81},{"time":2.4667},{"time":2.7,"angle":6.81},{"time":2.9667},{"time":3.2,"angle":6.81},{"time":3.4667},{"time":3.7,"angle":6.81},{"time":3.9667},{"time":4.2,"angle":6.81},{"time":4.4667},{"time":4.7,"angle":6.81},{"time":4.9667},{"time":5.2,"angle":6.81},{"time":5.4667},{"time":5.7,"angle":6.81},{"time":5.9667},{"time":6.2,"angle":6.81},{"time":6.4667},{"time":6.7,"angle":6.81},{"time":6.8333,"angle":3.4},{"time":6.9667},{"time":7,"angle":0.97}]},"zren12":{"rotate":[{"angle":0.39},{"time":0.1667,"angle":2.36},{"time":0.4667},{"time":0.6667,"angle":2.36},{"time":0.9667},{"time":1.1667,"angle":2.36},{"time":1.4667},{"time":1.6667,"angle":2.36},{"time":1.9667},{"time":2.1667,"angle":2.36},{"time":2.4667},{"time":2.6667,"angle":2.36},{"time":2.9667},{"time":3.1667,"angle":2.36},{"time":3.4667},{"time":3.6667,"angle":2.36},{"time":3.9667},{"time":4.1667,"angle":2.36},{"time":4.4667},{"time":4.6667,"angle":2.36},{"time":4.9667},{"time":5.1667,"angle":2.36},{"time":5.4667},{"time":5.6667,"angle":2.36},{"time":5.9667},{"time":6.1667,"angle":2.36},{"time":6.4667},{"time":6.6667,"angle":2.36},{"time":6.8333,"angle":1.05},{"time":6.9667},{"time":7,"angle":0.39}]},"zren11":{"translate":[{"x":-0.01,"y":-2.88},{"time":0.1333,"y":12},{"time":0.3},{"time":0.4667,"x":-0.01,"y":-8.39},{"time":0.6333,"y":12},{"time":0.8},{"time":0.9667,"x":-0.01,"y":-8.39},{"time":1.1333,"y":12},{"time":1.3},{"time":1.4667,"x":-0.01,"y":-8.39},{"time":1.6333,"y":12},{"time":1.8},{"time":1.9667,"x":-0.01,"y":-8.39},{"time":2.1333,"y":12},{"time":2.3},{"time":2.4667,"x":-0.01,"y":-8.39},{"time":2.6333,"y":12},{"time":2.8},{"time":2.9667,"x":-0.01,"y":-8.39},{"time":3.1333,"y":12},{"time":3.3},{"time":3.4667,"x":-0.01,"y":-8.39},{"time":3.6333,"y":12},{"time":3.8},{"time":3.9667,"x":-0.01,"y":-8.39},{"time":4.1333,"y":12},{"time":4.3},{"time":4.4667,"x":-0.01,"y":-8.39},{"time":4.6333,"y":12},{"time":4.8},{"time":4.9,"x":-0.01,"y":-8.39},{"time":5.0667,"y":12},{"time":5.2333},{"time":5.4,"x":-0.01,"y":-8.39},{"time":5.5667,"y":12},{"time":5.7333},{"time":5.9,"x":-0.01,"y":-8.39},{"time":6.0667,"y":12},{"time":6.2333},{"time":6.4,"x":-0.01,"y":-8.39},{"time":6.5667,"y":12},{"time":6.7333},{"time":6.8333,"x":-0.01,"y":-5.03},{"time":6.9,"x":-0.01,"y":-8.39,"curve":"stepped"},{"time":6.9667,"x":-0.01,"y":-8.39},{"time":7,"x":-0.01,"y":-2.88}]}}},"beijing3":{"slots":{"bj_gs4":{"attachment":[{"name":null}]},"bj_gs5":{"color":[{"color":"ffffff00"},{"time":0.2,"color":"ff87caff","curve":"stepped"},{"time":1.3667,"color":"ff87caff"},{"time":1.6667,"color":"98ff7b00"}]},"bj_gs6":{"color":[{"color":"ffffff00"},{"time":0.2,"color":"ff87caff","curve":"stepped"},{"time":1.3667,"color":"ff87caff"},{"time":1.6667,"color":"98ff7b00"}]},"bj_gs7":{"color":[{"color":"ffffff00"},{"time":0.2,"color":"ff87caff","curve":"stepped"},{"time":1.3667,"color":"ff87caff"},{"time":1.6667,"color":"98ff7b00"}]},"bj_gs8":{"color":[{"color":"ffffff00"},{"time":0.2,"color":"ff87caff","curve":"stepped"},{"time":1.3667,"color":"ff87caff"},{"time":1.6667,"color":"98ff7b00"}]},"bj_gs9":{"attachment":[{"name":null}]},"bj_gs10":{"attachment":[{"name":null}]},"bj_gs11":{"attachment":[{"name":null}]},"bj_ren5":{"attachment":[{"name":null}]},"bj_ren6":{"attachment":[{"name":null}]},"bj_ren7":{"attachment":[{"name":null}]},"bj_ren8":{"attachment":[{"name":null}]},"guangyun3":{"color":[{"color":"ffffff00"},{"time":0.2,"color":"ff87caff","curve":"stepped"},{"time":1.4667,"color":"ff87caff"},{"time":2,"color":"ffffff00"}]},"guangyun4":{"color":[{"color":"ffffff00"},{"time":0.2,"color":"ff87caff","curve":"stepped"},{"time":1.4667,"color":"ff87caff"},{"time":2,"color":"ffffff00"}]}},"bones":{"bj_gs5":{"rotate":[{"angle":25.35,"curve":0.25,"c3":0.396},{"time":0.8333,"angle":-37.79,"curve":0.559,"c3":0.75},{"time":1.6667,"angle":25.35}]},"bj_gs7":{"rotate":[{"angle":-23.52,"curve":0.25,"c3":0.396},{"time":0.8333,"angle":30.08,"curve":0.559,"c3":0.75},{"time":1.6667,"angle":-23.52}]},"bj_gs6":{"rotate":[{"angle":-13.19},{"time":0.8333,"angle":13.64},{"time":1.6667,"angle":-13.19}]},"bj_gs8":{"rotate":[{"angle":14.28},{"time":0.8333,"angle":-22.13},{"time":1.6667,"angle":14.28}]}}}}}