{"skeleton":{"hash":"oIOfkFzUWARB9+eYuAmSGWsBsIg","spine":"3.8.99","x":-151.56,"y":-81.43,"width":299,"height":383},"bones":[{"name":"root"},{"name":"777","parent":"root"}],"slots":[{"name":"777-tw","bone":"777","attachment":"777/777-tw"}],"skins":[{"name":"default","attachments":{"777-tw":{"777/777-tw":{"x":-2.06,"y":110.07,"width":299,"height":383}}}}],"animations":{"777tw":{"slots":{"777-tw":{"color":[{"color":"ffffffff","curve":0.25,"c3":0.75},{"time":0.2667,"color":"ffffffcb","curve":0.25,"c3":0.75},{"time":0.8,"color":"ffffffff"},{"time":1.3333,"color":"ffffff00"}]}}}}}