{"skeleton":{"hash":"0n6LmczFscNBr9/+5VsVmwSrZrg","spine":"3.8.99","x":-829.04,"y":-574.89,"width":1984.57,"height":1119.16},"bones":[{"name":"root"},{"name":"deng1","parent":"root","length":76.15,"rotation":-54.93,"x":-626.62,"y":415.77,"scaleX":1.2364},{"name":"deng2","parent":"root","length":79.78,"rotation":-74.58,"x":-767.86,"y":414.03,"scaleX":1.1785,"scaleY":1.1647},{"name":"quandi","parent":"root","x":-11.59,"y":58.06},{"name":"quandi2","parent":"root","rotation":180,"x":-14.04,"y":58.06,"scaleX":0.8588,"scaleY":0.8588},{"name":"quan","parent":"root"},{"name":"quan1","parent":"root"},{"name":"deng3","parent":"root","length":76.15,"rotation":-127.73,"x":626.62,"y":415.77,"scaleX":1.2364},{"name":"deng4","parent":"root","length":79.78,"rotation":-104.83,"x":767.86,"y":414.03,"scaleX":1.1785,"scaleY":1.1647},{"name":"quan2","parent":"root"},{"name":"quan3","parent":"root"}],"slots":[{"name":"quandi","bone":"quandi","attachment":"quandi","blend":"additive"},{"name":"quandi2","bone":"quandi2","attachment":"quandi","blend":"additive"},{"name":"quan","bone":"quan","blend":"additive"},{"name":"quan2","bone":"quan2","blend":"additive"},{"name":"quan1","bone":"quan1","blend":"additive"},{"name":"quan3","bone":"quan3","blend":"additive"},{"name":"deng1","bone":"deng1","attachment":"deng1","blend":"additive"},{"name":"deng3","bone":"deng3","attachment":"deng1","blend":"additive"},{"name":"deng2","bone":"deng2","attachment":"deng2","blend":"additive"},{"name":"deng4","bone":"deng4","attachment":"deng2","blend":"additive"}],"skins":[{"name":"default","attachments":{"deng1":{"deng1":{"x":371.92,"y":-13.42,"scaleX":4,"scaleY":4,"rotation":54.93,"width":161,"height":158}},"deng2":{"deng2":{"x":402.93,"y":60.55,"scaleX":4,"scaleY":4,"rotation":74.58,"width":109,"height":188}},"deng3":{"deng1":{"x":371.92,"y":-13.42,"scaleX":4,"scaleY":4,"rotation":54.93,"width":161,"height":158}},"deng4":{"deng2":{"x":402.93,"y":60.55,"scaleX":4,"scaleY":4,"rotation":74.58,"width":109,"height":188}},"quan":{"quan":{"width":106,"height":106}},"quan1":{"quan1":{"scaleX":3.3542,"scaleY":3.3542,"width":256,"height":256}},"quan2":{"quan":{"width":106,"height":106}},"quan3":{"quan1":{"scaleX":3.3542,"scaleY":3.3542,"width":256,"height":256}},"quandi":{"quandi":{"scaleX":4,"scaleY":4,"width":164,"height":158}},"quandi2":{"quandi":{"scaleX":4,"scaleY":4,"width":164,"height":158}}}}],"animations":{"bj_cx":{"slots":{"deng1":{"color":[{"color":"ffffff00"},{"time":0.5,"color":"ffffffff"}]},"deng2":{"color":[{"color":"ffffff00"},{"time":0.5,"color":"ffffffff"}]},"deng3":{"color":[{"color":"ffffff00"},{"time":0.5,"color":"ffffffff"}]},"deng4":{"color":[{"color":"ffffff00"},{"time":0.5,"color":"ffffffff"}]},"quan":{"color":[{"color":"ffffff00"}],"attachment":[{"name":"quan"}]},"quan1":{"color":[{"color":"f8ff6b00"}],"attachment":[{"name":"quan1"}]},"quan2":{"color":[{"color":"ffffff00"}],"attachment":[{"name":"quan"}]},"quan3":{"color":[{"color":"f8ff6b00"}],"attachment":[{"name":"quan1"}]},"quandi":{"color":[{"color":"ffffff00"},{"time":0.3333,"color":"ffffff89"}]},"quandi2":{"color":[{"color":"ffffff00"},{"time":0.3333,"color":"ffffff89"}]}},"bones":{"deng1":{"rotate":[{"angle":4.26,"curve":0.25,"c3":0.75},{"time":0.8333,"angle":10.44}]},"deng2":{"rotate":[{"angle":3.89,"curve":0.25,"c3":0.75},{"time":0.8333,"angle":0.8}]},"quandi":{"rotate":[{"angle":77.64},{"time":0.8333}],"scale":[{"x":0,"y":0,"curve":0,"c2":0.91,"c3":0.75},{"time":0.3333}]},"quandi2":{"rotate":[{"angle":-20.33},{"time":0.8333}],"scale":[{"x":0,"y":0,"curve":0,"c2":0.93,"c3":0.75},{"time":0.3333}]},"quan":{"translate":[{"x":5.07,"y":52.96}],"scale":[{"x":6.964,"y":6.964}]},"quan1":{"translate":[{"x":-17.5,"y":47.42}],"scale":[{"x":0.697,"y":0.697}]},"deng3":{"rotate":[{"angle":6.3,"curve":0.25,"c3":0.684,"c4":0.99},{"time":0.8333,"angle":10.44}]},"deng4":{"rotate":[{"angle":-27.48,"curve":0.25,"c3":0.75},{"time":0.8333,"angle":-28.33}]},"quan2":{"translate":[{"x":5.07,"y":52.96}],"scale":[{"x":6.964,"y":6.964}]},"quan3":{"translate":[{"x":-17.5,"y":47.42}],"scale":[{"x":0.697,"y":0.697}]}}},"bj_cx2":{"slots":{"deng1":{"attachment":[{"name":null}]},"deng2":{"attachment":[{"name":null}]},"deng3":{"attachment":[{"name":null}]},"deng4":{"attachment":[{"name":null}]},"quan":{"color":[{"color":"ffffff00","curve":0.097,"c2":0.52,"c3":0.75},{"time":0.2,"color":"ffffff93","curve":0.212,"c2":0.55,"c3":0.483,"c4":0.98},{"time":0.5,"color":"ffffffd9","curve":0.25,"c3":0.906,"c4":0.56},{"time":1,"color":"ffffff00"}],"attachment":[{"name":"quan"}]},"quan1":{"color":[{"color":"f8ff6b00","curve":"stepped"},{"time":0.1,"color":"f8ff6b00","curve":0.159,"c2":0.3,"c3":0.759,"c4":0.97},{"time":0.2333,"color":"f5ff41ff","curve":0.108,"c2":0.31,"c3":0.75},{"time":1,"color":"f8ff6b00"}],"attachment":[{"name":"quan1"}]},"quan2":{"color":[{"color":"ffffff00","curve":"stepped"},{"time":0.1667,"color":"ffffff00","curve":0.097,"c2":0.52,"c3":0.75},{"time":0.3667,"color":"ffffff93","curve":0.212,"c2":0.55,"c3":0.483,"c4":0.98},{"time":0.6667,"color":"ffffffd8","curve":0.25,"c3":0.906,"c4":0.56},{"time":1.1667,"color":"ffffff00"}],"attachment":[{"name":"quan"}]},"quan3":{"color":[{"color":"f8ff6b00","curve":"stepped"},{"time":0.2667,"color":"f8ff6b00","curve":0.159,"c2":0.3,"c3":0.759,"c4":0.97},{"time":0.4,"color":"f6ff42ff","curve":0.108,"c2":0.31,"c3":0.75},{"time":1.1667,"color":"f8ff6b00"}],"attachment":[{"name":"quan1"}]},"quandi":{"attachment":[{"name":null}]},"quandi2":{"attachment":[{"name":null}]}},"bones":{"quan":{"translate":[{"x":5.07,"y":52.96}],"scale":[{"x":4,"y":4,"curve":0.061,"c2":0.3,"c3":0.408,"c4":0.98},{"time":1,"x":9.618,"y":9.618}]},"quan1":{"translate":[{"x":-14.77,"y":61.02}],"scale":[{"x":0.146,"y":0.146,"curve":0,"c2":0.8,"c3":0.613,"c4":0.94},{"time":1,"x":1.032,"y":1.032}]},"quan2":{"translate":[{"x":5.07,"y":52.96}],"scale":[{"x":4,"y":4,"curve":0.061,"c2":0.3,"c3":0.408,"c4":0.98},{"time":0.1667,"x":2.199,"y":2.199,"curve":0.061,"c2":0.3,"c3":0.408,"c4":0.98},{"time":1.1667,"x":7.817,"y":7.817}]},"quan3":{"translate":[{"x":-14.77,"y":61.02}],"scale":[{"x":0.146,"y":0.146,"curve":0,"c2":0.8,"c3":0.613,"c4":0.94},{"time":0.1667,"x":-0.047,"y":-0.047,"curve":0,"c2":0.8,"c3":0.613,"c4":0.94},{"time":1.1667,"x":0.839,"y":0.839}]}}},"bj_xh":{"slots":{"quan":{"color":[{"color":"ffffff00","curve":"stepped"},{"time":0.3333,"color":"ffffff00","curve":0.097,"c2":0.52,"c3":0.75},{"time":0.6667,"color":"ffffff93","curve":0.212,"c2":0.55,"c3":0.483,"c4":0.98},{"time":1.3667,"color":"ffffffd8","curve":0.25,"c3":0.906,"c4":0.56},{"time":1.8667,"color":"ffffff00","curve":"stepped"},{"time":2.5,"color":"ffffff00","curve":0.097,"c2":0.52,"c3":0.75},{"time":2.8333,"color":"ffffff93","curve":0.212,"c2":0.55,"c3":0.483,"c4":0.98},{"time":3.5333,"color":"ffffffd8","curve":0.25,"c3":0.906,"c4":0.56},{"time":4.0333,"color":"ffffff00","curve":"stepped"},{"time":4.6,"color":"ffffff00","curve":0.097,"c2":0.52,"c3":0.75},{"time":4.9333,"color":"ffffff93","curve":0.212,"c2":0.55,"c3":0.483,"c4":0.98},{"time":5.6333,"color":"ffffffd8","curve":0.25,"c3":0.906,"c4":0.56},{"time":6.1333,"color":"ffffff00"}],"attachment":[{"name":"quan"}]},"quan1":{"color":[{"color":"f8ff6b00","curve":"stepped"},{"time":0.3333,"color":"f8ff6b00"},{"time":0.6667,"color":"f8ff6bac","curve":"stepped"},{"time":1.1,"color":"f8ff6bac"},{"time":1.7333,"color":"f8ff6b00","curve":"stepped"},{"time":2.5,"color":"f8ff6b00"},{"time":2.8333,"color":"f8ff6bac","curve":"stepped"},{"time":3.2667,"color":"f8ff6bac"},{"time":3.9,"color":"f8ff6b00","curve":"stepped"},{"time":4.6,"color":"f8ff6b00"},{"time":4.9333,"color":"f8ff6bac","curve":"stepped"},{"time":5.3667,"color":"f8ff6bac"},{"time":6,"color":"f8ff6b00"}],"attachment":[{"name":"quan1"}]},"quandi":{"color":[{"color":"ffffff89"}]},"quandi2":{"color":[{"color":"ffffff89"}]}},"bones":{"deng1":{"rotate":[{"angle":10.44,"curve":0.25,"c3":0.75},{"time":3.3333,"angle":-12.74,"curve":0.25,"c3":0.75},{"time":6.6667,"angle":10.44}]},"deng2":{"rotate":[{"angle":0.8,"curve":0.25,"c3":0.75},{"time":3.3333,"angle":19.04,"curve":0.25,"c3":0.75},{"time":6.6667,"angle":0.8}]},"quandi":{"rotate":[{},{"time":1.6667,"angle":180},{"time":3.3333},{"time":5,"angle":180},{"time":6.6667}]},"quandi2":{"rotate":[{},{"time":1.1,"angle":120},{"time":2.2,"angle":-120},{"time":3.3333},{"time":4.4333,"angle":120},{"time":5.5333,"angle":-120},{"time":6.6667}]},"quan":{"translate":[{"x":-15.48,"y":65.81},{"time":0.3333,"x":5.07,"y":52.96}],"scale":[{"x":6.964,"y":6.964,"curve":"stepped"},{"time":0.3333,"x":6.964,"y":6.964,"curve":0.076,"c2":0.3,"c3":0.676,"c4":0.88},{"time":1.8667,"x":9.618,"y":9.618},{"time":2.5,"x":6.964,"y":6.964,"curve":0.076,"c2":0.3,"c3":0.676,"c4":0.88},{"time":4.0333,"x":9.618,"y":9.618},{"time":4.6,"x":6.964,"y":6.964,"curve":0.076,"c2":0.3,"c3":0.676,"c4":0.88},{"time":6.1333,"x":9.618,"y":9.618}]},"quan1":{"translate":[{"x":-17.5,"y":47.42}],"scale":[{"x":0.697,"y":0.697,"curve":"stepped"},{"time":0.3333,"x":0.697,"y":0.697,"curve":0,"c2":0.6,"c3":0.676,"c4":0.88},{"time":1.7333,"x":1.032,"y":1.032,"curve":0.359,"c2":0.41,"c3":0.694,"c4":0.74},{"time":2.5,"x":0.697,"y":0.697,"curve":0,"c2":0.6,"c3":0.676,"c4":0.88},{"time":3.9,"x":1.032,"y":1.032,"curve":0.359,"c2":0.41,"c3":0.694,"c4":0.74},{"time":4.6,"x":0.697,"y":0.697,"curve":0,"c2":0.6,"c3":0.676,"c4":0.88},{"time":6,"x":1.032,"y":1.032}]},"deng3":{"rotate":[{"angle":10.44,"curve":0.25,"c3":0.75},{"time":3.3333,"angle":-12.74,"curve":0.25,"c3":0.75},{"time":6.6667,"angle":10.44}]},"deng4":{"rotate":[{"angle":-28.33,"curve":0.25,"c3":0.75},{"time":3.3333,"angle":-3.64,"curve":0.25,"c3":0.75},{"time":6.6667,"angle":-28.33}]}}}}}