{"skeleton":{"hash":"II6Qrxk4/mrXOPh16NSO0wnL5MQ","spine":"3.8.99"},"bones":[{"name":"root"},{"name":"putao","parent":"root"},{"name":"3guo","parent":"root"},{"name":"guo2","parent":"3guo","length":33.64,"rotation":-79.16,"x":40.83,"y":54.47},{"name":"lingmeng","parent":"root"},{"name":"lingmeng01","parent":"lingmeng","length":43.77,"rotation":67.72,"x":4.21,"y":-62.86},{"name":"lingmeng02","parent":"lingmeng","length":48.31,"rotation":89.42,"x":-17.26,"y":-52.61},{"name":"lingmeng03","parent":"lingmeng02","length":38.48,"rotation":78.13,"x":97.59,"y":-46.84},{"name":"chengzi","parent":"root"},{"name":"chengzi02","parent":"chengzi","length":57.8,"rotation":90,"x":4.09,"y":-64.89},{"name":"chengzi01","parent":"chengzi02","length":42.34,"rotation":85.99,"x":116.34,"y":-6.67},{"name":"s","parent":"root"},{"name":"SCATTER71","parent":"s","x":1.21,"y":11.29},{"name":"SCATTERdi","parent":"s","x":0.34,"y":-29.81},{"name":"SCATTER72","parent":"SCATTER71","x":-0.2,"y":11.43},{"name":"SCATTER74","parent":"SCATTER71"},{"name":"SCATTER73","parent":"s","x":-37.47,"y":-1.06,"scaleX":0.7648,"scaleY":0.7648},{"name":"SCATTER75","parent":"SCATTER73","x":-0.2,"y":11.43},{"name":"SCATTER76","parent":"SCATTER73"},{"name":"SCATTER77","parent":"s","x":43.46,"y":-1.06,"scaleX":0.7648,"scaleY":0.7648},{"name":"SCATTER78","parent":"SCATTER77","x":-0.2,"y":11.43},{"name":"SCATTER79","parent":"SCATTER77"},{"name":"6wild","parent":"root"},{"name":"wild2","parent":"6wild"},{"name":"xx3","parent":"wild2","x":-27.53,"y":-47.81},{"name":"xx1","parent":"wild2","x":28.66,"y":40.74},{"name":"zi3","parent":"6wild","x":-49.44,"y":-2.72},{"name":"zi4","parent":"6wild","x":-8.41,"y":-2.21},{"name":"zi5","parent":"6wild","x":12.88,"y":-2.03},{"name":"zi6","parent":"6wild","x":56.66,"y":-2.44},{"name":"3yingtao","parent":"root"},{"name":"4yintao1","parent":"3yingtao","length":18.12,"rotation":-50.64,"x":-27.02,"y":57.43},{"name":"3yingtao2","parent":"3yingtao","length":27.19,"rotation":-19.46,"x":-18.33,"y":54.26},{"name":"3xing","parent":"root","x":8.3,"y":-7.23},{"name":"X","parent":"3xing","x":-8.3,"y":7.23},{"name":"3xigua","parent":"root"},{"name":"xg-2","parent":"3xigua","length":25.06,"rotation":77.6,"x":-38.9,"y":-47.48},{"name":"3xigua2","parent":"3xigua"},{"name":"3lingdang","parent":"root"},{"name":"7lingdang_3","parent":"3lingdang","length":37.14,"rotation":-121.9,"x":41.73,"y":49.47},{"name":"7lingdang_2","parent":"7lingdang_3","length":30.32,"rotation":21.39,"x":15.55,"y":-0.13},{"name":"3cash0","parent":"root"},{"name":"3cash","parent":"3cash0"},{"name":"zi1","parent":"3cash0","x":2.45,"y":30.36},{"name":"zi2","parent":"3cash0","x":4.17,"y":-8.34},{"name":"tiao","parent":"3cash0"},{"name":"glow","parent":"3cash0"},{"name":"glow2","parent":"3cash0"}],"slots":[{"name":"3cash0","bone":"root"},{"name":"putao","bone":"putao"},{"name":"guo2","bone":"guo2"},{"name":"guo1","bone":"3guo"},{"name":"lingmeng03","bone":"lingmeng03"},{"name":"lingmeng02","bone":"lingmeng02"},{"name":"lingmeng01","bone":"lingmeng01"},{"name":"chengzi02","bone":"chengzi02"},{"name":"chengzi01","bone":"chengzi01"},{"name":"SCATTER72","bone":"SCATTER73"},{"name":"SCATTER73","bone":"SCATTER77"},{"name":"SCATTER71_1","bone":"SCATTER76","blend":"additive"},{"name":"SCATTER71_28","bone":"SCATTER79","blend":"additive"},{"name":"SCATTER71_2","bone":"SCATTER76","blend":"additive"},{"name":"SCATTER71_29","bone":"SCATTER79","blend":"additive"},{"name":"SCATTER71_3","bone":"SCATTER76","blend":"additive"},{"name":"SCATTER71_30","bone":"SCATTER79","blend":"additive"},{"name":"SCATTER71_4","bone":"SCATTER76","blend":"additive"},{"name":"SCATTER71_31","bone":"SCATTER79","blend":"additive"},{"name":"SCATTER71_5","bone":"SCATTER76","blend":"additive"},{"name":"SCATTER71_32","bone":"SCATTER79","blend":"additive"},{"name":"SCATTER71_6","bone":"SCATTER76","blend":"additive"},{"name":"SCATTER71_33","bone":"SCATTER79","blend":"additive"},{"name":"SCATTER71_7","bone":"SCATTER76","blend":"additive"},{"name":"SCATTER71_34","bone":"SCATTER79","blend":"additive"},{"name":"SCATTER71_8","bone":"SCATTER76","blend":"additive"},{"name":"SCATTER71_35","bone":"SCATTER79","blend":"additive"},{"name":"SCATTER71_9","bone":"SCATTER76","blend":"additive"},{"name":"SCATTER71_36","bone":"SCATTER79","blend":"additive"},{"name":"SCATTER71_19","bone":"SCATTER76","blend":"additive"},{"name":"SCATTER71_37","bone":"SCATTER79","blend":"additive"},{"name":"SCATTER71_20","bone":"SCATTER76","blend":"additive"},{"name":"SCATTER71_38","bone":"SCATTER79","blend":"additive"},{"name":"SCATTER71_21","bone":"SCATTER76","blend":"additive"},{"name":"SCATTER71_39","bone":"SCATTER79","blend":"additive"},{"name":"SCATTER71_22","bone":"SCATTER76","blend":"additive"},{"name":"SCATTER71_40","bone":"SCATTER79","blend":"additive"},{"name":"SCATTER71_23","bone":"SCATTER76","blend":"additive"},{"name":"SCATTER71_41","bone":"SCATTER79","blend":"additive"},{"name":"SCATTER71_24","bone":"SCATTER76","blend":"additive"},{"name":"SCATTER71_42","bone":"SCATTER79","blend":"additive"},{"name":"SCATTER71_25","bone":"SCATTER76","blend":"additive"},{"name":"SCATTER71_43","bone":"SCATTER79","blend":"additive"},{"name":"SCATTER71_26","bone":"SCATTER76","blend":"additive"},{"name":"SCATTER71_44","bone":"SCATTER79","blend":"additive"},{"name":"SCATTER71_27","bone":"SCATTER76","blend":"additive"},{"name":"SCATTER71_45","bone":"SCATTER79","blend":"additive"},{"name":"SCATTER71","bone":"SCATTER71"},{"name":"SCATTERdi","bone":"SCATTERdi"},{"name":"SCATTERzi","bone":"SCATTERdi"},{"name":"SCATTERzi2","bone":"SCATTERdi","blend":"additive"},{"name":"SCATTER71_01","bone":"SCATTER74","blend":"additive"},{"name":"SCATTER71_02","bone":"SCATTER74","blend":"additive"},{"name":"SCATTER71_03","bone":"SCATTER74","blend":"additive"},{"name":"SCATTER71_04","bone":"SCATTER74","blend":"additive"},{"name":"SCATTER71_05","bone":"SCATTER74","blend":"additive"},{"name":"SCATTER71_06","bone":"SCATTER74","blend":"additive"},{"name":"SCATTER71_07","bone":"SCATTER74","blend":"additive"},{"name":"SCATTER71_08","bone":"SCATTER74","blend":"additive"},{"name":"SCATTER71_09","bone":"SCATTER74","blend":"additive"},{"name":"SCATTER71_10","bone":"SCATTER74","blend":"additive"},{"name":"SCATTER71_11","bone":"SCATTER74","blend":"additive"},{"name":"SCATTER71_12","bone":"SCATTER74","blend":"additive"},{"name":"SCATTER71_13","bone":"SCATTER74","blend":"additive"},{"name":"SCATTER71_14","bone":"SCATTER74","blend":"additive"},{"name":"SCATTER71_15","bone":"SCATTER74","blend":"additive"},{"name":"SCATTER71_16","bone":"SCATTER74","blend":"additive"},{"name":"SCATTER71_17","bone":"SCATTER74","blend":"additive"},{"name":"SCATTER71_18","bone":"SCATTER74","blend":"additive"},{"name":"di","bone":"wild2"},{"name":"di2","bone":"wild2","blend":"additive"},{"name":"kuang","bone":"wild2"},{"name":"kuang2","bone":"wild2","blend":"additive"},{"name":"xx2","bone":"xx1"},{"name":"xx1","bone":"xx1"},{"name":"xx3","bone":"xx3"},{"name":"zi1","bone":"zi3"},{"name":"zi5","bone":"zi3","blend":"additive"},{"name":"zi2","bone":"zi4"},{"name":"zi6","bone":"zi4","blend":"additive"},{"name":"zi3","bone":"zi5"},{"name":"zi7","bone":"zi5","blend":"additive"},{"name":"zi4","bone":"zi6"},{"name":"zi8","bone":"zi6","blend":"additive"},{"name":"gd2","bone":"zi4","blend":"additive"},{"name":"gd1","bone":"wild2","blend":"additive"},{"name":"yt-y2","bone":"4yintao1"},{"name":"yt-z","bone":"3yingtao"},{"name":"yt-y","bone":"4yintao1"},{"name":"yt-yz","bone":"3yingtao2"},{"name":"3xing","bone":"3xing"},{"name":"zsg/zs-g2","bone":"3xing","blend":"additive"},{"name":"zsg/zs-g9","bone":"3xing","blend":"additive"},{"name":"zsg/zs-g1","bone":"3xing","blend":"additive"},{"name":"xing","bone":"X","blend":"additive"},{"name":"xg-1","bone":"3xigua2"},{"name":"xg-3","bone":"3xigua2"},{"name":"xg-2","bone":"xg-2"},{"name":"ld-ld2","bone":"7lingdang_2"},{"name":"ld-di","bone":"7lingdang_3"},{"name":"ld-ld","bone":"7lingdang_2"},{"name":"ld-shang","bone":"7lingdang_3"},{"name":"2/gt01","bone":"glow","blend":"additive"},{"name":"2/gt1","bone":"glow2","blend":"additive"},{"name":"s-yuan","bone":"3cash"},{"name":"s-di","bone":"zi2"},{"name":"s-cash","bone":"zi2"},{"name":"s-cash2","bone":"zi2","blend":"additive"},{"name":"s-speedy","bone":"zi1"},{"name":"s-speedy2","bone":"zi1","blend":"additive"},{"name":"s-gd4","bone":"zi1","blend":"additive"},{"name":"s-gd2_0","bone":"zi2","blend":"additive"},{"name":"s-gd2","bone":"zi2","blend":"additive"},{"name":"s-gd1","bone":"zi1","blend":"additive"},{"name":"tiao","bone":"tiao","blend":"additive"}],"skins":[{"name":"default","attachments":{"2/gt01":{"2/gt01":{"x":0.5,"y":0.5,"width":255,"height":113},"2/gt02":{"x":0.5,"y":0.5,"width":255,"height":113},"2/gt03":{"x":0.5,"y":0.5,"width":255,"height":113},"2/gt04":{"x":0.5,"y":0.5,"width":255,"height":113},"2/gt05":{"x":0.5,"y":0.5,"width":255,"height":113},"2/gt06":{"x":0.5,"y":0.5,"width":255,"height":113},"2/gt07":{"x":0.5,"y":0.5,"width":255,"height":113},"2/gt08":{"x":0.5,"y":0.5,"width":255,"height":113}},"2/gt1":{"2/gt01":{"x":0.5,"y":0.5,"width":255,"height":113},"2/gt02":{"x":0.5,"y":0.5,"width":255,"height":113},"2/gt03":{"x":0.5,"y":0.5,"width":255,"height":113},"2/gt04":{"x":0.5,"y":0.5,"width":255,"height":113},"2/gt05":{"x":0.5,"y":0.5,"width":255,"height":113},"2/gt06":{"x":0.5,"y":0.5,"width":255,"height":113},"2/gt07":{"x":0.5,"y":0.5,"width":255,"height":113},"2/gt08":{"x":0.5,"y":0.5,"width":255,"height":113}},"3cash0":{"3cash0":{"type":"clipping","end":"3cash0","vertexCount":4,"vertices":[-101.1,80.79,-99.71,-67.65,103.22,-68.19,101.37,83]}},"3xing":{"qietu/3baoshi":{"type":"mesh","hull":10,"uvs":[0.56144,0.19612,0.64487,0.18107,0.85241,0.26261,0.9105,0.29588,0.72376,0.90524,0.14543,0.71832,0.15228,0.63786,0.21048,0.41707,0.26939,0.35685,0.39891,0.26851,0.29071,0.41033,0.4428,0.33432,0.5888,0.25059,0.6691,0.45799,0.39535,0.61516],"triangles":[12,0,1,11,9,0,11,0,12,10,8,9,10,9,11,7,8,10,2,12,1,13,12,2,11,12,13,14,10,11,14,11,13,6,7,10,14,6,10,3,4,13,3,13,2,14,13,4,5,6,14,4,5,14],"vertices":[2.76,58.89,17.78,61.45,57.01,50.38,64.83,44.61,31.98,-61.66,-72.12,-29.88,-70.89,-16.21,-60.57,21.03,-49.81,31.57,-26.49,46.58,-48.88,21.1,-25.55,33.07,2.62,46.08,12.08,7.03,-38.23,-17.95]}},"SCATTER71":{"SCATTER71":{"type":"mesh","hull":13,"uvs":[0.42047,0.63774,0.35467,0.57885,0.35388,0.46273,0.39853,0.38559,0.35702,0.39638,0.29122,0.36154,0.25597,0.28109,0.26302,0.11272,0.42832,0.09193,0.67643,0.1008,0.75376,0.22157,0.6803,0.39967,0.65271,0.63635,0.402,0.5593,0.57214,0.5593,0.578,0.43662,0.6748,0.22775,0.6462,0.15165,0.57434,0.17495,0.43574,0.13457,0.36607,0.16951,0.3052,0.24017,0.3228,0.32248,0.3712,0.33801,0.39907,0.25958,0.49,0.28055,0.47754,0.34267,0.40567,0.44827],"triangles":[8,18,19,8,9,18,20,7,8,20,8,19,9,17,18,17,9,10,16,17,10,21,7,20,6,7,21,6,21,22,5,6,22,3,23,26,4,22,23,4,23,3,5,22,4,11,16,10,11,25,16,11,15,25,27,3,26,27,2,3,13,2,27,1,2,13,11,14,15,12,14,11,0,13,14,1,13,0,0,14,12,24,20,19,21,20,24,25,19,18,24,19,25,22,21,24,23,22,24,26,24,25,23,24,26,18,16,25,16,18,17,26,25,15,27,26,15,14,27,15,13,27,14],"vertices":[1,12,-15.52,-34.7,1,1,12,-27.37,-24.69,1,1,12,-27.51,-4.95,1,1,12,-19.47,8.16,1,1,12,-26.94,6.33,1,1,12,-38.79,12.25,1,1,12,-45.13,25.93,1,1,12,-43.86,54.55,1,1,12,-14.11,58.09,1,1,12,30.55,56.58,1,1,12,44.47,36.05,1,1,12,31.25,5.77,1,1,12,26.28,-34.47,1,2,12,-18.85,-21.37,0.5,14,-18.65,-32.79,0.5,2,12,11.78,-21.37,0.5,14,11.98,-32.79,0.5,2,12,12.83,-0.51,0.5,14,13.03,-11.94,0.5,2,12,30.26,35,0.5,14,30.46,23.57,0.5,2,12,25.11,47.93,0.5,14,25.31,36.51,0.5,2,12,12.17,43.97,0.5,14,12.37,32.55,0.5,2,12,-12.77,50.84,0.5,14,-12.58,39.41,0.5,2,12,-25.31,44.9,0.5,14,-25.12,33.47,0.5,2,12,-36.27,32.88,0.5,14,-36.07,21.46,0.5,2,12,-33.1,18.89,0.5,14,-32.9,7.47,0.5,2,12,-24.39,16.25,0.5,14,-24.19,4.83,0.5,2,12,-19.37,29.58,0.5,14,-19.18,18.16,0.5,2,12,-3.01,26.02,0.5,14,-2.81,14.59,0.5,2,12,-5.25,15.46,0.5,14,-5.05,4.03,0.5,2,12,-18.19,-2.49,0.5,14,-17.99,-13.92,0.5]}},"SCATTER71_01":{"SCATTER71_01":{"x":-1.21,"y":-11.29,"width":180,"height":170}},"SCATTER71_1":{"SCATTER71_01":{"x":-1.21,"y":-11.29,"width":180,"height":170}},"SCATTER71_02":{"SCATTER71_02":{"x":-1.21,"y":-11.29,"width":180,"height":170}},"SCATTER71_2":{"SCATTER71_02":{"x":-1.21,"y":-11.29,"width":180,"height":170}},"SCATTER71_03":{"SCATTER71_03":{"x":-1.21,"y":-11.29,"width":180,"height":170}},"SCATTER71_3":{"SCATTER71_03":{"x":-1.21,"y":-11.29,"width":180,"height":170}},"SCATTER71_04":{"SCATTER71_04":{"x":-1.21,"y":-11.29,"width":180,"height":170}},"SCATTER71_4":{"SCATTER71_04":{"x":-1.21,"y":-11.29,"width":180,"height":170}},"SCATTER71_05":{"SCATTER71_05":{"x":-1.21,"y":-11.29,"width":180,"height":170}},"SCATTER71_5":{"SCATTER71_05":{"x":-1.21,"y":-11.29,"width":180,"height":170}},"SCATTER71_06":{"SCATTER71_06":{"x":-1.21,"y":-11.29,"width":180,"height":170}},"SCATTER71_6":{"SCATTER71_06":{"x":-1.21,"y":-11.29,"width":180,"height":170}},"SCATTER71_07":{"SCATTER71_07":{"x":-1.21,"y":-11.29,"width":180,"height":170}},"SCATTER71_7":{"SCATTER71_07":{"x":-1.21,"y":-11.29,"width":180,"height":170}},"SCATTER71_08":{"SCATTER71_08":{"x":-1.21,"y":-11.29,"width":180,"height":170}},"SCATTER71_8":{"SCATTER71_08":{"x":-1.21,"y":-11.29,"width":180,"height":170}},"SCATTER71_09":{"SCATTER71_09":{"x":-1.21,"y":-11.29,"width":180,"height":170}},"SCATTER71_9":{"SCATTER71_09":{"x":-1.21,"y":-11.29,"width":180,"height":170}},"SCATTER71_10":{"SCATTER71_10":{"x":-1.21,"y":-11.29,"width":180,"height":170}},"SCATTER71_11":{"SCATTER71_11":{"x":-1.21,"y":-11.29,"width":180,"height":170}},"SCATTER71_12":{"SCATTER71_12":{"x":-1.21,"y":-11.29,"width":180,"height":170}},"SCATTER71_13":{"SCATTER71_13":{"x":-1.21,"y":-11.29,"width":180,"height":170}},"SCATTER71_14":{"SCATTER71_14":{"x":-1.21,"y":-11.29,"width":180,"height":170}},"SCATTER71_15":{"SCATTER71_15":{"x":-1.21,"y":-11.29,"width":180,"height":170}},"SCATTER71_16":{"SCATTER71_16":{"x":-1.21,"y":-11.29,"width":180,"height":170}},"SCATTER71_17":{"SCATTER71_17":{"x":-1.21,"y":-11.29,"width":180,"height":170}},"SCATTER71_18":{"SCATTER71_18":{"x":-1.21,"y":-11.29,"width":180,"height":170}},"SCATTER71_19":{"SCATTER71_10":{"x":-1.21,"y":-11.29,"width":180,"height":170}},"SCATTER71_20":{"SCATTER71_11":{"x":-1.21,"y":-11.29,"width":180,"height":170}},"SCATTER71_21":{"SCATTER71_12":{"x":-1.21,"y":-11.29,"width":180,"height":170}},"SCATTER71_22":{"SCATTER71_13":{"x":-1.21,"y":-11.29,"width":180,"height":170}},"SCATTER71_23":{"SCATTER71_14":{"x":-1.21,"y":-11.29,"width":180,"height":170}},"SCATTER71_24":{"SCATTER71_15":{"x":-1.21,"y":-11.29,"width":180,"height":170}},"SCATTER71_25":{"SCATTER71_16":{"x":-1.21,"y":-11.29,"width":180,"height":170}},"SCATTER71_26":{"SCATTER71_17":{"x":-1.21,"y":-11.29,"width":180,"height":170}},"SCATTER71_27":{"SCATTER71_18":{"x":-1.21,"y":-11.29,"width":180,"height":170}},"SCATTER71_28":{"SCATTER71_01":{"x":-1.21,"y":-11.29,"width":180,"height":170}},"SCATTER71_29":{"SCATTER71_02":{"x":-1.21,"y":-11.29,"width":180,"height":170}},"SCATTER71_30":{"SCATTER71_03":{"x":-1.21,"y":-11.29,"width":180,"height":170}},"SCATTER71_31":{"SCATTER71_04":{"x":-1.21,"y":-11.29,"width":180,"height":170}},"SCATTER71_32":{"SCATTER71_05":{"x":-1.21,"y":-11.29,"width":180,"height":170}},"SCATTER71_33":{"SCATTER71_06":{"x":-1.21,"y":-11.29,"width":180,"height":170}},"SCATTER71_34":{"SCATTER71_07":{"x":-1.21,"y":-11.29,"width":180,"height":170}},"SCATTER71_35":{"SCATTER71_08":{"x":-1.21,"y":-11.29,"width":180,"height":170}},"SCATTER71_36":{"SCATTER71_09":{"x":-1.21,"y":-11.29,"width":180,"height":170}},"SCATTER71_37":{"SCATTER71_10":{"x":-1.21,"y":-11.29,"width":180,"height":170}},"SCATTER71_38":{"SCATTER71_11":{"x":-1.21,"y":-11.29,"width":180,"height":170}},"SCATTER71_39":{"SCATTER71_12":{"x":-1.21,"y":-11.29,"width":180,"height":170}},"SCATTER71_40":{"SCATTER71_13":{"x":-1.21,"y":-11.29,"width":180,"height":170}},"SCATTER71_41":{"SCATTER71_14":{"x":-1.21,"y":-11.29,"width":180,"height":170}},"SCATTER71_42":{"SCATTER71_15":{"x":-1.21,"y":-11.29,"width":180,"height":170}},"SCATTER71_43":{"SCATTER71_16":{"x":-1.21,"y":-11.29,"width":180,"height":170}},"SCATTER71_44":{"SCATTER71_17":{"x":-1.21,"y":-11.29,"width":180,"height":170}},"SCATTER71_45":{"SCATTER71_18":{"x":-1.21,"y":-11.29,"width":180,"height":170}},"SCATTER72":{"SCATTER71":{"type":"mesh","hull":13,"uvs":[0.42047,0.63774,0.35467,0.57885,0.35388,0.46273,0.39853,0.38559,0.35702,0.39638,0.29122,0.36154,0.25597,0.28109,0.26302,0.11272,0.42832,0.09193,0.67643,0.1008,0.75376,0.22157,0.6803,0.39967,0.65271,0.63635,0.402,0.5593,0.57214,0.5593,0.578,0.43662,0.6748,0.22775,0.6462,0.15165,0.57434,0.17495,0.43574,0.13457,0.36607,0.16951,0.3052,0.24017,0.3228,0.32248,0.3712,0.33801,0.39907,0.25958,0.49,0.28055,0.47754,0.34267,0.40567,0.44827],"triangles":[8,18,19,8,9,18,20,7,8,20,8,19,9,17,18,17,9,10,16,17,10,21,7,20,6,7,21,6,21,22,5,6,22,3,23,26,4,22,23,4,23,3,5,22,4,11,16,10,11,25,16,11,15,25,27,3,26,27,2,3,13,2,27,1,2,13,11,14,15,12,14,11,0,13,14,1,13,0,0,14,12,24,20,19,21,20,24,25,19,18,24,19,25,22,21,24,23,22,24,26,24,25,23,24,26,18,16,25,16,18,17,26,25,15,27,26,15,14,27,15,13,27,14],"vertices":[1,16,-15.52,-34.7,1,1,16,-27.37,-24.69,1,1,16,-27.51,-4.95,1,1,16,-19.47,8.16,1,1,16,-26.94,6.33,1,1,16,-38.79,12.25,1,1,16,-45.13,25.93,1,1,16,-43.86,54.55,1,1,16,-14.11,58.09,1,1,16,30.55,56.58,1,1,16,44.47,36.05,1,1,16,31.25,5.77,1,1,16,26.28,-34.47,1,2,16,-18.85,-21.37,0.5,17,-18.65,-32.79,0.5,2,16,11.78,-21.37,0.5,17,11.98,-32.79,0.5,2,16,12.83,-0.51,0.5,17,13.03,-11.94,0.5,2,16,30.26,35,0.5,17,30.46,23.57,0.5,2,16,25.11,47.93,0.5,17,25.31,36.51,0.5,2,16,12.17,43.97,0.5,17,12.37,32.55,0.5,2,16,-12.77,50.84,0.5,17,-12.58,39.41,0.5,2,16,-25.31,44.9,0.5,17,-25.12,33.47,0.5,2,16,-36.27,32.88,0.5,17,-36.07,21.46,0.5,2,16,-33.1,18.89,0.5,17,-32.9,7.47,0.5,2,16,-24.39,16.25,0.5,17,-24.19,4.83,0.5,2,16,-19.37,29.58,0.5,17,-19.18,18.16,0.5,2,16,-3.01,26.02,0.5,17,-2.81,14.59,0.5,2,16,-5.25,15.46,0.5,17,-5.05,4.03,0.5,2,16,-18.19,-2.49,0.5,17,-17.99,-13.92,0.5]}},"SCATTER73":{"SCATTER71":{"type":"mesh","hull":13,"uvs":[0.42047,0.63774,0.35467,0.57885,0.35388,0.46273,0.39853,0.38559,0.35702,0.39638,0.29122,0.36154,0.25597,0.28109,0.26302,0.11272,0.42832,0.09193,0.67643,0.1008,0.75376,0.22157,0.6803,0.39967,0.65271,0.63635,0.402,0.5593,0.57214,0.5593,0.578,0.43662,0.6748,0.22775,0.6462,0.15165,0.57434,0.17495,0.43574,0.13457,0.36607,0.16951,0.3052,0.24017,0.3228,0.32248,0.3712,0.33801,0.39907,0.25958,0.49,0.28055,0.47754,0.34267,0.40567,0.44827],"triangles":[8,18,19,8,9,18,20,7,8,20,8,19,9,17,18,17,9,10,16,17,10,21,7,20,6,7,21,6,21,22,5,6,22,3,23,26,4,22,23,4,23,3,5,22,4,11,16,10,11,25,16,11,15,25,27,3,26,27,2,3,13,2,27,1,2,13,11,14,15,12,14,11,0,13,14,1,13,0,0,14,12,24,20,19,21,20,24,25,19,18,24,19,25,22,21,24,23,22,24,26,24,25,23,24,26,18,16,25,16,18,17,26,25,15,27,26,15,14,27,15,13,27,14],"vertices":[1,19,-15.52,-34.7,1,1,19,-27.37,-24.69,1,1,19,-27.51,-4.95,1,1,19,-19.47,8.16,1,1,19,-26.94,6.33,1,1,19,-38.79,12.25,1,1,19,-45.13,25.93,1,1,19,-43.86,54.55,1,1,19,-14.11,58.09,1,1,19,30.55,56.58,1,1,19,44.47,36.05,1,1,19,31.25,5.77,1,1,19,26.28,-34.47,1,2,19,-18.85,-21.37,0.5,20,-18.65,-32.79,0.5,2,19,11.78,-21.37,0.5,20,11.98,-32.79,0.5,2,19,12.83,-0.51,0.5,20,13.03,-11.94,0.5,2,19,30.26,35,0.5,20,30.46,23.57,0.5,2,19,25.11,47.93,0.5,20,25.31,36.51,0.5,2,19,12.17,43.97,0.5,20,12.37,32.55,0.5,2,19,-12.77,50.84,0.5,20,-12.58,39.41,0.5,2,19,-25.31,44.9,0.5,20,-25.12,33.47,0.5,2,19,-36.27,32.88,0.5,20,-36.07,21.46,0.5,2,19,-33.1,18.89,0.5,20,-32.9,7.47,0.5,2,19,-24.39,16.25,0.5,20,-24.19,4.83,0.5,2,19,-19.37,29.58,0.5,20,-19.18,18.16,0.5,2,19,-3.01,26.02,0.5,20,-2.81,14.59,0.5,2,19,-5.25,15.46,0.5,20,-5.05,4.03,0.5,2,19,-18.19,-2.49,0.5,20,-17.99,-13.92,0.5]}},"SCATTERdi":{"SCATTERdi":{"x":-0.34,"y":29.81,"width":180,"height":170}},"SCATTERzi":{"SCATTERzi":{"x":-0.34,"y":29.81,"width":180,"height":170}},"SCATTERzi2":{"SCATTERzi":{"x":-0.34,"y":29.81,"width":180,"height":170}},"chengzi01":{"chengzi01":{"x":7.13,"y":52.08,"rotation":-175.99,"width":180,"height":170}},"chengzi02":{"chengzi02":{"x":64.89,"y":4.09,"rotation":-90,"width":180,"height":170}},"di":{"wild/di":{"x":-0.5,"y":-2.5,"width":149,"height":111}},"di2":{"wild/di":{"x":-0.5,"y":-2.5,"width":149,"height":111}},"gd1":{"wild/gd1":{"x":-30.5,"y":36,"width":21,"height":22}},"gd2":{"wild/gd2":{"x":10.41,"y":25.71,"width":22,"height":23}},"guo1":{"guo1":{"width":180,"height":170}},"guo2":{"guo2":{"x":45.82,"y":-50.34,"rotation":79.16,"width":180,"height":170}},"kuang":{"wild/kuang":{"x":-0.5,"y":-2,"width":145,"height":104}},"kuang2":{"wild/kuang":{"x":-0.5,"y":-2,"width":145,"height":104}},"ld-di":{"ld-di":{"x":64.05,"y":-9.28,"rotation":121.9,"width":180,"height":170}},"ld-ld":{"ld-ld":{"x":41.82,"y":-26.22,"rotation":100.51,"width":180,"height":170}},"ld-ld2":{"ld-ldyy":{"x":41.82,"y":-26.22,"rotation":100.51,"width":180,"height":170}},"ld-shang":{"ld-shang":{"x":64.05,"y":-9.28,"rotation":121.9,"width":180,"height":170}},"lingmeng01":{"lingmeng01":{"x":56.57,"y":27.72,"rotation":-67.72,"width":180,"height":170}},"lingmeng02":{"lingmeng02":{"x":52.78,"y":-16.73,"rotation":-89.42,"width":180,"height":170}},"lingmeng03":{"lingmeng03":{"x":20.25,"y":50.04,"rotation":-167.55,"width":180,"height":170}},"putao":{"putao":{"type":"mesh","hull":10,"uvs":[0.00504,1,0.5004,1,1,0.75374,1,0.38147,0.87855,0,0.29368,0,0,0.17563,0,0.3333,0.14515,0.60574,0,0.87199,0.34944,0.39098,0.59797,0.21544,0.3549,0.80613,0.67171,0.58551],"triangles":[11,5,4,10,7,6,5,10,6,11,4,3,11,10,5,13,11,3,10,11,13,8,7,10,13,3,2,12,10,13,8,10,12,9,8,12,0,9,12,1,12,13,1,13,2,0,12,1],"vertices":[-58.4,-69.02,0.55,-69.02,60,-35.28,60,15.72,45.55,67.98,-24.05,67.98,-59,43.92,-59,22.32,-41.73,-15.01,-59,-51.48,-17.42,14.42,12.16,38.47,-16.77,-42.46,20.93,-12.23]}},"s-cash":{"SPEED/s-cash":{"x":-4.45,"y":-4.16,"width":135,"height":41}},"s-cash2":{"SPEED/s-cash":{"x":-4.45,"y":-4.16,"width":135,"height":41}},"s-di":{"SPEED/s-di":{"x":0.09,"y":-1.74,"width":173,"height":76}},"s-gd1":{"SPEED/s-gd1":{"x":20.55,"y":-2.86,"width":126,"height":21}},"s-gd2":{"SPEED/s-gd2":{"x":73.55,"y":18.84,"width":21,"height":21}},"s-gd2_0":{"SPEED/s-gd2_0":{"x":-43.95,"y":-27.66,"width":48,"height":48}},"s-gd4":{"SPEED/s-gd4":{"x":0.55,"y":-15.36,"width":22,"height":22}},"s-speedy":{"SPEED/s-speedy":{"x":1.05,"y":0.14,"width":149,"height":31}},"s-speedy2":{"SPEED/s-speedy":{"x":1.05,"y":0.14,"width":149,"height":31}},"s-yuan":{"SPEED/s-yuan":{"x":0.95,"y":2.6,"width":144,"height":143}},"tiao":{"tiao":{"width":256,"height":128}},"xg-1":{"xg-1":{"width":180,"height":170}},"xg-2":{"xg-2":{"x":54.73,"y":-27.8,"rotation":-77.6,"width":180,"height":170}},"xg-3":{"xg-1g":{"width":180,"height":170}},"xing":{"X1":{"x":-0.45,"y":-0.63,"rotation":33.22,"width":97,"height":98}},"xx1":{"wild/xx1":{"x":-0.16,"y":0.26,"width":15,"height":14}},"xx2":{"wild/xx2":{"x":0.84,"y":-0.24,"width":49,"height":47}},"xx3":{"wild/xx3":{"x":-0.97,"y":-0.19,"width":39,"height":38}},"yt-y":{"yt-y":{"x":61.53,"y":-15.53,"rotation":50.64,"width":180,"height":170}},"yt-y2":{"yt-yy":{"x":61.53,"y":-15.53,"rotation":50.64,"width":180,"height":170}},"yt-yz":{"yt-yz":{"x":35.36,"y":-45.05,"rotation":19.46,"width":180,"height":170}},"yt-z":{"yt-z":{"width":180,"height":170}},"zi1":{"wild/zi1":{"x":2.44,"y":6.72,"width":72,"height":74}},"zi2":{"wild/zi2":{"x":-2.09,"y":-1.29,"width":39,"height":57}},"zi3":{"wild/zi3":{"x":3.62,"y":-1.97,"width":41,"height":56}},"zi4":{"wild/zi4":{"x":0.84,"y":2.44,"width":57,"height":72}},"zi5":{"wild/zi1":{"x":2.44,"y":6.72,"width":72,"height":74}},"zi6":{"wild/zi2":{"x":-2.09,"y":-1.29,"width":39,"height":57}},"zi7":{"wild/zi3":{"x":3.62,"y":-1.97,"width":41,"height":56}},"zi8":{"wild/zi4":{"x":0.84,"y":2.44,"width":57,"height":72}},"zsg/zs-g1":{"zsg/zs-g1":{"x":-8.3,"y":7.23,"width":180,"height":170}},"zsg/zs-g2":{"zsg/zs-g2":{"x":-8.3,"y":7.23,"width":180,"height":170},"zsg/zs-g3":{"x":-8.3,"y":7.23,"width":180,"height":170},"zsg/zs-g4":{"x":-8.3,"y":7.23,"width":180,"height":170},"zsg/zs-g5":{"x":-8.3,"y":7.23,"width":180,"height":170},"zsg/zs-g6":{"x":-8.3,"y":7.23,"width":180,"height":170},"zsg/zs-g7":{"x":-8.3,"y":7.23,"width":180,"height":170},"zsg/zs-g8":{"x":-8.3,"y":7.23,"width":180,"height":170}},"zsg/zs-g9":{"zsg/zs-g9":{"x":-8.3,"y":7.23,"width":180,"height":170},"zsg/zs-g10":{"x":-8.3,"y":7.23,"width":180,"height":170},"zsg/zs-g11":{"x":-8.3,"y":7.23,"width":180,"height":170}}}}],"animations":{"tu_cash":{"slots":{"2/gt01":{"color":[{"color":"ffffff00","curve":"stepped"},{"time":0.1333,"color":"ffffff00"},{"time":0.3,"color":"ffffffff","curve":"stepped"},{"time":0.7667,"color":"ffffffff"},{"time":0.9333,"color":"ffffff00"}],"attachment":[{"name":"2/gt01"},{"time":0.0333,"name":"2/gt02"},{"time":0.0667,"name":"2/gt03"},{"time":0.1,"name":"2/gt04"},{"time":0.1333,"name":"2/gt05"},{"time":0.1667,"name":"2/gt06"},{"time":0.2,"name":"2/gt07"},{"time":0.2333,"name":"2/gt08"},{"time":0.2667,"name":"2/gt01"},{"time":0.3,"name":"2/gt02"},{"time":0.3333,"name":"2/gt03"},{"time":0.3667,"name":"2/gt04"},{"time":0.4,"name":"2/gt05"},{"time":0.4333,"name":"2/gt06"},{"time":0.4667,"name":"2/gt07"},{"time":0.5,"name":"2/gt08"},{"time":0.5333,"name":"2/gt01"},{"time":0.5667,"name":"2/gt02"},{"time":0.6,"name":"2/gt03"},{"time":0.6333,"name":"2/gt04"},{"time":0.6667,"name":"2/gt05"},{"time":0.7,"name":"2/gt06"},{"time":0.7333,"name":"2/gt07"},{"time":0.7667,"name":"2/gt08"},{"time":0.8,"name":"2/gt01"},{"time":0.8333,"name":"2/gt02"},{"time":0.8667,"name":"2/gt03"},{"time":0.9,"name":"2/gt04"},{"time":0.9333,"name":"2/gt05"},{"time":0.9667,"name":"2/gt06"},{"time":1,"name":"2/gt07"}]},"2/gt1":{"color":[{"color":"ffffff00","curve":"stepped"},{"time":0.1333,"color":"ffffff00"},{"time":0.3,"color":"ffe14dff","curve":"stepped"},{"time":0.7667,"color":"ffe14dff"},{"time":0.9333,"color":"ffffff00"}],"attachment":[{"name":"2/gt01"},{"time":0.0333,"name":"2/gt02"},{"time":0.0667,"name":"2/gt03"},{"time":0.1,"name":"2/gt04"},{"time":0.1333,"name":"2/gt05"},{"time":0.1667,"name":"2/gt06"},{"time":0.2,"name":"2/gt07"},{"time":0.2333,"name":"2/gt08"},{"time":0.2667,"name":"2/gt01"},{"time":0.3,"name":"2/gt02"},{"time":0.3333,"name":"2/gt03"},{"time":0.3667,"name":"2/gt04"},{"time":0.4,"name":"2/gt05"},{"time":0.4333,"name":"2/gt06"},{"time":0.4667,"name":"2/gt07"},{"time":0.5,"name":"2/gt08"},{"time":0.5333,"name":"2/gt01"},{"time":0.5667,"name":"2/gt02"},{"time":0.6,"name":"2/gt03"},{"time":0.6333,"name":"2/gt04"},{"time":0.6667,"name":"2/gt05"},{"time":0.7,"name":"2/gt06"},{"time":0.7333,"name":"2/gt07"},{"time":0.7667,"name":"2/gt08"},{"time":0.8,"name":"2/gt01"},{"time":0.8333,"name":"2/gt02"},{"time":0.8667,"name":"2/gt03"},{"time":0.9,"name":"2/gt04"},{"time":0.9333,"name":"2/gt05"},{"time":0.9667,"name":"2/gt06"},{"time":1,"name":"2/gt07"}]},"3cash0":{"attachment":[{"name":"3cash0"}]},"s-cash":{"attachment":[{"name":"SPEED/s-cash"}]},"s-cash2":{"color":[{"color":"ffffff00","curve":"stepped"},{"time":0.0667,"color":"ffffff00","curve":0.049,"c2":0.33,"c3":0.691,"c4":0.95},{"time":0.2667,"color":"ffffffbc","curve":0.316,"c2":0.05,"c3":0.944,"c4":0.72},{"time":0.5333,"color":"ffffff00","curve":"stepped"},{"time":0.7,"color":"ffffff00","curve":0.049,"c2":0.33,"c3":0.691,"c4":0.95},{"time":0.8333,"color":"ffffffbc","curve":0.316,"c2":0.05,"c3":0.944,"c4":0.72},{"time":1,"color":"ffffff00"}],"attachment":[{"name":"SPEED/s-cash"}]},"s-di":{"attachment":[{"name":"SPEED/s-di"}]},"s-gd1":{"attachment":[{"name":"SPEED/s-gd1"}]},"s-gd2":{"attachment":[{"name":"SPEED/s-gd2"}]},"s-gd2_0":{"attachment":[{"name":"SPEED/s-gd2_0"}]},"s-gd4":{"attachment":[{"name":"SPEED/s-gd4"}]},"s-speedy":{"attachment":[{"name":"SPEED/s-speedy"}]},"s-speedy2":{"color":[{"color":"ffffff00","curve":"stepped"},{"time":0.0333,"color":"ffffff00","curve":0.049,"c2":0.33,"c3":0.691,"c4":0.95},{"time":0.2333,"color":"ffffffbc","curve":0.316,"c2":0.05,"c3":0.944,"c4":0.72},{"time":0.5,"color":"ffffff00","curve":"stepped"},{"time":0.7,"color":"ffffff00","curve":0.049,"c2":0.33,"c3":0.691,"c4":0.95},{"time":0.8333,"color":"ffffffbc","curve":0.316,"c2":0.05,"c3":0.944,"c4":0.72},{"time":1,"color":"ffffff00"}],"attachment":[{"name":"SPEED/s-speedy"}]},"s-yuan":{"attachment":[{"name":"SPEED/s-yuan"}]},"tiao":{"color":[{"time":0.7333,"color":"ffffff00","curve":0.052,"c2":0.5,"c3":0.549,"c4":0.92},{"time":0.8,"color":"ffffffff","curve":"stepped"},{"time":0.9333,"color":"ffffffff","curve":0.378,"c2":0.07,"c3":0.927,"c4":0.54},{"time":1,"color":"ffffff00"}],"attachment":[{"time":0.7333,"name":"tiao"}]}},"bones":{"glow":{"translate":[{"y":-3.29}],"scale":[{"y":1.913}]},"glow2":{"translate":[{"y":34.17}],"scale":[{"y":0.708}]},"zi2":{"translate":[{},{"time":0.2333,"x":-13.23},{"time":0.3667,"x":243.49,"curve":"stepped"},{"time":0.4,"x":-206.63},{"time":0.5667,"x":222.72,"curve":"stepped"},{"time":0.6,"x":-206.63},{"time":0.7667,"x":12.78},{"time":1}]},"zi1":{"translate":[{},{"time":0.2,"x":-13.23},{"time":0.3333,"x":243.49,"curve":"stepped"},{"time":0.3667,"x":-206.63},{"time":0.5333,"x":222.72,"curve":"stepped"},{"time":0.5667,"x":-206.63},{"time":0.7333,"x":11.14},{"time":1}]},"3cash":{"translate":[{},{"time":0.1667,"x":-13.23},{"time":0.3,"x":243.49,"curve":"stepped"},{"time":0.3333,"x":-206.63},{"time":0.5,"x":222.72,"curve":"stepped"},{"time":0.5333,"x":-206.63},{"time":0.7,"x":9.49},{"time":1}]},"tiao":{"translate":[{"time":0.7333,"x":-45.95,"y":-30.45,"curve":0.226,"c2":0.35,"c3":0.667,"c4":0.94},{"time":1,"x":54.08,"y":-28.43}],"scale":[{"time":0.7333,"x":0.113,"y":0.15},{"time":0.7667,"x":0.577,"y":0.764,"curve":"stepped"},{"time":0.9667,"x":0.577,"y":0.764},{"time":1,"x":0.113,"y":0.15}]}}},"tu_cash2":{"slots":{"s-cash":{"attachment":[{"name":"SPEED/s-cash"}]},"s-cash2":{"color":[{"color":"ffffff00","curve":"stepped"},{"time":0.0333,"color":"ffffff00","curve":0.049,"c2":0.33,"c3":0.691,"c4":0.95},{"time":0.2333,"color":"ffffff59","curve":0.316,"c2":0.05,"c3":0.944,"c4":0.72},{"time":0.5,"color":"ffffff00","curve":"stepped"},{"time":0.5333,"color":"ffffff00","curve":0.049,"c2":0.33,"c3":0.691,"c4":0.95},{"time":0.6667,"color":"ffffff72","curve":0.316,"c2":0.05,"c3":0.944,"c4":0.72},{"time":0.8333,"color":"ffffff00"}],"attachment":[{"name":"SPEED/s-cash"}]},"s-di":{"attachment":[{"name":"SPEED/s-di"}]},"s-gd1":{"attachment":[{"name":"SPEED/s-gd1"}]},"s-gd2":{"attachment":[{"name":"SPEED/s-gd2"}]},"s-gd2_0":{"attachment":[{"name":"SPEED/s-gd2_0"}]},"s-speedy":{"attachment":[{"name":"SPEED/s-speedy"}]},"s-speedy2":{"color":[{"color":"ffffff00","curve":"stepped"},{"time":0.0333,"color":"ffffff00","curve":0.049,"c2":0.33,"c3":0.691,"c4":0.95},{"time":0.2333,"color":"ffffff59","curve":0.316,"c2":0.05,"c3":0.944,"c4":0.72},{"time":0.4667,"color":"ffffff00","curve":"stepped"},{"time":0.5333,"color":"ffffff00","curve":0.049,"c2":0.33,"c3":0.691,"c4":0.95},{"time":0.6667,"color":"ffffff72","curve":0.316,"c2":0.05,"c3":0.944,"c4":0.72},{"time":0.8333,"color":"ffffff00"}],"attachment":[{"name":"SPEED/s-speedy"}]},"s-yuan":{"attachment":[{"name":"SPEED/s-yuan"}]},"tiao":{"color":[{"color":"ffffff00","curve":0.052,"c2":0.5,"c3":0.549,"c4":0.92},{"time":0.2667,"color":"ffffffff","curve":"stepped"},{"time":0.3667,"color":"ffffffff","curve":0.378,"c2":0.07,"c3":0.927,"c4":0.54},{"time":0.6667,"color":"ffffff00"}],"attachment":[{"name":"tiao"}]}},"bones":{"zi2":{"scale":[{"curve":0.958,"c2":0.01,"c3":0.967,"c4":0.75},{"time":0.0667,"x":0.98,"y":0.98,"curve":0.033,"c2":0.31,"c3":0.242},{"time":0.2333,"x":1.2,"y":1.2,"curve":0.501,"c2":0.12,"c3":0.934,"c4":0.72},{"time":0.5,"x":0.96,"y":0.96},{"time":0.6667,"x":1.02,"y":1.02,"curve":0.244,"c2":0.23,"c3":0.75},{"time":0.8333}]},"zi1":{"scale":[{"curve":0.12,"c2":0.6,"c3":0.681,"c4":0.96},{"time":0.1,"x":1.3,"y":1.3,"curve":0.501,"c2":0.12,"c3":0.934,"c4":0.72},{"time":0.4333},{"time":0.5667,"x":0.97,"y":0.97},{"time":0.7,"x":1.01,"y":1.01},{"time":0.8333}]},"tiao":{"translate":[{"x":-81.09,"y":-30.18,"curve":0.43,"c2":0.01,"c3":0},{"time":0.6667,"x":60.11,"y":-31.04}],"scale":[{"x":0.113,"y":0.15},{"time":0.2667,"x":0.555,"y":0.735,"curve":"stepped"},{"time":0.3333,"x":0.555,"y":0.735},{"time":0.6667,"x":0.113,"y":0.15}]},"3cash0":{"scale":[{"curve":0.736,"c2":0.1,"c4":0.37},{"time":0.0667,"x":1.3,"y":1.3},{"time":0.2333,"x":1.35,"y":1.35,"curve":0.933,"c3":0.75},{"time":0.4667,"x":0.98,"y":0.98},{"time":0.6333,"x":1.01,"y":1.01},{"time":0.8333}]}}},"tu_guo":{"slots":{"guo1":{"attachment":[{"name":"guo1"}]},"guo2":{"attachment":[{"name":"guo2"}]}},"bones":{"3guo":{"rotate":[{},{"time":0.2333,"angle":-17.1},{"time":0.5,"angle":5.24},{"time":0.8,"angle":-8.55},{"time":1}],"translate":[{},{"time":0.2333,"x":19.76,"y":-3.95},{"time":0.5,"x":-7.9,"y":1.98},{"time":0.8,"x":9.88,"y":-1.98},{"time":1}],"scale":[{"curve":0.156,"c2":0.31,"c3":0.757,"c4":0.95},{"time":0.4,"x":1.1,"y":1.1,"curve":0.253,"c2":0.03,"c3":0.91,"c4":0.79},{"time":1}]},"guo2":{"rotate":[{},{"time":0.1,"angle":-2.24},{"time":0.3667,"angle":10.03},{"time":0.6333,"angle":-1.66},{"time":0.8,"angle":2.88},{"time":1}]}}},"tu_juzi":{"slots":{"chengzi01":{"attachment":[{"name":"chengzi01"}]},"chengzi02":{"attachment":[{"name":"chengzi02"}]}},"bones":{"chengzi02":{"rotate":[{},{"time":0.1,"angle":-4.26,"curve":0.163,"c2":0.45,"c3":0.75},{"time":0.2667,"angle":1.56,"curve":0.25,"c3":0.885,"c4":0.67},{"time":0.4333,"curve":0.142,"c2":0.41,"c3":0.75},{"time":0.5667,"angle":0.36,"curve":0.25,"c3":0.896,"c4":0.69},{"time":0.7}],"translate":[{"time":0.1,"curve":0.163,"c2":0.45,"c3":0.75},{"time":0.2667,"y":22.31,"curve":0.25,"c3":0.885,"c4":0.67},{"time":0.4333,"curve":0.142,"c2":0.41,"c3":0.75},{"time":0.5667,"y":8.62,"curve":0.25,"c3":0.896,"c4":0.69},{"time":0.7,"curve":0.142,"c2":0.41,"c3":0.75},{"time":0.8333,"y":2.65,"curve":0.25,"c3":0.875,"c4":0.7},{"time":1}],"scale":[{},{"time":0.1,"x":0.936,"y":1.105,"curve":0.163,"c2":0.45,"c3":0.75},{"time":0.2667,"x":1.1,"y":0.96,"curve":0.663,"c3":0.885,"c4":0.67},{"time":0.4333,"x":0.96,"y":1.08,"curve":0.142,"c2":0.41,"c3":0.75},{"time":0.5667,"x":1.044,"y":0.98,"curve":0.59,"c3":0.896,"c4":0.69},{"time":0.7,"x":0.98,"y":1.02,"curve":0.142,"c2":0.41,"c3":0.75},{"time":0.8333,"x":1.01,"y":0.98,"curve":0.25,"c3":0.875,"c4":0.7},{"time":1}]},"chengzi01":{"rotate":[{},{"time":0.1,"angle":-8.8},{"time":0.2333,"angle":12.43},{"time":0.4333,"angle":-17.3},{"time":0.5,"angle":6.38},{"time":0.6667,"angle":-13.98},{"time":0.7667,"angle":0.24},{"time":0.8667,"angle":5.61},{"time":1}]}}},"tu_lingdang":{"slots":{"ld-di":{"attachment":[{"name":"ld-di"}]},"ld-ld":{"attachment":[{"name":"ld-ld"}]},"ld-ld2":{"attachment":[{"name":"ld-ldyy"}]},"ld-shang":{"attachment":[{"name":"ld-shang"}]}},"bones":{"7lingdang_3":{"rotate":[{"curve":0.25,"c3":0.75},{"time":0.1333,"angle":27.49,"curve":0.25,"c3":0.75},{"time":0.3333,"angle":-17.32,"curve":0.384,"c2":-0.08,"c3":0.75},{"time":0.6,"angle":9.9,"curve":0.25,"c3":0.75},{"time":0.8333,"angle":-3.84},{"time":1}]},"7lingdang_2":{"rotate":[{"curve":0.25,"c3":0.75},{"time":0.1,"angle":5.27,"curve":0.804,"c3":0.625,"c4":0.5},{"time":0.4,"angle":-17.83,"curve":0.76,"c4":0.78},{"time":0.6667,"angle":6.09,"curve":0.25,"c3":0.75},{"time":0.9,"angle":-2.2},{"time":1}]},"3lingdang":{"scale":[{"curve":0.177,"c2":0.59,"c3":0.75},{"time":0.0667,"x":1.15,"y":1.15,"curve":0.25,"c3":0.899,"c4":0.47},{"time":0.5333,"x":1.16,"y":1.16,"curve":0.25,"c3":0.383,"c4":1.09},{"time":0.7333,"x":0.98,"y":0.98,"curve":0.027,"c2":0.25,"c3":0.75},{"time":1}]}}},"tu_lingneng":{"slots":{"lingmeng01":{"attachment":[{"name":"lingmeng01"}]},"lingmeng02":{"attachment":[{"name":"lingmeng02"}]},"lingmeng03":{"attachment":[{"name":"lingmeng03"}]}},"bones":{"lingmeng01":{"rotate":[{"time":0.0667},{"time":0.2,"angle":9.12,"curve":0.101,"c2":0.37,"c3":0.75},{"time":0.3667,"angle":17.18,"curve":0.25,"c3":0.924,"c4":0.72},{"time":0.5333,"angle":25.23,"curve":0.097,"c2":0.31,"c3":0.75},{"time":0.6667,"angle":15.72,"curve":0.25,"c3":0.882,"c4":0.68},{"time":0.8,"angle":6.21},{"time":1}],"translate":[{"time":0.2,"curve":0.101,"c2":0.37,"c3":0.75},{"time":0.3667,"x":6.53,"y":10.61,"curve":0.25,"c3":0.924,"c4":0.72},{"time":0.5333,"x":9.43,"curve":0.097,"c2":0.31,"c3":0.75},{"time":0.6667,"x":4.72,"y":5.9,"curve":0.25,"c3":0.882,"c4":0.68},{"time":0.8}],"scale":[{"time":0.0667},{"time":0.2,"x":0.91,"y":1.083,"curve":0.101,"c2":0.37,"c3":0.75},{"time":0.3667,"x":1.102,"y":0.861,"curve":0.25,"c3":0.924,"c4":0.72},{"time":0.5333,"x":0.95,"y":1.05,"curve":0.097,"c2":0.31,"c3":0.75},{"time":0.6667,"x":1.04,"y":0.96,"curve":0.25,"c3":0.882,"c4":0.68},{"time":0.8,"x":0.97,"y":1.03,"curve":0.101,"c2":0.37,"c3":0.75},{"time":0.9,"x":1.02,"y":0.98,"curve":0.25,"c3":0.882,"c4":0.68},{"time":1}]},"lingmeng02":{"rotate":[{},{"time":0.1,"angle":-4.26,"curve":0.163,"c2":0.45,"c3":0.75},{"time":0.2667,"angle":3.84,"curve":0.25,"c3":0.885,"c4":0.67},{"time":0.4333,"curve":0.142,"c2":0.41,"c3":0.75},{"time":0.5667,"angle":0.36,"curve":0.25,"c3":0.896,"c4":0.69},{"time":0.7,"angle":-1.87,"curve":0.142,"c2":0.41,"c3":0.75},{"time":1}],"translate":[{"time":0.1,"curve":0.163,"c2":0.45,"c3":0.75},{"time":0.2667,"x":-3.52,"y":10.86,"curve":0.25,"c3":0.885,"c4":0.67},{"time":0.4333,"x":-5.19,"curve":0.142,"c2":0.41,"c3":0.75},{"time":0.5667,"x":-3.34,"y":8.62,"curve":0.25,"c3":0.896,"c4":0.69},{"time":0.7}],"scale":[{},{"time":0.1,"x":0.936,"y":1.105,"curve":0.163,"c2":0.45,"c3":0.75},{"time":0.2667,"x":1.096,"y":0.97,"curve":0.25,"c3":0.885,"c4":0.67},{"time":0.4333,"x":0.96,"y":1.06,"curve":0.142,"c2":0.41,"c3":0.75},{"time":0.5667,"x":1.044,"y":0.98,"curve":0.25,"c3":0.896,"c4":0.69},{"time":0.7,"x":0.98,"y":1.02,"curve":0.142,"c2":0.41,"c3":0.75},{"time":1}]},"lingmeng03":{"rotate":[{},{"time":0.0667,"angle":3.1},{"time":0.2,"angle":12.39},{"time":0.4333,"angle":-6.66,"curve":0.122,"c2":0.32,"c3":0.75},{"time":0.5333,"angle":11.15},{"time":0.6333,"angle":1.57},{"time":0.8,"angle":0.36},{"time":1}]}}},"tu_putao":{"slots":{"putao":{"attachment":[{"name":"putao"}]}},"bones":{"putao":{"rotate":[{"curve":0.076,"c2":0.21,"c3":0.747,"c4":0.97},{"time":0.4333,"angle":-15.62,"curve":0.295,"c2":0.07,"c3":0.899,"c4":0.75},{"time":1}],"scale":[{"curve":0.104,"c2":0.33,"c3":0.653,"c4":0.94},{"time":0.4333,"x":1.2,"y":1.2,"curve":0.323,"c2":0.02,"c3":0.951,"c4":0.68},{"time":1}]}},"deform":{"default":{"putao":{"putao":[{},{"time":0.2,"offset":10,"curve":0.371,"c3":0.679,"c4":0.4,"vertices":[-5.89438,-7.40595,-1.37794,-7.56408,-1.37794,-7.56408,0,0,0,0,-0.95425,-0.9793,-2.06258,-1.34533]},{"time":0.3333,"curve":0.194,"c2":0.29,"c3":0.41,"c4":0.84,"vertices":[-0.49161,1.67843,-0.97209,0.84788,0,0,0,0,0.22834,-0.45914,-3.21303,-8.85319,0.91202,-4.52183,0.63312,-4.53532,0.06571,0.74892,-0.49161,1.67843,-0.71937,-0.44563,-1.74852,-0.74946,-1.52523,1.44242,-0.62737,0.27426]},{"time":0.7,"vertices":[-5.58896,9.11117,-3.31139,2.88827,0,0,0,0,0.77783,-1.56403,7.74337,-2.67306,6.4227,2.79921,5.47263,2.75323,-0.46657,4.06952,-4.7201,8.85958,-0.15415,0.83862,-0.99277,0.68448,-4.81575,4.16255,-2.1371,0.93426]},{"time":1}]}}}},"tu_scatter":{"slots":{"SCATTER71":{"attachment":[{"name":"SCATTER71"}]},"SCATTER71_01":{"color":[{"color":"ffffff00","curve":"stepped"},{"time":0.1333,"color":"ffffff00"},{"time":0.3,"color":"ffffffff"},{"time":0.5,"color":"ffffff00"}],"attachment":[{"name":"SCATTER71_01"}]},"SCATTER71_1":{"color":[{"color":"ffffff00","curve":"stepped"},{"time":0.4,"color":"ffffff00"},{"time":0.5333,"color":"ffffffff"},{"time":0.7,"color":"ffffff00"}],"attachment":[{"name":"SCATTER71_01"}]},"SCATTER71_02":{"color":[{"color":"ffffff00","curve":"stepped"},{"time":0.4333,"color":"ffffff00"},{"time":0.6,"color":"ffffffff"},{"time":0.8,"color":"ffffff00"}],"attachment":[{"name":"SCATTER71_02"}]},"SCATTER71_2":{"color":[{"color":"ffffff00","curve":"stepped"},{"time":0.4667,"color":"ffffff00"},{"time":0.6,"color":"ffffffff"},{"time":0.7667,"color":"ffffff00"}],"attachment":[{"name":"SCATTER71_02"}]},"SCATTER71_03":{"color":[{"color":"ffffff00","curve":"stepped"},{"time":0.2,"color":"ffffff00"},{"time":0.3667,"color":"ffffffff"},{"time":0.5667,"color":"ffffff00"}],"attachment":[{"name":"SCATTER71_03"}]},"SCATTER71_3":{"color":[{"color":"ffffff00"}],"attachment":[{"name":"SCATTER71_03"}]},"SCATTER71_04":{"color":[{"color":"ffffff00","curve":"stepped"},{"time":0.3667,"color":"ffffff00"},{"time":0.5333,"color":"ffffffff"},{"time":0.7333,"color":"ffffff00"}],"attachment":[{"name":"SCATTER71_04"}]},"SCATTER71_4":{"color":[{"color":"ffffff00"}],"attachment":[{"name":"SCATTER71_04"}]},"SCATTER71_05":{"color":[{"color":"ffffff00","curve":"stepped"},{"time":0.2333,"color":"ffffff00"},{"time":0.4,"color":"ffffffff"},{"time":0.6,"color":"ffffff00"}],"attachment":[{"name":"SCATTER71_05"}]},"SCATTER71_5":{"color":[{"color":"ffffff00","curve":"stepped"},{"time":0.4333,"color":"ffffff00"},{"time":0.5667,"color":"ffffffff"},{"time":0.7333,"color":"ffffff00"}],"attachment":[{"name":"SCATTER71_05"}]},"SCATTER71_06":{"color":[{"color":"ffffff00","curve":"stepped"},{"time":0.3333,"color":"ffffff00"},{"time":0.5,"color":"ffffffff"},{"time":0.7,"color":"ffffff00"}],"attachment":[{"name":"SCATTER71_06"}]},"SCATTER71_6":{"color":[{"color":"ffffff00","curve":"stepped"},{"time":0.3,"color":"ffffff00"},{"time":0.4333,"color":"ffffffff"},{"time":0.6,"color":"ffffff00"}],"attachment":[{"name":"SCATTER71_06"}]},"SCATTER71_07":{"color":[{"color":"ffffff00","curve":"stepped"},{"time":0.2667,"color":"ffffff00"},{"time":0.4333,"color":"ffffffff"},{"time":0.6333,"color":"ffffff00"}],"attachment":[{"name":"SCATTER71_07"}]},"SCATTER71_7":{"color":[{"color":"ffffff00"}],"attachment":[{"name":"SCATTER71_07"}]},"SCATTER71_08":{"color":[{"color":"ffffff00","curve":"stepped"},{"time":0.3,"color":"ffffff00"},{"time":0.4667,"color":"ffffffff"},{"time":0.6667,"color":"ffffff00"}],"attachment":[{"name":"SCATTER71_08"}]},"SCATTER71_8":{"color":[{"color":"ffffff00","curve":"stepped"},{"time":0.5,"color":"ffffff00"},{"time":0.6333,"color":"ffffffff"},{"time":0.8,"color":"ffffff00"}],"attachment":[{"name":"SCATTER71_08"}]},"SCATTER71_09":{"color":[{"color":"ffffff00","curve":"stepped"},{"time":0.3667,"color":"ffffff00"},{"time":0.5333,"color":"ffffffff"},{"time":0.7333,"color":"ffffff00"}],"attachment":[{"name":"SCATTER71_09"}]},"SCATTER71_9":{"color":[{"color":"ffffff00"}],"attachment":[{"name":"SCATTER71_09"}]},"SCATTER71_10":{"color":[{"color":"ffffff00","curve":"stepped"},{"time":0.2667,"color":"ffffff00"},{"time":0.4333,"color":"ffffffff"},{"time":0.6333,"color":"ffffff00"}],"attachment":[{"name":"SCATTER71_10"}]},"SCATTER71_11":{"color":[{"color":"ffffff00","curve":"stepped"},{"time":0.4,"color":"ffffff00"},{"time":0.5667,"color":"ffffffff"},{"time":0.7667,"color":"ffffff00"}],"attachment":[{"name":"SCATTER71_11"}]},"SCATTER71_12":{"color":[{"color":"ffffff00","curve":"stepped"},{"time":0.2333,"color":"ffffff00"},{"time":0.4,"color":"ffffffff"},{"time":0.6,"color":"ffffff00"}],"attachment":[{"name":"SCATTER71_12"}]},"SCATTER71_13":{"color":[{"color":"ffffff00","curve":"stepped"},{"time":0.4333,"color":"ffffff00"},{"time":0.6,"color":"ffffffff"},{"time":0.8,"color":"ffffff00"}],"attachment":[{"name":"SCATTER71_13"}]},"SCATTER71_14":{"color":[{"color":"ffffff00","curve":"stepped"},{"time":0.2,"color":"ffffff00"},{"time":0.3667,"color":"ffffffff"},{"time":0.5667,"color":"ffffff00"}],"attachment":[{"name":"SCATTER71_14"}]},"SCATTER71_15":{"color":[{"color":"ffffff00","curve":"stepped"},{"time":0.4667,"color":"ffffff00"},{"time":0.6333,"color":"ffffffff"},{"time":0.8333,"color":"ffffff00"}],"attachment":[{"name":"SCATTER71_15"}]},"SCATTER71_16":{"color":[{"color":"ffffff00","curve":"stepped"},{"time":0.1667,"color":"ffffff00"},{"time":0.3333,"color":"ffffffff"},{"time":0.5333,"color":"ffffff00"}],"attachment":[{"name":"SCATTER71_16"}]},"SCATTER71_17":{"color":[{"color":"ffffff00","curve":"stepped"},{"time":0.5,"color":"ffffff00"},{"time":0.6667,"color":"ffffffff"},{"time":0.8667,"color":"ffffff00"}],"attachment":[{"name":"SCATTER71_17"}]},"SCATTER71_18":{"color":[{"color":"ffffff00","curve":"stepped"},{"time":0.1333,"color":"ffffff00"},{"time":0.3,"color":"ffffffff"},{"time":0.5,"color":"ffffff00"}],"attachment":[{"name":"SCATTER71_18"}]},"SCATTER71_19":{"color":[{"color":"ffffff00"}],"attachment":[{"name":"SCATTER71_10"}]},"SCATTER71_20":{"color":[{"color":"ffffff00","curve":"stepped"},{"time":0.4333,"color":"ffffff00"},{"time":0.5667,"color":"ffffffff"},{"time":0.7333,"color":"ffffff00"}],"attachment":[{"name":"SCATTER71_11"}]},"SCATTER71_21":{"color":[{"color":"ffffff00"}],"attachment":[{"name":"SCATTER71_12"}]},"SCATTER71_22":{"color":[{"color":"ffffff00"}],"attachment":[{"name":"SCATTER71_13"}]},"SCATTER71_23":{"color":[{"color":"ffffff00"}],"attachment":[{"name":"SCATTER71_14"}]},"SCATTER71_24":{"color":[{"color":"ffffff00","curve":"stepped"},{"time":0.4667,"color":"ffffff00"},{"time":0.6,"color":"ffffffff"},{"time":0.7667,"color":"ffffff00"}],"attachment":[{"name":"SCATTER71_15"}]},"SCATTER71_25":{"color":[{"color":"ffffff00","curve":"stepped"},{"time":0.2,"color":"ffffff00"},{"time":0.3333,"color":"ffffffff"},{"time":0.5,"color":"ffffff00"}],"attachment":[{"name":"SCATTER71_16"}]},"SCATTER71_26":{"color":[{"color":"ffffff00","curve":"stepped"},{"time":0.4667,"color":"ffffff00"},{"time":0.6,"color":"ffffffff"},{"time":0.7667,"color":"ffffff00"}],"attachment":[{"name":"SCATTER71_17"}]},"SCATTER71_27":{"color":[{"color":"ffffff00"}],"attachment":[{"name":"SCATTER71_18"}]},"SCATTER71_28":{"color":[{"color":"ffffff00","curve":"stepped"},{"time":0.2667,"color":"ffffff00"},{"time":0.4,"color":"ffffffff"},{"time":0.5333,"color":"ffffff00"}],"attachment":[{"name":"SCATTER71_01"}]},"SCATTER71_29":{"color":[{"color":"ffffff00","curve":"stepped"},{"time":0.5,"color":"ffffff00"},{"time":0.6333,"color":"ffffffff"},{"time":0.7667,"color":"ffffff00"}],"attachment":[{"name":"SCATTER71_02"}]},"SCATTER71_30":{"color":[{"color":"ffffff00"}],"attachment":[{"name":"SCATTER71_03"}]},"SCATTER71_31":{"color":[{"color":"ffffff00","curve":"stepped"},{"time":0.4333,"color":"ffffff00"},{"time":0.5667,"color":"ffffffff"},{"time":0.7333,"color":"ffffff00"}],"attachment":[{"name":"SCATTER71_04"}]},"SCATTER71_32":{"color":[{"color":"ffffff00"}],"attachment":[{"name":"SCATTER71_05"}]},"SCATTER71_33":{"color":[{"color":"ffffff00","curve":"stepped"},{"time":0.4333,"color":"ffffff00"},{"time":0.5333,"color":"ffffffff"},{"time":0.7,"color":"ffffff00"}],"attachment":[{"name":"SCATTER71_06"}]},"SCATTER71_34":{"color":[{"color":"ffffff00"}],"attachment":[{"name":"SCATTER71_07"}]},"SCATTER71_35":{"color":[{"color":"ffffff00","curve":"stepped"},{"time":0.4,"color":"ffffff00"},{"time":0.5333,"color":"ffffffff"},{"time":0.6667,"color":"ffffff00"}],"attachment":[{"name":"SCATTER71_08"}]},"SCATTER71_36":{"color":[{"color":"ffffff00","curve":"stepped"},{"time":0.4333,"color":"ffffff00"},{"time":0.5667,"color":"ffffffff"},{"time":0.7333,"color":"ffffff00"}],"attachment":[{"name":"SCATTER71_09"}]},"SCATTER71_37":{"color":[{"color":"ffffff00"}],"attachment":[{"name":"SCATTER71_10"}]},"SCATTER71_38":{"color":[{"color":"ffffff00","curve":"stepped"},{"time":0.4667,"color":"ffffff00"},{"time":0.6,"color":"ffffffff"},{"time":0.7333,"color":"ffffff00"}],"attachment":[{"name":"SCATTER71_11"}]},"SCATTER71_39":{"color":[{"color":"ffffff00","curve":"stepped"},{"time":0.3333,"color":"ffffff00"},{"time":0.4667,"color":"ffffffff"},{"time":0.6333,"color":"ffffff00"}],"attachment":[{"name":"SCATTER71_12"}]},"SCATTER71_40":{"color":[{"color":"ffffff00"}],"attachment":[{"name":"SCATTER71_13"}]},"SCATTER71_41":{"color":[{"color":"ffffff00","curve":"stepped"},{"time":0.3333,"color":"ffffff00"},{"time":0.4333,"color":"ffffffff"},{"time":0.6,"color":"ffffff00"}],"attachment":[{"name":"SCATTER71_14"}]},"SCATTER71_42":{"color":[{"color":"ffffff00","curve":"stepped"},{"time":0.5333,"color":"ffffff00"},{"time":0.6333,"color":"ffffffff"},{"time":0.8,"color":"ffffff00"}],"attachment":[{"name":"SCATTER71_15"}]},"SCATTER71_43":{"color":[{"color":"ffffff00"}],"attachment":[{"name":"SCATTER71_16"}]},"SCATTER71_44":{"color":[{"color":"ffffff00","curve":"stepped"},{"time":0.5333,"color":"ffffff00"},{"time":0.6667,"color":"ffffffff"},{"time":0.8333,"color":"ffffff00"}],"attachment":[{"name":"SCATTER71_17"}]},"SCATTER71_45":{"color":[{"color":"ffffff00","curve":"stepped"},{"time":0.2667,"color":"ffffff00"},{"time":0.4,"color":"ffffffff"},{"time":0.5333,"color":"ffffff00"}],"attachment":[{"name":"SCATTER71_18"}]},"SCATTER72":{"attachment":[{"name":"SCATTER71"}]},"SCATTER73":{"attachment":[{"name":"SCATTER71"}]},"SCATTERdi":{"attachment":[{"name":"SCATTERdi"}]},"SCATTERzi":{"attachment":[{"name":"SCATTERzi"}]},"SCATTERzi2":{"color":[{"color":"ffffff00","curve":"stepped"},{"time":0.0333,"color":"ffffff00"},{"time":0.1,"color":"ffffff79"},{"time":0.1667,"color":"ffffff00","curve":"stepped"},{"time":0.2,"color":"ffffff00"},{"time":0.2667,"color":"ffffff79"},{"time":0.3333,"color":"ffffff00","curve":"stepped"},{"time":0.3667,"color":"ffffff00"},{"time":0.4333,"color":"ffffff79"},{"time":0.5,"color":"ffffff00","curve":"stepped"},{"time":0.5333,"color":"ffffff00"},{"time":0.6,"color":"ffffff79"},{"time":0.6667,"color":"ffffff00","curve":"stepped"},{"time":0.7,"color":"ffffff00"},{"time":0.8,"color":"ffffff79"},{"time":1,"color":"ffffff00"}],"attachment":[{"name":"SCATTERzi"}]}},"bones":{"SCATTER71":{"translate":[{"curve":0.115,"c2":0.36,"c3":0.75},{"time":0.2,"y":7.94,"curve":"stepped"},{"time":0.5667,"y":7.94,"curve":0.42,"c3":0.865,"c4":0.79},{"time":1}],"scale":[{"curve":0.115,"c2":0.36,"c3":0.75},{"time":0.2,"x":1.2,"y":1.2},{"time":0.5667,"x":1.3,"y":1.3,"curve":0.42,"c3":0.865,"c4":0.79},{"time":1}]},"SCATTERdi":{"scale":[{"curve":0.149,"c2":0.53,"c3":0.75},{"time":0.3667,"x":1.063,"y":1.063,"curve":0.49,"c3":0.875,"c4":0.64},{"time":1}]},"SCATTER72":{"translate":[{"time":0.1667},{"time":0.4,"x":7.51},{"time":0.8}]},"SCATTER74":{"translate":[{"time":0.1667},{"time":0.4,"x":4.38},{"time":0.8}]},"SCATTER73":{"translate":[{"curve":0.313,"c2":0.04,"c3":0.75},{"time":0.2667,"x":-9.2,"y":7.94},{"time":0.6667,"x":-12.65,"y":7.94,"curve":0.316,"c3":0.75},{"time":0.9}],"scale":[{"curve":0.313,"c2":0.04,"c3":0.75},{"time":0.2667,"x":1.2,"y":1.2},{"time":0.6667,"x":1.3,"y":1.3,"curve":0.316,"c3":0.75},{"time":0.9}]},"SCATTER75":{"translate":[{"time":0.2333},{"time":0.4333,"x":2.5},{"time":0.7667}]},"SCATTER76":{"translate":[{"time":0.2333},{"time":0.4333,"x":1.46},{"time":0.7667}]},"SCATTER77":{"translate":[{"curve":0.358,"c2":0.02,"c3":0.75},{"time":0.3333,"x":9.2,"y":7.94},{"time":0.7,"x":11.5,"y":7.94,"curve":0.316,"c2":0.01,"c3":0.75},{"time":0.9333}],"scale":[{"curve":0.358,"c2":0.02,"c3":0.75},{"time":0.3333,"x":1.2,"y":1.2},{"time":0.7,"x":1.3,"y":1.3,"curve":0.316,"c2":0.01,"c3":0.75},{"time":0.9333}]},"SCATTER78":{"translate":[{"time":0.3},{"time":0.4667,"x":3},{"time":0.7667}]},"SCATTER79":{"translate":[{"time":0.3},{"time":0.4667,"x":1.75},{"time":0.7667}]}}},"tu_scatter2":{"slots":{"SCATTER71":{"attachment":[{"name":"SCATTER71"}]},"SCATTER71_01":{"color":[{"color":"ffffff00","curve":"stepped"},{"time":0.3667,"color":"ffffff00"},{"time":0.5,"color":"ffffffff"},{"time":0.6333,"color":"ffffff00"}],"attachment":[{"name":"SCATTER71_01"}]},"SCATTER71_1":{"color":[{"color":"ffffff00","curve":"stepped"},{"time":0.3,"color":"ffffff00"},{"time":0.4333,"color":"ffffffff"},{"time":0.6,"color":"ffffff00"}],"attachment":[{"name":"SCATTER71_01"}]},"SCATTER71_02":{"color":[{"color":"ffffff00","curve":"stepped"},{"time":0.0333,"color":"ffffff00"},{"time":0.1667,"color":"ffffffff"},{"time":0.3,"color":"ffffff00"}],"attachment":[{"name":"SCATTER71_02"}]},"SCATTER71_2":{"color":[{"color":"ffffff00","curve":"stepped"},{"time":0.3667,"color":"ffffff00"},{"time":0.5,"color":"ffffffff"},{"time":0.6667,"color":"ffffff00"}],"attachment":[{"name":"SCATTER71_02"}]},"SCATTER71_03":{"color":[{"color":"ffffff00","curve":"stepped"},{"time":0.3333,"color":"ffffff00"},{"time":0.4667,"color":"ffffffff"},{"time":0.6,"color":"ffffff00"}],"attachment":[{"name":"SCATTER71_03"}]},"SCATTER71_3":{"color":[{"color":"ffffff00"}],"attachment":[{"name":"SCATTER71_03"}]},"SCATTER71_04":{"color":[{"color":"ffffff00","curve":"stepped"},{"time":0.0667,"color":"ffffff00"},{"time":0.2,"color":"ffffffff"},{"time":0.3333,"color":"ffffff00"}],"attachment":[{"name":"SCATTER71_04"}]},"SCATTER71_4":{"color":[{"color":"ffffff00"}],"attachment":[{"name":"SCATTER71_04"}]},"SCATTER71_05":{"color":[{"color":"ffffff00","curve":"stepped"},{"time":0.1,"color":"ffffff00"},{"time":0.2333,"color":"ffffffff"},{"time":0.3667,"color":"ffffff00"}],"attachment":[{"name":"SCATTER71_05"}]},"SCATTER71_5":{"color":[{"color":"ffffff00","curve":"stepped"},{"time":0.3333,"color":"ffffff00"},{"time":0.4667,"color":"ffffffff"},{"time":0.6333,"color":"ffffff00"}],"attachment":[{"name":"SCATTER71_05"}]},"SCATTER71_06":{"color":[{"color":"ffffff00","curve":"stepped"},{"time":0.2667,"color":"ffffff00"},{"time":0.4,"color":"ffffffff"},{"time":0.5333,"color":"ffffff00"}],"attachment":[{"name":"SCATTER71_06"}]},"SCATTER71_6":{"color":[{"color":"ffffff00","curve":"stepped"},{"time":0.2,"color":"ffffff00"},{"time":0.3333,"color":"ffffffff"},{"time":0.5,"color":"ffffff00"}],"attachment":[{"name":"SCATTER71_06"}]},"SCATTER71_07":{"color":[{"color":"ffffff00","curve":"stepped"},{"time":0.1333,"color":"ffffff00"},{"time":0.2333,"color":"ffffffff"},{"time":0.4,"color":"ffffff00"}],"attachment":[{"name":"SCATTER71_07"}]},"SCATTER71_7":{"color":[{"color":"ffffff00"}],"attachment":[{"name":"SCATTER71_07"}]},"SCATTER71_08":{"color":[{"color":"ffffff00","curve":"stepped"},{"time":0.2333,"color":"ffffff00"},{"time":0.3333,"color":"ffffffff"},{"time":0.5,"color":"ffffff00"}],"attachment":[{"name":"SCATTER71_08"}]},"SCATTER71_8":{"color":[{"color":"ffffff00","curve":"stepped"},{"time":0.4,"color":"ffffff00"},{"time":0.5333,"color":"ffffffff"},{"time":0.7,"color":"ffffff00"}],"attachment":[{"name":"SCATTER71_08"}]},"SCATTER71_09":{"color":[{"color":"ffffff00","curve":"stepped"},{"time":0.2,"color":"ffffff00"},{"time":0.3333,"color":"ffffffff"},{"time":0.4667,"color":"ffffff00"}],"attachment":[{"name":"SCATTER71_09"}]},"SCATTER71_9":{"color":[{"color":"ffffff00"}],"attachment":[{"name":"SCATTER71_09"}]},"SCATTER71_10":{"color":[{"color":"ffffff00","curve":"stepped"},{"time":0.1667,"color":"ffffff00"},{"time":0.2667,"color":"ffffffff"},{"time":0.4333,"color":"ffffff00"}],"attachment":[{"name":"SCATTER71_10"}]},"SCATTER71_11":{"color":[{"color":"ffffff00","curve":"stepped"},{"time":0.2333,"color":"ffffff00"},{"time":0.3333,"color":"ffffffff"},{"time":0.5,"color":"ffffff00"}],"attachment":[{"name":"SCATTER71_11"}]},"SCATTER71_12":{"color":[{"color":"ffffff00","curve":"stepped"},{"time":0.2,"color":"ffffff00"},{"time":0.3333,"color":"ffffffff"},{"time":0.4667,"color":"ffffff00"}],"attachment":[{"name":"SCATTER71_12"}]},"SCATTER71_13":{"color":[{"color":"ffffff00","curve":"stepped"},{"time":0.2333,"color":"ffffff00"},{"time":0.3667,"color":"ffffffff"},{"time":0.5,"color":"ffffff00"}],"attachment":[{"name":"SCATTER71_13"}]},"SCATTER71_14":{"color":[{"color":"ffffff00","curve":"stepped"},{"time":0.2333,"color":"ffffff00"},{"time":0.3667,"color":"ffffffff"},{"time":0.5,"color":"ffffff00"}],"attachment":[{"name":"SCATTER71_14"}]},"SCATTER71_15":{"color":[{"color":"ffffff00","curve":"stepped"},{"time":0.2667,"color":"ffffff00"},{"time":0.4,"color":"ffffffff"},{"time":0.5333,"color":"ffffff00"}],"attachment":[{"name":"SCATTER71_15"}]},"SCATTER71_16":{"color":[{"color":"ffffff00","curve":"stepped"},{"time":0.2667,"color":"ffffff00"},{"time":0.3667,"color":"ffffffff"},{"time":0.5333,"color":"ffffff00"}],"attachment":[{"name":"SCATTER71_16"}]},"SCATTER71_17":{"color":[{"color":"ffffff00","curve":"stepped"},{"time":0.3,"color":"ffffff00"},{"time":0.4333,"color":"ffffffff"},{"time":0.5667,"color":"ffffff00"}],"attachment":[{"name":"SCATTER71_17"}]},"SCATTER71_18":{"color":[{"color":"ffffff00","curve":"stepped"},{"time":0.3,"color":"ffffff00"},{"time":0.4333,"color":"ffffffff"},{"time":0.5667,"color":"ffffff00"}],"attachment":[{"name":"SCATTER71_18"}]},"SCATTER71_19":{"color":[{"color":"ffffff00"}],"attachment":[{"name":"SCATTER71_10"}]},"SCATTER71_20":{"color":[{"color":"ffffff00","curve":"stepped"},{"time":0.3333,"color":"ffffff00"},{"time":0.4667,"color":"ffffffff"},{"time":0.6333,"color":"ffffff00"}],"attachment":[{"name":"SCATTER71_11"}]},"SCATTER71_21":{"color":[{"color":"ffffff00"}],"attachment":[{"name":"SCATTER71_12"}]},"SCATTER71_22":{"color":[{"color":"ffffff00"}],"attachment":[{"name":"SCATTER71_13"}]},"SCATTER71_23":{"color":[{"color":"ffffff00"}],"attachment":[{"name":"SCATTER71_14"}]},"SCATTER71_24":{"color":[{"color":"ffffff00","curve":"stepped"},{"time":0.3667,"color":"ffffff00"},{"time":0.5,"color":"ffffffff"},{"time":0.6667,"color":"ffffff00"}],"attachment":[{"name":"SCATTER71_15"}]},"SCATTER71_25":{"color":[{"color":"ffffff00","curve":"stepped"},{"time":0.1,"color":"ffffff00"},{"time":0.2333,"color":"ffffffff"},{"time":0.4,"color":"ffffff00"}],"attachment":[{"name":"SCATTER71_16"}]},"SCATTER71_26":{"color":[{"color":"ffffff00","curve":"stepped"},{"time":0.3667,"color":"ffffff00"},{"time":0.5,"color":"ffffffff"},{"time":0.6667,"color":"ffffff00"}],"attachment":[{"name":"SCATTER71_17"}]},"SCATTER71_27":{"color":[{"color":"ffffff00"}],"attachment":[{"name":"SCATTER71_18"}]},"SCATTER71_28":{"color":[{"color":"ffffff00","curve":"stepped"},{"time":0.1,"color":"ffffff00"},{"time":0.2333,"color":"ffffffff"},{"time":0.3667,"color":"ffffff00"}],"attachment":[{"name":"SCATTER71_01"}]},"SCATTER71_29":{"color":[{"color":"ffffff00","curve":"stepped"},{"time":0.3333,"color":"ffffff00"},{"time":0.4667,"color":"ffffffff"},{"time":0.6,"color":"ffffff00"}],"attachment":[{"name":"SCATTER71_02"}]},"SCATTER71_30":{"color":[{"color":"ffffff00"}],"attachment":[{"name":"SCATTER71_03"}]},"SCATTER71_31":{"color":[{"color":"ffffff00","curve":"stepped"},{"time":0.2667,"color":"ffffff00"},{"time":0.4,"color":"ffffffff"},{"time":0.5667,"color":"ffffff00"}],"attachment":[{"name":"SCATTER71_04"}]},"SCATTER71_32":{"color":[{"color":"ffffff00"}],"attachment":[{"name":"SCATTER71_05"}]},"SCATTER71_33":{"color":[{"color":"ffffff00","curve":"stepped"},{"time":0.2667,"color":"ffffff00"},{"time":0.3667,"color":"ffffffff"},{"time":0.5333,"color":"ffffff00"}],"attachment":[{"name":"SCATTER71_06"}]},"SCATTER71_34":{"color":[{"color":"ffffff00"}],"attachment":[{"name":"SCATTER71_07"}]},"SCATTER71_35":{"color":[{"color":"ffffff00","curve":"stepped"},{"time":0.2333,"color":"ffffff00"},{"time":0.3667,"color":"ffffffff"},{"time":0.5,"color":"ffffff00"}],"attachment":[{"name":"SCATTER71_08"}]},"SCATTER71_36":{"color":[{"color":"ffffff00","curve":"stepped"},{"time":0.2667,"color":"ffffff00"},{"time":0.4,"color":"ffffffff"},{"time":0.5667,"color":"ffffff00"}],"attachment":[{"name":"SCATTER71_09"}]},"SCATTER71_37":{"color":[{"color":"ffffff00"}],"attachment":[{"name":"SCATTER71_10"}]},"SCATTER71_38":{"color":[{"color":"ffffff00","curve":"stepped"},{"time":0.3,"color":"ffffff00"},{"time":0.4333,"color":"ffffffff"},{"time":0.5667,"color":"ffffff00"}],"attachment":[{"name":"SCATTER71_11"}]},"SCATTER71_39":{"color":[{"color":"ffffff00","curve":"stepped"},{"time":0.1667,"color":"ffffff00"},{"time":0.3,"color":"ffffffff"},{"time":0.4667,"color":"ffffff00"}],"attachment":[{"name":"SCATTER71_12"}]},"SCATTER71_40":{"color":[{"color":"ffffff00"}],"attachment":[{"name":"SCATTER71_13"}]},"SCATTER71_41":{"color":[{"color":"ffffff00","curve":"stepped"},{"time":0.1667,"color":"ffffff00"},{"time":0.2667,"color":"ffffffff"},{"time":0.4333,"color":"ffffff00"}],"attachment":[{"name":"SCATTER71_14"}]},"SCATTER71_42":{"color":[{"color":"ffffff00","curve":"stepped"},{"time":0.3667,"color":"ffffff00"},{"time":0.4667,"color":"ffffffff"},{"time":0.6333,"color":"ffffff00"}],"attachment":[{"name":"SCATTER71_15"}]},"SCATTER71_43":{"color":[{"color":"ffffff00"}],"attachment":[{"name":"SCATTER71_16"}]},"SCATTER71_44":{"color":[{"color":"ffffff00","curve":"stepped"},{"time":0.3667,"color":"ffffff00"},{"time":0.5,"color":"ffffffff"},{"time":0.6667,"color":"ffffff00"}],"attachment":[{"name":"SCATTER71_17"}]},"SCATTER71_45":{"color":[{"color":"ffffff00","curve":"stepped"},{"time":0.1,"color":"ffffff00"},{"time":0.2333,"color":"ffffffff"},{"time":0.3667,"color":"ffffff00"}],"attachment":[{"name":"SCATTER71_18"}]},"SCATTER72":{"attachment":[{"name":"SCATTER71"}]},"SCATTER73":{"attachment":[{"name":"SCATTER71"}]},"SCATTERdi":{"attachment":[{"name":"SCATTERdi"}]},"SCATTERzi":{"attachment":[{"name":"SCATTERzi"}]},"SCATTERzi2":{"color":[{"color":"ffffff00","curve":"stepped"},{"time":0.0333,"color":"ffffff00","curve":0.083,"c2":0.38,"c3":0.75},{"time":0.2,"color":"ffffffc6","curve":0.25,"c3":0.892,"c4":0.47},{"time":0.5667,"color":"ffffff00"}],"attachment":[{"name":"SCATTERzi"}]}},"bones":{"SCATTER71":{"translate":[{"curve":0.115,"c2":0.36,"c3":0.75},{"time":0.1667,"y":7.94,"curve":"stepped"},{"time":0.6,"y":7.94,"curve":0.125,"c2":0.64,"c3":0.75},{"time":0.8333}],"scale":[{"curve":0.115,"c2":0.36,"c3":0.75},{"time":0.1667,"x":1.2,"y":1.2},{"time":0.6,"x":1.3,"y":1.3,"curve":0.125,"c2":0.64,"c3":0.75},{"time":0.8333}]},"SCATTER73":{"translate":[{"curve":0.115,"c2":0.36,"c3":0.75},{"time":0.1667,"y":7.94,"curve":"stepped"},{"time":0.6,"y":7.94,"curve":0.125,"c2":0.64,"c3":0.75},{"time":0.8333}],"scale":[{"curve":0.115,"c2":0.36,"c3":0.75},{"time":0.1667,"x":1.2,"y":1.2},{"time":0.6,"x":1.3,"y":1.3,"curve":0.125,"c2":0.64,"c3":0.75},{"time":0.8333}]},"SCATTER77":{"translate":[{"curve":0.115,"c2":0.36,"c3":0.75},{"time":0.1667,"y":7.94,"curve":"stepped"},{"time":0.6,"y":7.94,"curve":0.125,"c2":0.64,"c3":0.75},{"time":0.8333}],"scale":[{"curve":0.115,"c2":0.36,"c3":0.75},{"time":0.1667,"x":1.2,"y":1.2},{"time":0.6,"x":1.3,"y":1.3,"curve":0.125,"c2":0.64,"c3":0.75},{"time":0.8333}]},"s":{"scale":[{},{"time":0.0667,"x":1.19,"y":1.19},{"time":0.6667}]}}},"tu_wild":{"slots":{"di":{"attachment":[{"name":"wild/di"}]},"di2":{"color":[{"color":"ffffff00"},{"time":0.1333,"color":"ffffff39"},{"time":0.4333,"color":"ffffff00"}],"attachment":[{"name":"wild/di"}]},"gd1":{"attachment":[{"name":"wild/gd1"}]},"gd2":{"attachment":[{"name":"wild/gd2"}]},"kuang":{"attachment":[{"name":"wild/kuang"}]},"kuang2":{"color":[{"color":"ffffff00"},{"time":0.4,"color":"ffffff8e"},{"time":0.8333,"color":"ffffff00"}],"attachment":[{"name":"wild/kuang"}]},"xx1":{"attachment":[{"name":"wild/xx1"}]},"xx2":{"attachment":[{"name":"wild/xx2"}]},"xx3":{"attachment":[{"name":"wild/xx3"}]},"zi1":{"attachment":[{"name":"wild/zi1"}]},"zi2":{"attachment":[{"name":"wild/zi2"}]},"zi3":{"attachment":[{"name":"wild/zi3"}]},"zi4":{"attachment":[{"name":"wild/zi4"}]},"zi5":{"color":[{"color":"ffffff00","curve":"stepped"},{"time":0.0333,"color":"ffffff00"},{"time":0.2333,"color":"ffffff36"},{"time":0.4333,"color":"ffffff00","curve":"stepped"},{"time":0.4667,"color":"ffffff00"},{"time":0.6667,"color":"ffffff36"},{"time":0.8667,"color":"ffffff00"}],"attachment":[{"name":"wild/zi1"}]},"zi6":{"color":[{"time":0.0667,"color":"ffffff00"},{"time":0.2667,"color":"ffffff36"},{"time":0.4667,"color":"ffffff00","curve":"stepped"},{"time":0.5,"color":"ffffff00"},{"time":0.7,"color":"ffffff36"},{"time":0.9,"color":"ffffff00"}],"attachment":[{"time":0.0667,"name":"wild/zi2"}]},"zi7":{"color":[{"color":"ffffff00","curve":"stepped"},{"time":0.1333,"color":"ffffff00"},{"time":0.3333,"color":"ffffff36"},{"time":0.5333,"color":"ffffff00","curve":"stepped"},{"time":0.5667,"color":"ffffff00"},{"time":0.7333,"color":"ffffff36"},{"time":0.9333,"color":"ffffff00"}],"attachment":[{"time":0.1333,"name":"wild/zi3"}]},"zi8":{"color":[{"time":0.1667,"color":"ffffff00"},{"time":0.3667,"color":"ffffff36"},{"time":0.5667,"color":"ffffff00","curve":"stepped"},{"time":0.6,"color":"ffffff00"},{"time":0.8,"color":"ffffff36"},{"time":1,"color":"ffffff00"}],"attachment":[{"time":0.1667,"name":"wild/zi4"}]}},"bones":{"wild2":{"scale":[{},{"time":0.1333,"x":1.2,"y":1.2},{"time":0.4333}]},"zi4":{"translate":[{"time":0.0667},{"time":0.2667,"x":0.3,"y":0.6},{"time":0.4667,"curve":"stepped"},{"time":0.5},{"time":0.7,"x":0.3,"y":0.6},{"time":0.9}],"scale":[{"time":0.0667},{"time":0.2667,"x":1.35,"y":1.35},{"time":0.4667,"curve":"stepped"},{"time":0.5},{"time":0.7,"x":1.35,"y":1.35},{"time":0.9}]},"xx1":{"rotate":[{},{"time":0.2,"angle":-75.05},{"time":0.3667,"angle":149.53},{"time":0.6,"angle":15.91},{"time":0.7667,"angle":-74.36},{"time":1}]},"xx3":{"rotate":[{},{"time":0.2,"angle":116.95},{"time":0.4,"angle":-127.1},{"time":0.6667,"angle":82.95},{"time":0.8333,"angle":-152.66},{"time":1}]},"zi3":{"translate":[{"time":0.0333},{"time":0.2333,"x":-8.97},{"time":0.4333,"curve":"stepped"},{"time":0.4667},{"time":0.6667,"x":-8.97},{"time":0.8667}],"scale":[{"time":0.0333},{"time":0.2333,"x":1.35,"y":1.35},{"time":0.4333,"curve":"stepped"},{"time":0.4667},{"time":0.6667,"x":1.35,"y":1.35},{"time":0.8667}]},"zi5":{"translate":[{"time":0.1333},{"time":0.3333,"x":6.88,"y":1.5},{"time":0.5333,"curve":"stepped"},{"time":0.5667},{"time":0.7333,"x":6.88,"y":1.5},{"time":0.9333}],"scale":[{"time":0.1333},{"time":0.3333,"x":1.35,"y":1.35},{"time":0.5333,"curve":"stepped"},{"time":0.5667},{"time":0.7333,"x":1.35,"y":1.35},{"time":0.9333}]},"zi6":{"translate":[{"time":0.1667},{"time":0.3667,"x":10.76,"y":0.9},{"time":0.5667,"curve":"stepped"},{"time":0.6},{"time":0.8,"x":10.76,"y":0.9},{"time":1}],"scale":[{"time":0.1667},{"time":0.3667,"x":1.35,"y":1.35},{"time":0.5667,"curve":"stepped"},{"time":0.6},{"time":0.8,"x":1.35,"y":1.35},{"time":1}]},"6wild":{"scale":[{"curve":0.115,"c2":0.49,"c3":0.75},{"time":0.2333,"x":1.2,"y":1.2,"curve":0.25,"c3":0.896,"c4":0.61},{"time":1}]}}},"tu_wild2":{"slots":{"di":{"attachment":[{"name":"wild/di"}]},"di2":{"color":[{"color":"ffffff00"},{"time":0.1333,"color":"ffffff39"},{"time":0.4333,"color":"ffffff00"}],"attachment":[{"name":"wild/di"}]},"gd1":{"attachment":[{"name":"wild/gd1"}]},"gd2":{"attachment":[{"name":"wild/gd2"}]},"kuang":{"attachment":[{"name":"wild/kuang"}]},"kuang2":{"color":[{"color":"ffffff00"},{"time":0.4,"color":"ffffff8e"},{"time":0.8333,"color":"ffffff00"}],"attachment":[{"name":"wild/kuang"}]},"xx1":{"attachment":[{"name":"wild/xx1"}]},"xx2":{"attachment":[{"name":"wild/xx2"}]},"xx3":{"attachment":[{"name":"wild/xx3"}]},"zi1":{"attachment":[{"name":"wild/zi1"}]},"zi2":{"attachment":[{"name":"wild/zi2"}]},"zi3":{"attachment":[{"name":"wild/zi3"}]},"zi4":{"attachment":[{"name":"wild/zi4"}]},"zi5":{"color":[{"color":"ffffff00","curve":"stepped"},{"time":0.0333,"color":"ffffff00"},{"time":0.3333,"color":"ffffff36","curve":0,"c2":0.51,"c3":0.75},{"time":0.6667,"color":"ffffff00"}],"attachment":[{"name":"wild/zi1"}]},"zi6":{"color":[{"time":0.1,"color":"ffffff00"},{"time":0.3667,"color":"ffffff36","curve":0,"c2":0.56,"c3":0.75},{"time":0.7,"color":"ffffff00"}],"attachment":[{"time":0.1,"name":"wild/zi2"}]},"zi7":{"color":[{"color":"ffffff00","curve":"stepped"},{"time":0.1667,"color":"ffffff00"},{"time":0.4333,"color":"ffffff36","curve":0,"c2":0.62,"c3":0.75},{"time":0.7333,"color":"ffffff00"}],"attachment":[{"name":"wild/zi3"}]},"zi8":{"color":[{"time":0.2333,"color":"ffffff00"},{"time":0.5,"color":"ffffff36","curve":0,"c2":0.55,"c3":0.75},{"time":0.8,"color":"ffffff00"}],"attachment":[{"time":0.2333,"name":"wild/zi4"}]}},"bones":{"wild2":{"scale":[{},{"time":0.1333,"x":1.2,"y":1.2},{"time":0.4333}]},"zi4":{"translate":[{"time":0.1},{"time":0.3667,"x":0.3,"y":0.6,"curve":0,"c2":0.56,"c3":0.75},{"time":0.7}],"scale":[{"time":0.1},{"time":0.3667,"x":1.35,"y":1.35,"curve":0,"c2":0.56,"c3":0.75},{"time":0.7}]},"xx1":{"rotate":[{},{"time":0.2,"angle":-75.05},{"time":0.3333}]},"xx3":{"rotate":[{},{"time":0.2,"angle":60.9},{"time":0.3333}]},"zi3":{"translate":[{"time":0.0333},{"time":0.3333,"x":-8.97,"curve":0,"c2":0.51,"c3":0.75},{"time":0.6667}],"scale":[{"time":0.0333},{"time":0.3333,"x":1.35,"y":1.35,"curve":0,"c2":0.51,"c3":0.75},{"time":0.6667}]},"zi5":{"translate":[{"time":0.1667},{"time":0.4333,"x":6.88,"y":1.5,"curve":0,"c2":0.62,"c3":0.75},{"time":0.7333}],"scale":[{"time":0.1667},{"time":0.4333,"x":1.35,"y":1.35,"curve":0,"c2":0.62,"c3":0.75},{"time":0.7333}]},"zi6":{"translate":[{"time":0.2333},{"time":0.5,"x":10.76,"y":0.9,"curve":0,"c2":0.55,"c3":0.75},{"time":0.8}],"scale":[{"time":0.2333},{"time":0.5,"x":1.35,"y":1.35,"curve":0,"c2":0.55,"c3":0.75},{"time":0.8}]}}},"tu_xigua":{"slots":{"xg-1":{"attachment":[{"name":"xg-1"}]},"xg-2":{"attachment":[{"name":"xg-2"}]},"xg-3":{"color":[{"color":"ffffff00"},{"time":0.4,"color":"ffffff99"},{"time":1,"color":"ffffff00"}],"attachment":[{"name":"xg-1g"}]}},"bones":{"3xigua":{"rotate":[{"curve":0.25,"c3":0.75},{"time":0.1667,"angle":-11.96,"curve":0.268,"c3":0.75},{"time":0.4333,"angle":9.97,"curve":0.25,"c3":0.546,"c4":1.07},{"time":0.6667,"angle":-5.63,"curve":0.25,"c3":0.75},{"time":0.8333,"angle":2.37},{"time":1}],"translate":[{},{"time":0.1667,"x":-8.62,"y":-5.17},{"time":0.4333,"x":-6.67,"y":-3.34},{"time":0.6667},{"time":0.8333,"x":0.58,"y":-0.47},{"time":1}],"scale":[{},{"time":0.1667,"x":1.1,"y":1.1},{"time":0.4333,"x":1.12,"y":1.12},{"time":0.6667}]}}},"tu_xingxing":{"slots":{"3xing":{"attachment":[{"name":"qietu/3baoshi"}]},"xing":{"color":[{"color":"ffffff00"},{"time":0.3333,"color":"ffffffff"},{"time":0.8667,"color":"ffffff00"}],"attachment":[{"name":"X1"}]},"zsg/zs-g1":{"color":[{"color":"ffffff00"},{"time":0.3333,"color":"ffffffd5"},{"time":1,"color":"ffffff00"}],"attachment":[{"name":"zsg/zs-g1"}]},"zsg/zs-g2":{"color":[{"color":"ffffff00"},{"time":0.3333,"color":"ffffff83"},{"time":1,"color":"ffffff00"}],"attachment":[{"time":0.1667,"name":"zsg/zs-g2"},{"time":0.2333,"name":"zsg/zs-g3"},{"time":0.3,"name":"zsg/zs-g4"},{"time":0.4,"name":"zsg/zs-g5"},{"time":0.5,"name":"zsg/zs-g6"},{"time":0.5667,"name":"zsg/zs-g7"},{"time":0.7333,"name":"zsg/zs-g8"},{"time":0.8333,"name":null}]},"zsg/zs-g9":{"color":[{"color":"ffffff00"},{"time":0.3333,"color":"ffffff83"},{"time":1,"color":"ffffff00"}],"attachment":[{"name":"zsg/zs-g9"},{"time":0.4,"name":"zsg/zs-g10"},{"time":0.6667,"name":"zsg/zs-g11"}]}},"bones":{"3xing":{"rotate":[{},{"time":0.1667,"angle":-21.55},{"time":0.6333,"angle":-14.61},{"time":1}],"scale":[{"curve":0.25,"c3":0.75},{"time":0.1667,"x":1.15,"y":1.15},{"time":0.4667,"x":1.2,"y":1.2},{"time":0.7333,"x":0.98,"y":0.98},{"time":1}]},"X":{"rotate":[{"curve":0.25,"c3":0.75},{"time":0.8667,"angle":96.7}],"translate":[{"x":-16.42,"y":32.49,"curve":0.029,"c2":0.35,"c3":0.75},{"time":0.1667,"x":-37.5,"y":14.83}],"scale":[{"x":0,"y":0},{"time":0.1667,"x":0.204,"y":0.204,"curve":0.097,"c2":0.28,"c3":0.722,"c4":0.95},{"time":0.3,"curve":"stepped"},{"time":0.5667,"curve":0.278,"c2":0.08,"c3":0.924,"c4":0.74},{"time":0.7,"x":0.347,"y":0.347}]}},"deform":{"default":{"3xing":{"qietu/3baoshi":[{},{"time":0.1667,"vertices":[0.1414,1.61159,0,0,-5.82837,4.49348,1.50985,6.59309,0,0,4.7018,-0.08766,0,0,0.74361,1.07165,4.04591,3.54266,5.86104,3.87056,11.04066,5.5273,8.75622,5.40291,6.60464,4.94212,12.72303,6.19192,25.69468,7.81469]},{"time":0.5,"offset":4,"vertices":[2.71117,4.04199,-1.09787,3.88065,0,0,0,0,0,0,-0.23874,-0.44134,0,0,0,0,-4.21762,-1.99727,-10.0993,-3.37976,-7.3499,-5.15199,-14.59854,-10.64392,-16.08914,-8.12641]},{"time":1}]}}}},"tu_yintao":{"slots":{"yt-y":{"attachment":[{"name":"yt-y"}]},"yt-y2":{"attachment":[{"name":"yt-yy"}]},"yt-yz":{"attachment":[{"name":"yt-yz"}]},"yt-z":{"attachment":[{"name":"yt-z"}]}},"bones":{"4yintao1":{"rotate":[{},{"time":0.2,"angle":-9.62},{"time":0.4333,"angle":5.58,"curve":0.532,"c3":0.75},{"time":0.7,"angle":-3.13},{"time":0.8333}]},"3yingtao2":{"rotate":[{},{"time":0.1667,"angle":7.69},{"time":0.5,"angle":-9.81},{"time":0.6667,"angle":2.13},{"time":0.8333}]},"3yingtao":{"rotate":[{},{"time":0.1,"angle":3.96},{"time":0.4,"angle":9.69},{"time":0.7,"angle":-0.99},{"time":0.8333}],"scale":[{},{"time":0.1,"x":1.2,"y":1.2,"curve":"stepped"},{"time":0.4,"x":1.2,"y":1.2,"curve":0,"c2":0.54,"c3":0.75},{"time":0.7}]}}}}}