{"skeleton":{"hash":"Zrw6BBEqBu22Lulr71tH32hzWJE","spine":"3.8.99"},"bones":[{"name":"root"},{"name":"guang","parent":"root"},{"name":"bone2","parent":"guang","x":93.74,"y":-0.98},{"name":"bone3","parent":"guang","x":-92.91,"y":-4.84},{"name":"bone4","parent":"guang","x":-148.12,"y":-2.27},{"name":"bone5","parent":"guang","x":148.08,"y":-0.98},{"name":"bone6","parent":"guang","x":-199.48,"y":-2.91},{"name":"bone7","parent":"guang","x":202.65,"y":-4.19},{"name":"f1","parent":"guang"},{"name":"f2","parent":"guang"},{"name":"f3","parent":"guang"},{"name":"f4","parent":"guang"},{"name":"dayf","parent":"root","x":-0.22,"y":-374},{"name":"yf","parent":"dayf","x":-101.26,"y":14.29},{"name":"yf/yf-1","parent":"yf","x":-34.23,"y":-0.13},{"name":"yf/yf-2","parent":"yf","x":-23.79,"y":-0.25},{"name":"yf/yf-3","parent":"yf","x":-13.95,"y":-0.25},{"name":"yf/yf-4","parent":"yf","x":-3.75,"y":-0.37},{"name":"yf/yf-5","parent":"yf","x":7.53,"y":-0.25},{"name":"yf/yf-6","parent":"yf","x":17.85,"y":-0.13},{"name":"yf/yf-7","parent":"yf","x":28.05,"y":-0.25},{"name":"yf/yf-8","parent":"yf","x":38.73,"y":-0.25},{"name":"yf2","parent":"dayf","x":112.54,"y":14.29,"scaleX":-1,"scaleY":1.3},{"name":"yf/yf-9","parent":"yf2","x":-34.23,"y":-0.13},{"name":"yf/yf-10","parent":"yf2","x":-23.79,"y":-0.25},{"name":"yf/yf-11","parent":"yf2","x":-13.95,"y":-0.25},{"name":"yf/yf-12","parent":"yf2","x":-3.75,"y":-0.37},{"name":"yf/yf-13","parent":"yf2","x":7.53,"y":-0.25},{"name":"yf/yf-14","parent":"yf2","x":17.85,"y":-0.13},{"name":"yf/yf-15","parent":"yf2","x":28.05,"y":-0.25},{"name":"yf/yf-16","parent":"yf2","x":38.73,"y":-0.25},{"name":"yf3","parent":"dayf","x":-13.02,"y":14.29,"scaleX":-1,"scaleY":1.3},{"name":"yf/yf-17","parent":"yf3","x":-34.23,"y":-0.13},{"name":"yf/yf-18","parent":"yf3","x":-23.79,"y":-0.25},{"name":"yf/yf-19","parent":"yf3","x":-13.95,"y":-0.25},{"name":"yf/yf-20","parent":"yf3","x":-3.75,"y":-0.37},{"name":"yf/yf-21","parent":"yf3","x":7.53,"y":-0.25},{"name":"yf/yf-22","parent":"yf3","x":17.85,"y":-0.13},{"name":"yf/yf-23","parent":"yf3","x":28.05,"y":-0.25},{"name":"yf/yf-24","parent":"yf3","x":38.73,"y":-0.25},{"name":"yf4","parent":"dayf","x":65.56,"y":14.29},{"name":"yf/yf-25","parent":"yf4","x":-34.23,"y":-0.13},{"name":"yf/yf-26","parent":"yf4","x":-23.79,"y":-0.25},{"name":"yf/yf-27","parent":"yf4","x":-13.95,"y":-0.25},{"name":"yf/yf-28","parent":"yf4","x":-3.75,"y":-0.37},{"name":"TX","parent":"root"},{"name":"02","parent":"TX"},{"name":"caihong","parent":"TX"},{"name":"bone","parent":"TX"},{"name":"diglow","parent":"TX"},{"name":"quan2","parent":"TX"},{"name":"xx","parent":"root"},{"name":"xing1","parent":"xx","rotation":0.41,"x":-105.44,"y":23.54},{"name":"xing2","parent":"xx","rotation":0.41,"x":-105.44,"y":23.54},{"name":"xing3","parent":"xx","rotation":0.41,"x":-105.44,"y":23.54},{"name":"xing4","parent":"xx","rotation":0.41,"x":103.59,"y":-43.03},{"name":"xing5","parent":"xx","rotation":0.41,"x":133.89,"y":-39.54,"scaleX":0.5,"scaleY":0.5},{"name":"xing6","parent":"xx","rotation":0.41,"x":-105.44,"y":23.54,"scaleX":0.5,"scaleY":0.5},{"name":"xing7","parent":"xx","rotation":0.41,"x":-104.9,"y":-52.39,"scaleX":0.5,"scaleY":0.5},{"name":"xing8","parent":"xx","rotation":0.41,"x":23.14,"y":-57.81,"scaleX":0.5,"scaleY":0.5},{"name":"xing9","parent":"xx","rotation":0.41,"x":23.14,"y":-57.81,"scaleX":0.5,"scaleY":0.5},{"name":"guang-1","parent":"root","x":-530.65,"y":-282.35}],"slots":[{"name":"guang-1","bone":"guang-1","blend":"additive"},{"name":"ui-zjk","bone":"root"},{"name":"ui-zjdi","bone":"root"},{"name":"ui-zjdi2","bone":"root","blend":"additive"},{"name":"quan111","bone":"bone3","blend":"additive"},{"name":"quan222","bone":"bone2","blend":"additive"},{"name":"quan333","bone":"bone4","blend":"additive"},{"name":"quan444","bone":"bone5","blend":"additive"},{"name":"quan555","bone":"bone6","blend":"additive"},{"name":"quan666","bone":"bone7","blend":"additive"},{"name":"fuhao1","bone":"f1","blend":"additive"},{"name":"fuhao3","bone":"f3","blend":"additive"},{"name":"fuhao2","bone":"f2","blend":"additive"},{"name":"fuhao4","bone":"f4","blend":"additive"},{"name":"yf/yf-1","bone":"yf/yf-1"},{"name":"yf/yf-25","bone":"yf/yf-25"},{"name":"yf/yf-9","bone":"yf/yf-9"},{"name":"yf/yf-17","bone":"yf/yf-17"},{"name":"yf/yf-2","bone":"yf/yf-2"},{"name":"yf/yf-26","bone":"yf/yf-26"},{"name":"yf/yf-10","bone":"yf/yf-10"},{"name":"yf/yf-18","bone":"yf/yf-18"},{"name":"yf/yf-3","bone":"yf/yf-3"},{"name":"yf/yf-27","bone":"yf/yf-27"},{"name":"yf/yf-11","bone":"yf/yf-11"},{"name":"yf/yf-19","bone":"yf/yf-19"},{"name":"yf/yf-4","bone":"yf/yf-4"},{"name":"yf/yf-28","bone":"yf/yf-28"},{"name":"yf/yf-12","bone":"yf/yf-12"},{"name":"yf/yf-20","bone":"yf/yf-20"},{"name":"yf/yf-5","bone":"yf/yf-5"},{"name":"yf/yf-13","bone":"yf/yf-13"},{"name":"yf/yf-21","bone":"yf/yf-21"},{"name":"yf/yf-6","bone":"yf/yf-6"},{"name":"yf/yf-14","bone":"yf/yf-14"},{"name":"yf/yf-22","bone":"yf/yf-22"},{"name":"yf/yf-7","bone":"yf/yf-7"},{"name":"yf/yf-15","bone":"yf/yf-15"},{"name":"yf/yf-23","bone":"yf/yf-23"},{"name":"yf/yf-8","bone":"yf/yf-8"},{"name":"yf/yf-16","bone":"yf/yf-16"},{"name":"yf/yf-24","bone":"yf/yf-24"},{"name":"glow_0007221","bone":"quan2","blend":"additive"},{"name":"guang1","bone":"bone","blend":"additive"},{"name":"diaan6","bone":"diglow","blend":"additive"},{"name":"caihong1","bone":"caihong","blend":"additive"},{"name":"0101010","bone":"02","blend":"additive"},{"name":"xing_bingo","bone":"xing1","blend":"additive"},{"name":"xing_bingo8","bone":"xing8","blend":"additive"},{"name":"xing_bingo9","bone":"xing9","blend":"additive"},{"name":"xing_bingo6","bone":"xing6","blend":"additive"},{"name":"xing_bingo7","bone":"xing7","blend":"additive"},{"name":"xing_bingo5","bone":"xing5","blend":"additive"},{"name":"xing_bingo4","bone":"xing4","blend":"additive"},{"name":"xing_bingo3","bone":"xing3","blend":"additive"},{"name":"xing_bingo2","bone":"xing2","blend":"additive"}],"skins":[{"name":"default","attachments":{"0101010":{"01010101":{"scaleX":4,"scaleY":4,"width":87,"height":86}},"caihong1":{"caihong3":{"scaleX":1.4,"scaleY":1.4,"width":128,"height":128}},"diaan6":{"diaan":{"path":"dian01","scaleX":4,"scaleY":4,"width":64,"height":64}},"fuhao1":{"fuhao1":{"width":111,"height":158}},"fuhao2":{"fuhao2":{"width":81,"height":115}},"fuhao3":{"fuhao1":{"width":111,"height":158}},"fuhao4":{"fuhao2":{"width":81,"height":115}},"glow_0007221":{"quan01":{"scaleX":0.9,"scaleY":0.9,"width":128,"height":128}},"guang-1":{"guang-1":{"x":-4.3,"y":0.81,"width":865,"height":73}},"guang1":{"guang4":{"width":50,"height":50}},"quan111":{"quan111":{"x":29.65,"y":9.33,"width":107,"height":131}},"quan222":{"quan222":{"x":-27.42,"y":5.98,"width":105,"height":132}},"quan333":{"quan333":{"x":18.09,"y":58.26,"width":114,"height":234}},"quan444":{"quan444":{"x":-29.78,"y":9.48,"width":160,"height":139}},"quan555":{"quan555":{"x":17.95,"y":16.4,"width":57,"height":149}},"quan666":{"quan666":{"x":-17.85,"y":17.69,"width":57,"height":149}},"ui-zjdi":{"777/ui-zjdi":{"x":4.5,"y":-322,"width":383,"height":78}},"ui-zjdi2":{"777/ui-zjdi":{"x":4.5,"y":-322,"width":383,"height":78}},"ui-zjk":{"777/ui-zjk":{"x":4.5,"y":-324.5,"width":507,"height":101}},"xing_bingo":{"fuhao2":{"width":81,"height":115}},"xing_bingo2":{"fuhao2":{"width":81,"height":115}},"xing_bingo3":{"fuhao1":{"width":111,"height":158}},"xing_bingo4":{"fuhao2":{"width":81,"height":115}},"xing_bingo5":{"fuhao1":{"width":111,"height":158}},"xing_bingo6":{"fuhao1":{"width":111,"height":158}},"xing_bingo7":{"fuhao1":{"width":111,"height":158}},"xing_bingo8":{"fuhao2":{"width":81,"height":115}},"xing_bingo9":{"fuhao2":{"width":81,"height":115}},"yf/yf-1":{"yf/yf-1":{"x":0.42,"y":10.76,"width":10,"height":22}},"yf/yf-2":{"yf/yf-2":{"x":0.63,"y":25.38,"width":11,"height":51}},"yf/yf-3":{"yf/yf-3":{"x":0.68,"y":8.84,"width":10,"height":18}},"yf/yf-4":{"yf/yf-4":{"x":0.69,"y":9.45,"width":10,"height":19}},"yf/yf-5":{"yf/yf-5":{"x":0.03,"y":14.39,"width":11,"height":29}},"yf/yf-6":{"yf/yf-6":{"x":0.23,"y":6.77,"width":10,"height":14}},"yf/yf-7":{"yf/yf-7":{"x":-0.09,"y":10.89,"width":11,"height":22}},"yf/yf-8":{"yf/yf-8":{"x":-0.06,"y":8.44,"width":10,"height":17}},"yf/yf-9":{"yf/yf-1":{"x":0.42,"y":10.76,"width":10,"height":22}},"yf/yf-10":{"yf/yf-2":{"x":0.63,"y":25.38,"width":11,"height":51}},"yf/yf-11":{"yf/yf-3":{"x":0.68,"y":8.84,"width":10,"height":18}},"yf/yf-12":{"yf/yf-4":{"x":0.69,"y":9.45,"width":10,"height":19}},"yf/yf-13":{"yf/yf-5":{"x":0.03,"y":14.39,"width":11,"height":29}},"yf/yf-14":{"yf/yf-6":{"x":0.23,"y":6.77,"width":10,"height":14}},"yf/yf-15":{"yf/yf-7":{"x":-0.09,"y":10.89,"width":11,"height":22}},"yf/yf-16":{"yf/yf-8":{"x":-0.06,"y":8.44,"width":10,"height":17}},"yf/yf-17":{"yf/yf-1":{"x":0.42,"y":10.76,"width":10,"height":22}},"yf/yf-18":{"yf/yf-2":{"x":0.63,"y":25.38,"width":11,"height":51}},"yf/yf-19":{"yf/yf-3":{"x":0.68,"y":8.84,"width":10,"height":18}},"yf/yf-20":{"yf/yf-4":{"x":0.69,"y":9.45,"width":10,"height":19}},"yf/yf-21":{"yf/yf-5":{"x":0.03,"y":14.39,"width":11,"height":29}},"yf/yf-22":{"yf/yf-6":{"x":0.23,"y":6.77,"width":10,"height":14}},"yf/yf-23":{"yf/yf-7":{"x":-0.09,"y":10.89,"width":11,"height":22}},"yf/yf-24":{"yf/yf-8":{"x":-0.06,"y":8.44,"width":10,"height":17}},"yf/yf-25":{"yf/yf-1":{"x":0.42,"y":10.76,"width":10,"height":22}},"yf/yf-26":{"yf/yf-2":{"x":0.63,"y":25.38,"width":11,"height":51}},"yf/yf-27":{"yf/yf-3":{"x":0.68,"y":8.84,"width":10,"height":18}},"yf/yf-28":{"yf/yf-4":{"x":0.69,"y":9.45,"width":10,"height":19}}}}],"animations":{"bianguang":{"slots":{"guang-1":{"color":[{"color":"ffffff00"},{"time":0.5,"color":"ffffffff","curve":"stepped"},{"time":4.1667,"color":"ffffffff"},{"time":4.6667,"color":"ffffff00"}],"attachment":[{"name":"guang-1"}]}},"bones":{"guang-1":{"translate":[{"x":51.35,"curve":0.25,"c3":0.75},{"time":4.6667,"x":1057.41}]}}},"yf1":{"slots":{"ui-zjdi":{"attachment":[{"name":"777/ui-zjdi"}]},"ui-zjk":{"attachment":[{"name":"777/ui-zjk"}]},"yf/yf-1":{"color":[{"color":"ffffff3d"}],"attachment":[{"name":"yf/yf-1"}]},"yf/yf-2":{"color":[{"color":"ffffff3d"}],"attachment":[{"name":"yf/yf-2"}]},"yf/yf-3":{"color":[{"color":"ffffff3d"}],"attachment":[{"name":"yf/yf-3"}]},"yf/yf-4":{"color":[{"color":"ffffff3d"}],"attachment":[{"name":"yf/yf-4"}]},"yf/yf-5":{"color":[{"color":"ffffff3d"}],"attachment":[{"name":"yf/yf-5"}]},"yf/yf-6":{"color":[{"color":"ffffff3d"}],"attachment":[{"name":"yf/yf-6"}]},"yf/yf-7":{"color":[{"color":"ffffff3d"}],"attachment":[{"name":"yf/yf-7"}]},"yf/yf-8":{"color":[{"color":"ffffff3d"}],"attachment":[{"name":"yf/yf-8"}]},"yf/yf-9":{"color":[{"color":"ffffff3d"}],"attachment":[{"name":"yf/yf-1"}]},"yf/yf-10":{"color":[{"color":"ffffff3d"}],"attachment":[{"name":"yf/yf-2"}]},"yf/yf-11":{"color":[{"color":"ffffff3d"}],"attachment":[{"name":"yf/yf-3"}]},"yf/yf-12":{"color":[{"color":"ffffff3d"}],"attachment":[{"name":"yf/yf-4"}]},"yf/yf-13":{"color":[{"color":"ffffff3d"}],"attachment":[{"name":"yf/yf-5"}]},"yf/yf-14":{"color":[{"color":"ffffff3d"}],"attachment":[{"name":"yf/yf-6"}]},"yf/yf-15":{"color":[{"color":"ffffff3d"}],"attachment":[{"name":"yf/yf-7"}]},"yf/yf-16":{"color":[{"color":"ffffff3d"}],"attachment":[{"name":"yf/yf-8"}]},"yf/yf-17":{"color":[{"color":"ffffff3d"}],"attachment":[{"name":"yf/yf-1"}]},"yf/yf-18":{"color":[{"color":"ffffff3d"}],"attachment":[{"name":"yf/yf-2"}]},"yf/yf-19":{"color":[{"color":"ffffff3d"}],"attachment":[{"name":"yf/yf-3"}]},"yf/yf-20":{"color":[{"color":"ffffff3d"}],"attachment":[{"name":"yf/yf-4"}]},"yf/yf-21":{"color":[{"color":"ffffff3d"}],"attachment":[{"name":"yf/yf-5"}]},"yf/yf-22":{"color":[{"color":"ffffff3d"}],"attachment":[{"name":"yf/yf-6"}]},"yf/yf-23":{"color":[{"color":"ffffff3d"}],"attachment":[{"name":"yf/yf-7"}]},"yf/yf-24":{"color":[{"color":"ffffff3d"}],"attachment":[{"name":"yf/yf-8"}]},"yf/yf-25":{"color":[{"color":"ffffff3d"}],"attachment":[{"name":"yf/yf-1"}]},"yf/yf-26":{"color":[{"color":"ffffff3d"}],"attachment":[{"name":"yf/yf-2"}]},"yf/yf-27":{"color":[{"color":"ffffff3d"}],"attachment":[{"name":"yf/yf-3"}]},"yf/yf-28":{"color":[{"color":"ffffff3d"}],"attachment":[{"name":"yf/yf-4"}]}},"bones":{"yf/yf-1":{"scale":[{"y":1.459,"curve":0.25,"c3":0.75},{"time":0.2,"curve":0.077,"c2":0.5,"c3":0.75},{"time":0.3333,"y":1.459,"curve":0.25,"c3":0.75},{"time":0.5333,"curve":0.077,"c2":0.5,"c3":0.75},{"time":0.6667,"y":1.459,"curve":0.25,"c3":0.75},{"time":0.8667,"curve":0.077,"c2":0.5,"c3":0.75},{"time":1,"y":1.459}]},"yf/yf-3":{"scale":[{"y":1.971,"curve":0.25,"c3":0.75},{"time":0.2,"curve":0.077,"c2":0.5,"c3":0.75},{"time":0.3333,"y":1.971,"curve":0.25,"c3":0.75},{"time":0.5333,"curve":0.077,"c2":0.5,"c3":0.75},{"time":0.6667,"y":1.971,"curve":0.25,"c3":0.75},{"time":0.8667,"curve":0.077,"c2":0.5,"c3":0.75},{"time":1,"y":1.971}]},"yf/yf-4":{"scale":[{"y":1.877,"curve":0.25,"c3":0.75},{"time":0.2,"curve":0.077,"c2":0.5,"c3":0.75},{"time":0.3333,"y":1.877,"curve":0.25,"c3":0.75},{"time":0.5333,"curve":0.077,"c2":0.5,"c3":0.75},{"time":0.6667,"y":1.877,"curve":0.25,"c3":0.75},{"time":0.8667,"curve":0.077,"c2":0.5,"c3":0.75},{"time":1,"y":1.877}]},"yf/yf-5":{"scale":[{"y":0.494,"curve":0.25,"c3":0.75},{"time":0.2,"curve":0.077,"c2":0.5,"c3":0.75},{"time":0.3333,"y":0.494,"curve":0.25,"c3":0.75},{"time":0.5333,"curve":0.077,"c2":0.5,"c3":0.75},{"time":0.6667,"y":0.494,"curve":0.25,"c3":0.75},{"time":0.8667,"curve":0.077,"c2":0.5,"c3":0.75},{"time":1,"y":0.494}]},"yf/yf-6":{"scale":[{"y":2.053,"curve":0.25,"c3":0.75},{"time":0.2,"curve":0.077,"c2":0.5,"c3":0.75},{"time":0.3333,"y":2.053,"curve":0.25,"c3":0.75},{"time":0.5333,"curve":0.077,"c2":0.5,"c3":0.75},{"time":0.6667,"y":2.053,"curve":0.25,"c3":0.75},{"time":0.8667,"curve":0.077,"c2":0.5,"c3":0.75},{"time":1,"y":2.053}]},"yf/yf-7":{"scale":[{"y":2.619,"curve":0.25,"c3":0.75},{"time":0.2,"curve":0.077,"c2":0.5,"c3":0.75},{"time":0.3333,"y":2.619,"curve":0.25,"c3":0.75},{"time":0.5333,"curve":0.077,"c2":0.5,"c3":0.75},{"time":0.6667,"y":2.619,"curve":0.25,"c3":0.75},{"time":0.8667,"curve":0.077,"c2":0.5,"c3":0.75},{"time":1,"y":2.619}]},"yf/yf-8":{"scale":[{"y":0.961,"curve":0.25,"c3":0.75},{"time":0.2,"y":2.742,"curve":0.077,"c2":0.5,"c3":0.75},{"time":0.3333,"y":0.961,"curve":0.25,"c3":0.75},{"time":0.5333,"y":2.742,"curve":0.077,"c2":0.5,"c3":0.75},{"time":0.6667,"y":0.961,"curve":0.25,"c3":0.75},{"time":0.8667,"y":2.742,"curve":0.077,"c2":0.5,"c3":0.75},{"time":1,"y":0.961}]},"yf/yf-2":{"scale":[{"y":0.292,"curve":0.25,"c3":0.75},{"time":0.2,"curve":0.077,"c2":0.5,"c3":0.75},{"time":0.3333,"y":0.292,"curve":0.25,"c3":0.75},{"time":0.5333,"curve":0.077,"c2":0.5,"c3":0.75},{"time":0.6667,"y":0.292,"curve":0.25,"c3":0.75},{"time":0.8667,"curve":0.077,"c2":0.5,"c3":0.75},{"time":1,"y":0.292}]},"yf/yf-9":{"scale":[{"y":1.124,"curve":0.25,"c3":0.75},{"time":0.2,"y":0.666,"curve":0.077,"c2":0.5,"c3":0.75},{"time":0.3333,"y":1.124,"curve":0.25,"c3":0.75},{"time":0.5333,"y":0.666,"curve":0.077,"c2":0.5,"c3":0.75},{"time":0.6667,"y":1.124,"curve":0.25,"c3":0.75},{"time":0.8667,"y":0.666,"curve":0.077,"c2":0.5,"c3":0.75},{"time":1,"y":1.124}]},"yf/yf-10":{"scale":[{"y":0.292,"curve":0.25,"c3":0.75},{"time":0.2,"curve":0.077,"c2":0.5,"c3":0.75},{"time":0.3333,"y":0.292,"curve":0.25,"c3":0.75},{"time":0.5333,"curve":0.077,"c2":0.5,"c3":0.75},{"time":0.6667,"y":0.292,"curve":0.25,"c3":0.75},{"time":0.8667,"curve":0.077,"c2":0.5,"c3":0.75},{"time":1,"y":0.292}]},"yf/yf-11":{"scale":[{"y":1.971,"curve":0.25,"c3":0.75},{"time":0.2,"curve":0.077,"c2":0.5,"c3":0.75},{"time":0.3333,"y":1.971,"curve":0.25,"c3":0.75},{"time":0.5333,"curve":0.077,"c2":0.5,"c3":0.75},{"time":0.6667,"y":1.971,"curve":0.25,"c3":0.75},{"time":0.8667,"curve":0.077,"c2":0.5,"c3":0.75},{"time":1,"y":1.971}]},"yf/yf-12":{"scale":[{"y":1.877,"curve":0.25,"c3":0.75},{"time":0.2,"curve":0.077,"c2":0.5,"c3":0.75},{"time":0.3333,"y":1.877,"curve":0.25,"c3":0.75},{"time":0.5333,"curve":0.077,"c2":0.5,"c3":0.75},{"time":0.6667,"y":1.877,"curve":0.25,"c3":0.75},{"time":0.8667,"curve":0.077,"c2":0.5,"c3":0.75},{"time":1,"y":1.877}]},"yf/yf-13":{"scale":[{"y":0.494,"curve":0.25,"c3":0.75},{"time":0.2,"curve":0.077,"c2":0.5,"c3":0.75},{"time":0.3333,"y":0.494,"curve":0.25,"c3":0.75},{"time":0.5333,"curve":0.077,"c2":0.5,"c3":0.75},{"time":0.6667,"y":0.494,"curve":0.25,"c3":0.75},{"time":0.8667,"curve":0.077,"c2":0.5,"c3":0.75},{"time":1,"y":0.494}]},"yf/yf-14":{"scale":[{"y":2.053,"curve":0.25,"c3":0.75},{"time":0.2,"curve":0.077,"c2":0.5,"c3":0.75},{"time":0.3333,"y":2.053,"curve":0.25,"c3":0.75},{"time":0.5333,"curve":0.077,"c2":0.5,"c3":0.75},{"time":0.6667,"y":2.053,"curve":0.25,"c3":0.75},{"time":0.8667,"curve":0.077,"c2":0.5,"c3":0.75},{"time":1,"y":2.053}]},"yf/yf-15":{"scale":[{"y":2.619,"curve":0.25,"c3":0.75},{"time":0.2,"curve":0.077,"c2":0.5,"c3":0.75},{"time":0.3333,"y":2.619,"curve":0.25,"c3":0.75},{"time":0.5333,"curve":0.077,"c2":0.5,"c3":0.75},{"time":0.6667,"y":2.619,"curve":0.25,"c3":0.75},{"time":0.8667,"curve":0.077,"c2":0.5,"c3":0.75},{"time":1,"y":2.619}]},"yf/yf-16":{"scale":[{"y":0.961,"curve":0.25,"c3":0.75},{"time":0.2,"y":2.742,"curve":0.077,"c2":0.5,"c3":0.75},{"time":0.3333,"y":0.961,"curve":0.25,"c3":0.75},{"time":0.5333,"y":2.742,"curve":0.077,"c2":0.5,"c3":0.75},{"time":0.6667,"y":0.961,"curve":0.25,"c3":0.75},{"time":0.8667,"y":2.742,"curve":0.077,"c2":0.5,"c3":0.75},{"time":1,"y":0.961}]},"yf/yf-17":{"scale":[{"y":1.124,"curve":0.25,"c3":0.75},{"time":0.2,"y":0.666,"curve":0.077,"c2":0.5,"c3":0.75},{"time":0.3333,"y":1.124,"curve":0.25,"c3":0.75},{"time":0.5333,"y":0.666,"curve":0.077,"c2":0.5,"c3":0.75},{"time":0.6667,"y":1.124,"curve":0.25,"c3":0.75},{"time":0.8667,"y":0.666,"curve":0.077,"c2":0.5,"c3":0.75},{"time":1,"y":1.124}]},"yf/yf-18":{"scale":[{"y":0.292,"curve":0.25,"c3":0.75},{"time":0.2,"curve":0.077,"c2":0.5,"c3":0.75},{"time":0.3333,"y":0.292,"curve":0.25,"c3":0.75},{"time":0.5333,"curve":0.077,"c2":0.5,"c3":0.75},{"time":0.6667,"y":0.292,"curve":0.25,"c3":0.75},{"time":0.8667,"curve":0.077,"c2":0.5,"c3":0.75},{"time":1,"y":0.292}]},"yf/yf-19":{"scale":[{"y":1.971,"curve":0.25,"c3":0.75},{"time":0.2,"curve":0.077,"c2":0.5,"c3":0.75},{"time":0.3333,"y":1.971,"curve":0.25,"c3":0.75},{"time":0.5333,"curve":0.077,"c2":0.5,"c3":0.75},{"time":0.6667,"y":1.971,"curve":0.25,"c3":0.75},{"time":0.8667,"curve":0.077,"c2":0.5,"c3":0.75},{"time":1,"y":1.971}]},"yf/yf-20":{"scale":[{"y":1.877,"curve":0.25,"c3":0.75},{"time":0.2,"curve":0.077,"c2":0.5,"c3":0.75},{"time":0.3333,"y":1.877,"curve":0.25,"c3":0.75},{"time":0.5333,"curve":0.077,"c2":0.5,"c3":0.75},{"time":0.6667,"y":1.877,"curve":0.25,"c3":0.75},{"time":0.8667,"curve":0.077,"c2":0.5,"c3":0.75},{"time":1,"y":1.877}]},"yf/yf-21":{"scale":[{"y":0.494,"curve":0.25,"c3":0.75},{"time":0.2,"curve":0.077,"c2":0.5,"c3":0.75},{"time":0.3333,"y":0.494,"curve":0.25,"c3":0.75},{"time":0.5333,"curve":0.077,"c2":0.5,"c3":0.75},{"time":0.6667,"y":0.494,"curve":0.25,"c3":0.75},{"time":0.8667,"curve":0.077,"c2":0.5,"c3":0.75},{"time":1,"y":0.494}]},"yf/yf-22":{"scale":[{"y":2.053,"curve":0.25,"c3":0.75},{"time":0.2,"curve":0.077,"c2":0.5,"c3":0.75},{"time":0.3333,"y":2.053,"curve":0.25,"c3":0.75},{"time":0.5333,"curve":0.077,"c2":0.5,"c3":0.75},{"time":0.6667,"y":2.053,"curve":0.25,"c3":0.75},{"time":0.8667,"curve":0.077,"c2":0.5,"c3":0.75},{"time":1,"y":2.053}]},"yf/yf-23":{"scale":[{"y":2.619,"curve":0.25,"c3":0.75},{"time":0.2,"curve":0.077,"c2":0.5,"c3":0.75},{"time":0.3333,"y":2.619,"curve":0.25,"c3":0.75},{"time":0.5333,"curve":0.077,"c2":0.5,"c3":0.75},{"time":0.6667,"y":2.619,"curve":0.25,"c3":0.75},{"time":0.8667,"curve":0.077,"c2":0.5,"c3":0.75},{"time":1,"y":2.619}]},"yf/yf-24":{"scale":[{"y":0.961,"curve":0.25,"c3":0.75},{"time":0.2,"y":2.742,"curve":0.077,"c2":0.5,"c3":0.75},{"time":0.3333,"y":0.961,"curve":0.25,"c3":0.75},{"time":0.5333,"y":2.742,"curve":0.077,"c2":0.5,"c3":0.75},{"time":0.6667,"y":0.961,"curve":0.25,"c3":0.75},{"time":0.8667,"y":2.742,"curve":0.077,"c2":0.5,"c3":0.75},{"time":1,"y":0.961}]},"yf/yf-25":{"scale":[{"y":1.124,"curve":0.25,"c3":0.75},{"time":0.2,"curve":0.077,"c2":0.5,"c3":0.75},{"time":0.3333,"y":1.124,"curve":0.25,"c3":0.75},{"time":0.5333,"curve":0.077,"c2":0.5,"c3":0.75},{"time":0.6667,"y":1.124,"curve":0.25,"c3":0.75},{"time":0.8667,"curve":0.077,"c2":0.5,"c3":0.75},{"time":1,"y":1.124}]},"yf/yf-26":{"scale":[{"y":0.292,"curve":0.25,"c3":0.75},{"time":0.2,"curve":0.077,"c2":0.5,"c3":0.75},{"time":0.3333,"y":0.292,"curve":0.25,"c3":0.75},{"time":0.5333,"curve":0.077,"c2":0.5,"c3":0.75},{"time":0.6667,"y":0.292,"curve":0.25,"c3":0.75},{"time":0.8667,"curve":0.077,"c2":0.5,"c3":0.75},{"time":1,"y":0.292}]},"yf/yf-27":{"scale":[{"y":1.971,"curve":0.25,"c3":0.75},{"time":0.2,"curve":0.077,"c2":0.5,"c3":0.75},{"time":0.3333,"y":1.971,"curve":0.25,"c3":0.75},{"time":0.5333,"curve":0.077,"c2":0.5,"c3":0.75},{"time":0.6667,"y":1.971,"curve":0.25,"c3":0.75},{"time":0.8667,"curve":0.077,"c2":0.5,"c3":0.75},{"time":1,"y":1.971}]},"yf/yf-28":{"scale":[{"y":1.877,"curve":0.25,"c3":0.75},{"time":0.2,"curve":0.077,"c2":0.5,"c3":0.75},{"time":0.3333,"y":1.877,"curve":0.25,"c3":0.75},{"time":0.5333,"curve":0.077,"c2":0.5,"c3":0.75},{"time":0.6667,"y":1.877,"curve":0.25,"c3":0.75},{"time":0.8667,"curve":0.077,"c2":0.5,"c3":0.75},{"time":1,"y":1.877}]},"guang":{"translate":[{"y":-307.25}]},"root":{"translate":[{"y":323.95}]}}},"yf2":{"slots":{"fuhao1":{"color":[{"time":0.0333,"color":"ffffff34"},{"time":0.1,"color":"ffffffff","curve":"stepped"},{"time":0.2333,"color":"ffffffff"},{"time":0.4333,"color":"ffffff00","curve":"stepped"},{"time":1.1,"color":"ffffff34"},{"time":1.1667,"color":"ffffffff","curve":"stepped"},{"time":1.3,"color":"ffffffff"},{"time":1.5,"color":"ffffff00"}],"attachment":[{"time":0.0333,"name":"fuhao1"}]},"fuhao2":{"color":[{"time":0.2333,"color":"ffffff00"},{"time":0.3,"color":"ffffffff","curve":"stepped"},{"time":0.4333,"color":"ffffffff"},{"time":0.6667,"color":"ffffff00","curve":"stepped"},{"time":1.3,"color":"ffffff00"},{"time":1.3667,"color":"ffffffff","curve":"stepped"},{"time":1.5,"color":"ffffffff"},{"time":1.7333,"color":"ffffff00"}],"attachment":[{"time":0.2333,"name":"fuhao2"}]},"fuhao3":{"color":[{"time":0.4333,"color":"ffffff34"},{"time":0.5667,"color":"ffffff71","curve":"stepped"},{"time":0.6,"color":"ffffff71"},{"time":0.8,"color":"ffffff00","curve":"stepped"},{"time":1.5,"color":"ffffff34"},{"time":1.6333,"color":"ffffff71","curve":"stepped"},{"time":1.6667,"color":"ffffff71"},{"time":1.8667,"color":"ffffff00"}],"attachment":[{"time":0.4333,"name":"fuhao1"}]},"fuhao4":{"color":[{"time":0.5667,"color":"ffffff00"},{"time":0.6,"color":"ffffffff","curve":"stepped"},{"time":0.7333,"color":"ffffffff"},{"time":0.9333,"color":"ffffff00","curve":"stepped"},{"time":1.6333,"color":"ffffff00"},{"time":1.6667,"color":"ffffffff","curve":"stepped"},{"time":1.8,"color":"ffffffff"},{"time":2,"color":"ffffff00"}],"attachment":[{"time":0.5667,"name":"fuhao2"}]},"ui-zjdi":{"attachment":[{"name":"777/ui-zjdi"}]},"ui-zjdi2":{"color":[{"color":"ffffff00","curve":0.25,"c3":0.75},{"time":0.1333,"color":"ffffff57"},{"time":0.2667,"color":"ffffff00"},{"time":0.4,"color":"ffffff57"},{"time":0.5333,"color":"ffffff00"},{"time":0.6667,"color":"ffffff57"},{"time":0.8,"color":"ffffff00"},{"time":0.9333,"color":"ffffff57"},{"time":1.0667,"color":"ffffff00","curve":0.25,"c3":0.75},{"time":1.2,"color":"ffffff57"},{"time":1.3333,"color":"ffffff00"},{"time":1.4667,"color":"ffffff57"},{"time":1.6,"color":"ffffff00"},{"time":1.7333,"color":"ffffff57"},{"time":1.8667,"color":"ffffff00"},{"time":2,"color":"ffffff57"},{"time":2.1333,"color":"ffffff00"}],"attachment":[{"name":"777/ui-zjdi"}]},"ui-zjk":{"attachment":[{"name":"777/ui-zjk"}]},"yf/yf-1":{"color":[{"color":"ffffff3d"},{"time":0.2,"color":"ffffffb1"},{"time":0.2667,"color":"ffffff3d"},{"time":0.4667,"color":"ffffffb1"},{"time":0.5333,"color":"ffffff3d"},{"time":0.7333,"color":"ffffffb1"},{"time":0.8,"color":"ffffff3d"},{"time":1,"color":"ffffffb1"},{"time":1.0667,"color":"ffffff3d"},{"time":1.2667,"color":"ffffffb1"},{"time":1.3333,"color":"ffffff3d"},{"time":1.5333,"color":"ffffffb1"},{"time":1.6,"color":"ffffff3d"},{"time":1.8,"color":"ffffffb1"},{"time":1.8667,"color":"ffffff3d"},{"time":2.0667,"color":"ffffffb1"},{"time":2.1333,"color":"ffffff3d"}],"attachment":[{"name":"yf/yf-1"}]},"yf/yf-2":{"color":[{"color":"ffffff3d"},{"time":0.1,"color":"ffffffb1"},{"time":0.2667,"color":"ffffff3d"},{"time":0.3667,"color":"ffffffb1"},{"time":0.5333,"color":"ffffff3d"},{"time":0.6333,"color":"ffffffb1"},{"time":0.8,"color":"ffffff3d"},{"time":0.9,"color":"ffffffb1"},{"time":1.0667,"color":"ffffff3d"},{"time":1.1667,"color":"ffffffb1"},{"time":1.3333,"color":"ffffff3d"},{"time":1.4333,"color":"ffffffb1"},{"time":1.6,"color":"ffffff3d"},{"time":1.7,"color":"ffffffb1"},{"time":1.8667,"color":"ffffff3d"},{"time":1.9667,"color":"ffffffb1"},{"time":2.1333,"color":"ffffff3d"}],"attachment":[{"name":"yf/yf-2"}]},"yf/yf-3":{"color":[{"color":"ffffff3d"},{"time":0.0667,"color":"ffffffb1"},{"time":0.2667,"color":"ffffff3d"},{"time":0.3333,"color":"ffffffb1"},{"time":0.5333,"color":"ffffff3d"},{"time":0.6,"color":"ffffffb1"},{"time":0.8,"color":"ffffff3d"},{"time":0.8667,"color":"ffffffb1"},{"time":1.0667,"color":"ffffff3d"},{"time":1.1333,"color":"ffffffb1"},{"time":1.3333,"color":"ffffff3d"},{"time":1.4,"color":"ffffffb1"},{"time":1.6,"color":"ffffff3d"},{"time":1.6667,"color":"ffffffb1"},{"time":1.8667,"color":"ffffff3d"},{"time":1.9333,"color":"ffffffb1"},{"time":2.1333,"color":"ffffff3d"}],"attachment":[{"name":"yf/yf-3"}]},"yf/yf-4":{"color":[{"color":"ffffff3d"},{"time":0.1667,"color":"ffffffb1"},{"time":0.2667,"color":"ffffff3d"},{"time":0.4333,"color":"ffffffb1"},{"time":0.5333,"color":"ffffff3d"},{"time":0.7,"color":"ffffffb1"},{"time":0.8,"color":"ffffff3d"},{"time":0.9667,"color":"ffffffb1"},{"time":1.0667,"color":"ffffff3d"},{"time":1.2333,"color":"ffffffb1"},{"time":1.3333,"color":"ffffff3d"},{"time":1.5,"color":"ffffffb1"},{"time":1.6,"color":"ffffff3d"},{"time":1.7667,"color":"ffffffb1"},{"time":1.8667,"color":"ffffff3d"},{"time":2.0333,"color":"ffffffb1"},{"time":2.1333,"color":"ffffff3d"}],"attachment":[{"name":"yf/yf-4"}]},"yf/yf-5":{"color":[{"color":"ffffff3d"},{"time":0.1,"color":"ffffffb1"},{"time":0.2667,"color":"ffffff3d"},{"time":0.3667,"color":"ffffffb1"},{"time":0.5333,"color":"ffffff3d"},{"time":0.6333,"color":"ffffffb1"},{"time":0.8,"color":"ffffff3d"},{"time":0.9,"color":"ffffffb1"},{"time":1.0667,"color":"ffffff3d"},{"time":1.1667,"color":"ffffffb1"},{"time":1.3333,"color":"ffffff3d"},{"time":1.4333,"color":"ffffffb1"},{"time":1.6,"color":"ffffff3d"},{"time":1.7,"color":"ffffffb1"},{"time":1.8667,"color":"ffffff3d"},{"time":1.9667,"color":"ffffffb1"},{"time":2.1333,"color":"ffffff3d"}],"attachment":[{"name":"yf/yf-5"}]},"yf/yf-6":{"color":[{"color":"ffffff3d"},{"time":0.1,"color":"ffffffb1"},{"time":0.2667,"color":"ffffff3d"},{"time":0.3667,"color":"ffffffb1"},{"time":0.5333,"color":"ffffff3d"},{"time":0.6333,"color":"ffffffb1"},{"time":0.8,"color":"ffffff3d"},{"time":0.9,"color":"ffffffb1"},{"time":1.0667,"color":"ffffff3d"},{"time":1.1667,"color":"ffffffb1"},{"time":1.3333,"color":"ffffff3d"},{"time":1.4333,"color":"ffffffb1"},{"time":1.6,"color":"ffffff3d"},{"time":1.7,"color":"ffffffb1"},{"time":1.8667,"color":"ffffff3d"},{"time":1.9667,"color":"ffffffb1"},{"time":2.1333,"color":"ffffff3d"}],"attachment":[{"name":"yf/yf-6"}]},"yf/yf-7":{"color":[{"color":"ffffff3d"},{"time":0.2,"color":"ffffffb1"},{"time":0.2667,"color":"ffffff3d"},{"time":0.4667,"color":"ffffffb1"},{"time":0.5333,"color":"ffffff3d"},{"time":0.7333,"color":"ffffffb1"},{"time":0.8,"color":"ffffff3d"},{"time":1,"color":"ffffffb1"},{"time":1.0667,"color":"ffffff3d"},{"time":1.2667,"color":"ffffffb1"},{"time":1.3333,"color":"ffffff3d"},{"time":1.5333,"color":"ffffffb1"},{"time":1.6,"color":"ffffff3d"},{"time":1.8,"color":"ffffffb1"},{"time":1.8667,"color":"ffffff3d"},{"time":2.0667,"color":"ffffffb1"},{"time":2.1333,"color":"ffffff3d"}],"attachment":[{"name":"yf/yf-7"}]},"yf/yf-8":{"color":[{"color":"ffffff3d"},{"time":0.0667,"color":"ffffffb1"},{"time":0.2667,"color":"ffffff3d"},{"time":0.3333,"color":"ffffffb1"},{"time":0.5333,"color":"ffffff3d"},{"time":0.6,"color":"ffffffb1"},{"time":0.8,"color":"ffffff3d"},{"time":0.8667,"color":"ffffffb1"},{"time":1.0667,"color":"ffffff3d"},{"time":1.1333,"color":"ffffffb1"},{"time":1.3333,"color":"ffffff3d"},{"time":1.4,"color":"ffffffb1"},{"time":1.6,"color":"ffffff3d"},{"time":1.6667,"color":"ffffffb1"},{"time":1.8667,"color":"ffffff3d"},{"time":1.9333,"color":"ffffffb1"},{"time":2.1333,"color":"ffffff3d"}],"attachment":[{"name":"yf/yf-8"}]},"yf/yf-9":{"color":[{"color":"ffffff3d"},{"time":0.2,"color":"ffffffb1"},{"time":0.2667,"color":"ffffff3d"},{"time":0.4667,"color":"ffffffb1"},{"time":0.5333,"color":"ffffff3d"},{"time":0.7333,"color":"ffffffb1"},{"time":0.8,"color":"ffffff3d"},{"time":1,"color":"ffffffb1"},{"time":1.0667,"color":"ffffff3d"},{"time":1.2667,"color":"ffffffb1"},{"time":1.3333,"color":"ffffff3d"},{"time":1.5333,"color":"ffffffb1"},{"time":1.6,"color":"ffffff3d"},{"time":1.8,"color":"ffffffb1"},{"time":1.8667,"color":"ffffff3d"},{"time":2.0667,"color":"ffffffb1"},{"time":2.1333,"color":"ffffff3d"}],"attachment":[{"name":"yf/yf-1"}]},"yf/yf-10":{"color":[{"color":"ffffff3d"},{"time":0.1,"color":"ffffffb1"},{"time":0.2667,"color":"ffffff3d"},{"time":0.3667,"color":"ffffffb1"},{"time":0.5333,"color":"ffffff3d"},{"time":0.6333,"color":"ffffffb1"},{"time":0.8,"color":"ffffff3d"},{"time":0.9,"color":"ffffffb1"},{"time":1.0667,"color":"ffffff3d"},{"time":1.1667,"color":"ffffffb1"},{"time":1.3333,"color":"ffffff3d"},{"time":1.4333,"color":"ffffffb1"},{"time":1.6,"color":"ffffff3d"},{"time":1.7,"color":"ffffffb1"},{"time":1.8667,"color":"ffffff3d"},{"time":1.9667,"color":"ffffffb1"},{"time":2.1333,"color":"ffffff3d"}],"attachment":[{"name":"yf/yf-2"}]},"yf/yf-11":{"color":[{"color":"ffffff3d"},{"time":0.0667,"color":"ffffffb1"},{"time":0.2667,"color":"ffffff3d"},{"time":0.3333,"color":"ffffffb1"},{"time":0.5333,"color":"ffffff3d"},{"time":0.6,"color":"ffffffb1"},{"time":0.8,"color":"ffffff3d"},{"time":0.8667,"color":"ffffffb1"},{"time":1.0667,"color":"ffffff3d"},{"time":1.1333,"color":"ffffffb1"},{"time":1.3333,"color":"ffffff3d"},{"time":1.4,"color":"ffffffb1"},{"time":1.6,"color":"ffffff3d"},{"time":1.6667,"color":"ffffffb1"},{"time":1.8667,"color":"ffffff3d"},{"time":1.9333,"color":"ffffffb1"},{"time":2.1333,"color":"ffffff3d"}],"attachment":[{"name":"yf/yf-3"}]},"yf/yf-12":{"color":[{"color":"ffffff3d"},{"time":0.2,"color":"ffffffb1"},{"time":0.2667,"color":"ffffff3d"},{"time":0.4667,"color":"ffffffb1"},{"time":0.5333,"color":"ffffff3d"},{"time":0.7333,"color":"ffffffb1"},{"time":0.8,"color":"ffffff3d"},{"time":1,"color":"ffffffb1"},{"time":1.0667,"color":"ffffff3d"},{"time":1.2667,"color":"ffffffb1"},{"time":1.3333,"color":"ffffff3d"},{"time":1.5333,"color":"ffffffb1"},{"time":1.6,"color":"ffffff3d"},{"time":1.8,"color":"ffffffb1"},{"time":1.8667,"color":"ffffff3d"},{"time":2.0667,"color":"ffffffb1"},{"time":2.1333,"color":"ffffff3d"}],"attachment":[{"name":"yf/yf-4"}]},"yf/yf-13":{"color":[{"color":"ffffff3d"},{"time":0.0667,"color":"ffffffb1"},{"time":0.2667,"color":"ffffff3d"},{"time":0.3333,"color":"ffffffb1"},{"time":0.5333,"color":"ffffff3d"},{"time":0.6,"color":"ffffffb1"},{"time":0.8,"color":"ffffff3d"},{"time":0.8667,"color":"ffffffb1"},{"time":1.0667,"color":"ffffff3d"},{"time":1.1333,"color":"ffffffb1"},{"time":1.3333,"color":"ffffff3d"},{"time":1.4,"color":"ffffffb1"},{"time":1.6,"color":"ffffff3d"},{"time":1.6667,"color":"ffffffb1"},{"time":1.8667,"color":"ffffff3d"},{"time":1.9333,"color":"ffffffb1"},{"time":2.1333,"color":"ffffff3d"}],"attachment":[{"name":"yf/yf-5"}]},"yf/yf-14":{"color":[{"color":"ffffff3d"},{"time":0.0667,"color":"ffffffb1"},{"time":0.2667,"color":"ffffff3d"},{"time":0.3333,"color":"ffffffb1"},{"time":0.5333,"color":"ffffff3d"},{"time":0.6,"color":"ffffffb1"},{"time":0.8,"color":"ffffff3d"},{"time":0.8667,"color":"ffffffb1"},{"time":1.0667,"color":"ffffff3d"},{"time":1.1333,"color":"ffffffb1"},{"time":1.3333,"color":"ffffff3d"},{"time":1.4,"color":"ffffffb1"},{"time":1.6,"color":"ffffff3d"},{"time":1.6667,"color":"ffffffb1"},{"time":1.8667,"color":"ffffff3d"},{"time":1.9333,"color":"ffffffb1"},{"time":2.1333,"color":"ffffff3d"}],"attachment":[{"name":"yf/yf-6"}]},"yf/yf-15":{"color":[{"color":"ffffff3d"},{"time":0.2,"color":"ffffffb1"},{"time":0.2667,"color":"ffffff3d"},{"time":0.4667,"color":"ffffffb1"},{"time":0.5333,"color":"ffffff3d"},{"time":0.7333,"color":"ffffffb1"},{"time":0.8,"color":"ffffff3d"},{"time":1,"color":"ffffffb1"},{"time":1.0667,"color":"ffffff3d"},{"time":1.2667,"color":"ffffffb1"},{"time":1.3333,"color":"ffffff3d"},{"time":1.5333,"color":"ffffffb1"},{"time":1.6,"color":"ffffff3d"},{"time":1.8,"color":"ffffffb1"},{"time":1.8667,"color":"ffffff3d"},{"time":2.0667,"color":"ffffffb1"},{"time":2.1333,"color":"ffffff3d"}],"attachment":[{"name":"yf/yf-7"}]},"yf/yf-16":{"color":[{"color":"ffffff3d"},{"time":0.1,"color":"ffffffb1"},{"time":0.2667,"color":"ffffff3d"},{"time":0.3667,"color":"ffffffb1"},{"time":0.5333,"color":"ffffff3d"},{"time":0.6333,"color":"ffffffb1"},{"time":0.8,"color":"ffffff3d"},{"time":0.9,"color":"ffffffb1"},{"time":1.0667,"color":"ffffff3d"},{"time":1.1667,"color":"ffffffb1"},{"time":1.3333,"color":"ffffff3d"},{"time":1.4333,"color":"ffffffb1"},{"time":1.6,"color":"ffffff3d"},{"time":1.7,"color":"ffffffb1"},{"time":1.8667,"color":"ffffff3d"},{"time":1.9667,"color":"ffffffb1"},{"time":2.1333,"color":"ffffff3d"}],"attachment":[{"name":"yf/yf-8"}]},"yf/yf-17":{"color":[{"color":"ffffff3d"},{"time":0.2,"color":"ffffffb1"},{"time":0.2667,"color":"ffffff3d"},{"time":0.4667,"color":"ffffffb1"},{"time":0.5333,"color":"ffffff3d"},{"time":0.7333,"color":"ffffffb1"},{"time":0.8,"color":"ffffff3d"},{"time":1,"color":"ffffffb1"},{"time":1.0667,"color":"ffffff3d"},{"time":1.2667,"color":"ffffffb1"},{"time":1.3333,"color":"ffffff3d"},{"time":1.5333,"color":"ffffffb1"},{"time":1.6,"color":"ffffff3d"},{"time":1.8,"color":"ffffffb1"},{"time":1.8667,"color":"ffffff3d"},{"time":2.0667,"color":"ffffffb1"},{"time":2.1333,"color":"ffffff3d"}],"attachment":[{"name":"yf/yf-1"}]},"yf/yf-18":{"color":[{"color":"ffffff3d"},{"time":0.1667,"color":"ffffffb1"},{"time":0.2667,"color":"ffffff3d"},{"time":0.4333,"color":"ffffffb1"},{"time":0.5333,"color":"ffffff3d"},{"time":0.7,"color":"ffffffb1"},{"time":0.8,"color":"ffffff3d"},{"time":0.9667,"color":"ffffffb1"},{"time":1.0667,"color":"ffffff3d"},{"time":1.2333,"color":"ffffffb1"},{"time":1.3333,"color":"ffffff3d"},{"time":1.5,"color":"ffffffb1"},{"time":1.6,"color":"ffffff3d"},{"time":1.7667,"color":"ffffffb1"},{"time":1.8667,"color":"ffffff3d"},{"time":2.0333,"color":"ffffffb1"},{"time":2.1333,"color":"ffffff3d"}],"attachment":[{"name":"yf/yf-2"}]},"yf/yf-19":{"color":[{"color":"ffffff3d"},{"time":0.0333,"color":"ffffffb1"},{"time":0.2667,"color":"ffffff3d"},{"time":0.3,"color":"ffffffb1"},{"time":0.5333,"color":"ffffff3d"},{"time":0.5667,"color":"ffffffb1"},{"time":0.8,"color":"ffffff3d"},{"time":0.8333,"color":"ffffffb1"},{"time":1.0667,"color":"ffffff3d"},{"time":1.1,"color":"ffffffb1"},{"time":1.3333,"color":"ffffff3d"},{"time":1.3667,"color":"ffffffb1"},{"time":1.6,"color":"ffffff3d"},{"time":1.6333,"color":"ffffffb1"},{"time":1.8667,"color":"ffffff3d"},{"time":1.9,"color":"ffffffb1"},{"time":2.1333,"color":"ffffff3d"}],"attachment":[{"name":"yf/yf-3"}]},"yf/yf-20":{"color":[{"color":"ffffff3d"},{"time":0.1,"color":"ffffffb1"},{"time":0.2667,"color":"ffffff3d"},{"time":0.3667,"color":"ffffffb1"},{"time":0.5333,"color":"ffffff3d"},{"time":0.6333,"color":"ffffffb1"},{"time":0.8,"color":"ffffff3d"},{"time":0.9,"color":"ffffffb1"},{"time":1.0667,"color":"ffffff3d"},{"time":1.1667,"color":"ffffffb1"},{"time":1.3333,"color":"ffffff3d"},{"time":1.4333,"color":"ffffffb1"},{"time":1.6,"color":"ffffff3d"},{"time":1.7,"color":"ffffffb1"},{"time":1.8667,"color":"ffffff3d"},{"time":1.9667,"color":"ffffffb1"},{"time":2.1333,"color":"ffffff3d"}],"attachment":[{"name":"yf/yf-4"}]},"yf/yf-21":{"color":[{"color":"ffffff3d"},{"time":0.1333,"color":"ffffffb1"},{"time":0.2667,"color":"ffffff3d"},{"time":0.4,"color":"ffffffb1"},{"time":0.5333,"color":"ffffff3d"},{"time":0.6667,"color":"ffffffb1"},{"time":0.8,"color":"ffffff3d"},{"time":0.9333,"color":"ffffffb1"},{"time":1.0667,"color":"ffffff3d"},{"time":1.2,"color":"ffffffb1"},{"time":1.3333,"color":"ffffff3d"},{"time":1.4667,"color":"ffffffb1"},{"time":1.6,"color":"ffffff3d"},{"time":1.7333,"color":"ffffffb1"},{"time":1.8667,"color":"ffffff3d"},{"time":2,"color":"ffffffb1"},{"time":2.1333,"color":"ffffff3d"}],"attachment":[{"name":"yf/yf-5"}]},"yf/yf-22":{"color":[{"color":"ffffff3d"},{"time":0.0667,"color":"ffffffb1"},{"time":0.2667,"color":"ffffff3d"},{"time":0.3333,"color":"ffffffb1"},{"time":0.5333,"color":"ffffff3d"},{"time":0.6,"color":"ffffffb1"},{"time":0.8,"color":"ffffff3d"},{"time":0.8667,"color":"ffffffb1"},{"time":1.0667,"color":"ffffff3d"},{"time":1.1333,"color":"ffffffb1"},{"time":1.3333,"color":"ffffff3d"},{"time":1.4,"color":"ffffffb1"},{"time":1.6,"color":"ffffff3d"},{"time":1.6667,"color":"ffffffb1"},{"time":1.8667,"color":"ffffff3d"},{"time":1.9333,"color":"ffffffb1"},{"time":2.1333,"color":"ffffff3d"}],"attachment":[{"name":"yf/yf-6"}]},"yf/yf-23":{"color":[{"color":"ffffff3d"},{"time":0.2,"color":"ffffffb1"},{"time":0.2667,"color":"ffffff3d"},{"time":0.4667,"color":"ffffffb1"},{"time":0.5333,"color":"ffffff3d"},{"time":0.7333,"color":"ffffffb1"},{"time":0.8,"color":"ffffff3d"},{"time":1,"color":"ffffffb1"},{"time":1.0667,"color":"ffffff3d"},{"time":1.2667,"color":"ffffffb1"},{"time":1.3333,"color":"ffffff3d"},{"time":1.5333,"color":"ffffffb1"},{"time":1.6,"color":"ffffff3d"},{"time":1.8,"color":"ffffffb1"},{"time":1.8667,"color":"ffffff3d"},{"time":2.0667,"color":"ffffffb1"},{"time":2.1333,"color":"ffffff3d"}],"attachment":[{"name":"yf/yf-7"}]},"yf/yf-24":{"color":[{"color":"ffffff3d"},{"time":0.0667,"color":"ffffffb1"},{"time":0.2667,"color":"ffffff3d"},{"time":0.3333,"color":"ffffffb1"},{"time":0.5333,"color":"ffffff3d"},{"time":0.6,"color":"ffffffb1"},{"time":0.8,"color":"ffffff3d"},{"time":0.8667,"color":"ffffffb1"},{"time":1.0667,"color":"ffffff3d"},{"time":1.1333,"color":"ffffffb1"},{"time":1.3333,"color":"ffffff3d"},{"time":1.4,"color":"ffffffb1"},{"time":1.6,"color":"ffffff3d"},{"time":1.6667,"color":"ffffffb1"},{"time":1.8667,"color":"ffffff3d"},{"time":1.9333,"color":"ffffffb1"},{"time":2.1333,"color":"ffffff3d"}],"attachment":[{"name":"yf/yf-8"}]},"yf/yf-25":{"color":[{"color":"ffffff3d"},{"time":0.1333,"color":"ffffffb1"},{"time":0.2667,"color":"ffffff3d"},{"time":0.4,"color":"ffffffb1"},{"time":0.5333,"color":"ffffff3d"},{"time":0.6667,"color":"ffffffb1"},{"time":0.8,"color":"ffffff3d"},{"time":0.9333,"color":"ffffffb1"},{"time":1.0667,"color":"ffffff3d"},{"time":1.2,"color":"ffffffb1"},{"time":1.3333,"color":"ffffff3d"},{"time":1.4667,"color":"ffffffb1"},{"time":1.6,"color":"ffffff3d"},{"time":1.7333,"color":"ffffffb1"},{"time":1.8667,"color":"ffffff3d"},{"time":2,"color":"ffffffb1"},{"time":2.1333,"color":"ffffff3d"}],"attachment":[{"name":"yf/yf-1"}]},"yf/yf-26":{"color":[{"color":"ffffff3d"},{"time":0.1,"color":"ffffffb1"},{"time":0.2667,"color":"ffffff3d"},{"time":0.3667,"color":"ffffffb1"},{"time":0.5333,"color":"ffffff3d"},{"time":0.6333,"color":"ffffffb1"},{"time":0.8,"color":"ffffff3d"},{"time":0.9,"color":"ffffffb1"},{"time":1.0667,"color":"ffffff3d"},{"time":1.1667,"color":"ffffffb1"},{"time":1.3333,"color":"ffffff3d"},{"time":1.4333,"color":"ffffffb1"},{"time":1.6,"color":"ffffff3d"},{"time":1.7,"color":"ffffffb1"},{"time":1.8667,"color":"ffffff3d"},{"time":1.9667,"color":"ffffffb1"},{"time":2.1333,"color":"ffffff3d"}],"attachment":[{"name":"yf/yf-2"}]},"yf/yf-27":{"color":[{"color":"ffffff3d"},{"time":0.1,"color":"ffffffb1"},{"time":0.2667,"color":"ffffff3d"},{"time":0.3667,"color":"ffffffb1"},{"time":0.5333,"color":"ffffff3d"},{"time":0.6333,"color":"ffffffb1"},{"time":0.8,"color":"ffffff3d"},{"time":0.9,"color":"ffffffb1"},{"time":1.0667,"color":"ffffff3d"},{"time":1.1667,"color":"ffffffb1"},{"time":1.3333,"color":"ffffff3d"},{"time":1.4333,"color":"ffffffb1"},{"time":1.6,"color":"ffffff3d"},{"time":1.7,"color":"ffffffb1"},{"time":1.8667,"color":"ffffff3d"},{"time":1.9667,"color":"ffffffb1"},{"time":2.1333,"color":"ffffff3d"}],"attachment":[{"name":"yf/yf-3"}]},"yf/yf-28":{"color":[{"color":"ffffff3d"},{"time":0.1333,"color":"ffffffb1"},{"time":0.2667,"color":"ffffff3d"},{"time":0.4,"color":"ffffffb1"},{"time":0.5333,"color":"ffffff3d"},{"time":0.6667,"color":"ffffffb1"},{"time":0.8,"color":"ffffff3d"},{"time":0.9333,"color":"ffffffb1"},{"time":1.0667,"color":"ffffff3d"},{"time":1.2,"color":"ffffffb1"},{"time":1.3333,"color":"ffffff3d"},{"time":1.4667,"color":"ffffffb1"},{"time":1.6,"color":"ffffff3d"},{"time":1.7333,"color":"ffffffb1"},{"time":1.8667,"color":"ffffff3d"},{"time":2,"color":"ffffffb1"},{"time":2.1333,"color":"ffffff3d"}],"attachment":[{"name":"yf/yf-4"}]}},"bones":{"yf/yf-1":{"scale":[{"y":1.459,"curve":0.25,"c3":0.75},{"time":0.1667,"curve":0.077,"c2":0.5,"c3":0.75},{"time":0.2667,"y":1.459,"curve":0.25,"c3":0.75},{"time":0.4333,"curve":0.077,"c2":0.5,"c3":0.75},{"time":0.5333,"y":1.459,"curve":0.25,"c3":0.75},{"time":0.7,"curve":0.077,"c2":0.5,"c3":0.75},{"time":0.8,"y":1.459,"curve":0.25,"c3":0.75},{"time":0.9667,"curve":0.077,"c2":0.5,"c3":0.75},{"time":1.0667,"y":1.459,"curve":0.25,"c3":0.75},{"time":1.2333,"curve":0.077,"c2":0.5,"c3":0.75},{"time":1.3333,"y":1.459,"curve":0.25,"c3":0.75},{"time":1.5,"curve":0.077,"c2":0.5,"c3":0.75},{"time":1.6,"y":1.459,"curve":0.25,"c3":0.75},{"time":1.7667,"curve":0.077,"c2":0.5,"c3":0.75},{"time":1.8667,"y":1.459,"curve":0.25,"c3":0.75},{"time":2.0333,"curve":0.077,"c2":0.5,"c3":0.75},{"time":2.1333,"y":1.459}]},"yf/yf-3":{"scale":[{"y":1.971,"curve":0.25,"c3":0.75},{"time":0.1667,"curve":0.077,"c2":0.5,"c3":0.75},{"time":0.2667,"y":1.971,"curve":0.25,"c3":0.75},{"time":0.4333,"curve":0.077,"c2":0.5,"c3":0.75},{"time":0.5333,"y":1.971,"curve":0.25,"c3":0.75},{"time":0.7,"curve":0.077,"c2":0.5,"c3":0.75},{"time":0.8,"y":1.971,"curve":0.25,"c3":0.75},{"time":0.9667,"curve":0.077,"c2":0.5,"c3":0.75},{"time":1.0667,"y":1.971,"curve":0.25,"c3":0.75},{"time":1.2333,"curve":0.077,"c2":0.5,"c3":0.75},{"time":1.3333,"y":1.971,"curve":0.25,"c3":0.75},{"time":1.5,"curve":0.077,"c2":0.5,"c3":0.75},{"time":1.6,"y":1.971,"curve":0.25,"c3":0.75},{"time":1.7667,"curve":0.077,"c2":0.5,"c3":0.75},{"time":1.8667,"y":1.971,"curve":0.25,"c3":0.75},{"time":2.0333,"curve":0.077,"c2":0.5,"c3":0.75},{"time":2.1333,"y":1.971}]},"yf/yf-4":{"scale":[{"y":1.877,"curve":0.25,"c3":0.75},{"time":0.1667,"curve":0.077,"c2":0.5,"c3":0.75},{"time":0.2667,"y":1.877,"curve":0.25,"c3":0.75},{"time":0.4333,"curve":0.077,"c2":0.5,"c3":0.75},{"time":0.5333,"y":1.877,"curve":0.25,"c3":0.75},{"time":0.7,"curve":0.077,"c2":0.5,"c3":0.75},{"time":0.8,"y":1.877,"curve":0.25,"c3":0.75},{"time":0.9667,"curve":0.077,"c2":0.5,"c3":0.75},{"time":1.0667,"y":1.877,"curve":0.25,"c3":0.75},{"time":1.2333,"curve":0.077,"c2":0.5,"c3":0.75},{"time":1.3333,"y":1.877,"curve":0.25,"c3":0.75},{"time":1.5,"curve":0.077,"c2":0.5,"c3":0.75},{"time":1.6,"y":1.877,"curve":0.25,"c3":0.75},{"time":1.7667,"curve":0.077,"c2":0.5,"c3":0.75},{"time":1.8667,"y":1.877,"curve":0.25,"c3":0.75},{"time":2.0333,"curve":0.077,"c2":0.5,"c3":0.75},{"time":2.1333,"y":1.877}]},"yf/yf-5":{"scale":[{"y":0.494,"curve":0.25,"c3":0.75},{"time":0.1667,"curve":0.077,"c2":0.5,"c3":0.75},{"time":0.2667,"y":0.494,"curve":0.25,"c3":0.75},{"time":0.4333,"curve":0.077,"c2":0.5,"c3":0.75},{"time":0.5333,"y":0.494,"curve":0.25,"c3":0.75},{"time":0.7,"curve":0.077,"c2":0.5,"c3":0.75},{"time":0.8,"y":0.494,"curve":0.25,"c3":0.75},{"time":0.9667,"curve":0.077,"c2":0.5,"c3":0.75},{"time":1.0667,"y":0.494,"curve":0.25,"c3":0.75},{"time":1.2333,"curve":0.077,"c2":0.5,"c3":0.75},{"time":1.3333,"y":0.494,"curve":0.25,"c3":0.75},{"time":1.5,"curve":0.077,"c2":0.5,"c3":0.75},{"time":1.6,"y":0.494,"curve":0.25,"c3":0.75},{"time":1.7667,"curve":0.077,"c2":0.5,"c3":0.75},{"time":1.8667,"y":0.494,"curve":0.25,"c3":0.75},{"time":2.0333,"curve":0.077,"c2":0.5,"c3":0.75},{"time":2.1333,"y":0.494}]},"yf/yf-6":{"scale":[{"y":2.053,"curve":0.25,"c3":0.75},{"time":0.1667,"curve":0.077,"c2":0.5,"c3":0.75},{"time":0.2667,"y":2.053,"curve":0.25,"c3":0.75},{"time":0.4333,"curve":0.077,"c2":0.5,"c3":0.75},{"time":0.5333,"y":2.053,"curve":0.25,"c3":0.75},{"time":0.7,"curve":0.077,"c2":0.5,"c3":0.75},{"time":0.8,"y":2.053,"curve":0.25,"c3":0.75},{"time":0.9667,"curve":0.077,"c2":0.5,"c3":0.75},{"time":1.0667,"y":2.053,"curve":0.25,"c3":0.75},{"time":1.2333,"curve":0.077,"c2":0.5,"c3":0.75},{"time":1.3333,"y":2.053,"curve":0.25,"c3":0.75},{"time":1.5,"curve":0.077,"c2":0.5,"c3":0.75},{"time":1.6,"y":2.053,"curve":0.25,"c3":0.75},{"time":1.7667,"curve":0.077,"c2":0.5,"c3":0.75},{"time":1.8667,"y":2.053,"curve":0.25,"c3":0.75},{"time":2.0333,"curve":0.077,"c2":0.5,"c3":0.75},{"time":2.1333,"y":2.053}]},"yf/yf-7":{"scale":[{"y":2.619,"curve":0.25,"c3":0.75},{"time":0.1667,"curve":0.077,"c2":0.5,"c3":0.75},{"time":0.2667,"y":2.619,"curve":0.25,"c3":0.75},{"time":0.4333,"curve":0.077,"c2":0.5,"c3":0.75},{"time":0.5333,"y":2.619,"curve":0.25,"c3":0.75},{"time":0.7,"curve":0.077,"c2":0.5,"c3":0.75},{"time":0.8,"y":2.619,"curve":0.25,"c3":0.75},{"time":0.9667,"curve":0.077,"c2":0.5,"c3":0.75},{"time":1.0667,"y":2.619,"curve":0.25,"c3":0.75},{"time":1.2333,"curve":0.077,"c2":0.5,"c3":0.75},{"time":1.3333,"y":2.619,"curve":0.25,"c3":0.75},{"time":1.5,"curve":0.077,"c2":0.5,"c3":0.75},{"time":1.6,"y":2.619,"curve":0.25,"c3":0.75},{"time":1.7667,"curve":0.077,"c2":0.5,"c3":0.75},{"time":1.8667,"y":2.619,"curve":0.25,"c3":0.75},{"time":2.0333,"curve":0.077,"c2":0.5,"c3":0.75},{"time":2.1333,"y":2.619}]},"yf/yf-8":{"scale":[{"y":0.961,"curve":0.25,"c3":0.75},{"time":0.1667,"y":2.742,"curve":0.077,"c2":0.5,"c3":0.75},{"time":0.2667,"y":0.961,"curve":0.25,"c3":0.75},{"time":0.4333,"y":2.742,"curve":0.077,"c2":0.5,"c3":0.75},{"time":0.5333,"y":0.961,"curve":0.25,"c3":0.75},{"time":0.7,"y":2.742,"curve":0.077,"c2":0.5,"c3":0.75},{"time":0.8,"y":0.961,"curve":0.25,"c3":0.75},{"time":0.9667,"y":2.742,"curve":0.077,"c2":0.5,"c3":0.75},{"time":1.0667,"y":0.961,"curve":0.25,"c3":0.75},{"time":1.2333,"y":2.742,"curve":0.077,"c2":0.5,"c3":0.75},{"time":1.3333,"y":0.961,"curve":0.25,"c3":0.75},{"time":1.5,"y":2.742,"curve":0.077,"c2":0.5,"c3":0.75},{"time":1.6,"y":0.961,"curve":0.25,"c3":0.75},{"time":1.7667,"y":2.742,"curve":0.077,"c2":0.5,"c3":0.75},{"time":1.8667,"y":0.961,"curve":0.25,"c3":0.75},{"time":2.0333,"y":2.742,"curve":0.077,"c2":0.5,"c3":0.75},{"time":2.1333,"y":0.961}]},"yf/yf-2":{"scale":[{"y":0.292,"curve":0.25,"c3":0.75},{"time":0.1667,"curve":0.077,"c2":0.5,"c3":0.75},{"time":0.2667,"y":0.292,"curve":0.25,"c3":0.75},{"time":0.4333,"curve":0.077,"c2":0.5,"c3":0.75},{"time":0.5333,"y":0.292,"curve":0.25,"c3":0.75},{"time":0.7,"curve":0.077,"c2":0.5,"c3":0.75},{"time":0.8,"y":0.292,"curve":0.25,"c3":0.75},{"time":0.9667,"curve":0.077,"c2":0.5,"c3":0.75},{"time":1.0667,"y":0.292,"curve":0.25,"c3":0.75},{"time":1.2333,"curve":0.077,"c2":0.5,"c3":0.75},{"time":1.3333,"y":0.292,"curve":0.25,"c3":0.75},{"time":1.5,"curve":0.077,"c2":0.5,"c3":0.75},{"time":1.6,"y":0.292,"curve":0.25,"c3":0.75},{"time":1.7667,"curve":0.077,"c2":0.5,"c3":0.75},{"time":1.8667,"y":0.292,"curve":0.25,"c3":0.75},{"time":2.0333,"curve":0.077,"c2":0.5,"c3":0.75},{"time":2.1333,"y":0.292}]},"yf/yf-9":{"scale":[{"y":1.124,"curve":0.25,"c3":0.75},{"time":0.1667,"y":0.666,"curve":0.077,"c2":0.5,"c3":0.75},{"time":0.2667,"y":1.124,"curve":0.25,"c3":0.75},{"time":0.4333,"y":0.666,"curve":0.077,"c2":0.5,"c3":0.75},{"time":0.5333,"y":1.124,"curve":0.25,"c3":0.75},{"time":0.7,"y":0.666,"curve":0.077,"c2":0.5,"c3":0.75},{"time":0.8,"y":1.124,"curve":0.25,"c3":0.75},{"time":0.9667,"y":0.666,"curve":0.077,"c2":0.5,"c3":0.75},{"time":1.0667,"y":1.124,"curve":0.25,"c3":0.75},{"time":1.2333,"y":0.666,"curve":0.077,"c2":0.5,"c3":0.75},{"time":1.3333,"y":1.124,"curve":0.25,"c3":0.75},{"time":1.5,"y":0.666,"curve":0.077,"c2":0.5,"c3":0.75},{"time":1.6,"y":1.124,"curve":0.25,"c3":0.75},{"time":1.7667,"y":0.666,"curve":0.077,"c2":0.5,"c3":0.75},{"time":1.8667,"y":1.124,"curve":0.25,"c3":0.75},{"time":2.0333,"y":0.666,"curve":0.077,"c2":0.5,"c3":0.75},{"time":2.1333,"y":1.124}]},"yf/yf-10":{"scale":[{"y":0.292,"curve":0.25,"c3":0.75},{"time":0.1667,"curve":0.077,"c2":0.5,"c3":0.75},{"time":0.2667,"y":0.292,"curve":0.25,"c3":0.75},{"time":0.4333,"curve":0.077,"c2":0.5,"c3":0.75},{"time":0.5333,"y":0.292,"curve":0.25,"c3":0.75},{"time":0.7,"curve":0.077,"c2":0.5,"c3":0.75},{"time":0.8,"y":0.292,"curve":0.25,"c3":0.75},{"time":0.9667,"curve":0.077,"c2":0.5,"c3":0.75},{"time":1.0667,"y":0.292,"curve":0.25,"c3":0.75},{"time":1.2333,"curve":0.077,"c2":0.5,"c3":0.75},{"time":1.3333,"y":0.292,"curve":0.25,"c3":0.75},{"time":1.5,"curve":0.077,"c2":0.5,"c3":0.75},{"time":1.6,"y":0.292,"curve":0.25,"c3":0.75},{"time":1.7667,"curve":0.077,"c2":0.5,"c3":0.75},{"time":1.8667,"y":0.292,"curve":0.25,"c3":0.75},{"time":2.0333,"curve":0.077,"c2":0.5,"c3":0.75},{"time":2.1333,"y":0.292}]},"yf/yf-11":{"scale":[{"y":1.971,"curve":0.25,"c3":0.75},{"time":0.1667,"curve":0.077,"c2":0.5,"c3":0.75},{"time":0.2667,"y":1.971,"curve":0.25,"c3":0.75},{"time":0.4333,"curve":0.077,"c2":0.5,"c3":0.75},{"time":0.5333,"y":1.971,"curve":0.25,"c3":0.75},{"time":0.7,"curve":0.077,"c2":0.5,"c3":0.75},{"time":0.8,"y":1.971,"curve":0.25,"c3":0.75},{"time":0.9667,"curve":0.077,"c2":0.5,"c3":0.75},{"time":1.0667,"y":1.971,"curve":0.25,"c3":0.75},{"time":1.2333,"curve":0.077,"c2":0.5,"c3":0.75},{"time":1.3333,"y":1.971,"curve":0.25,"c3":0.75},{"time":1.5,"curve":0.077,"c2":0.5,"c3":0.75},{"time":1.6,"y":1.971,"curve":0.25,"c3":0.75},{"time":1.7667,"curve":0.077,"c2":0.5,"c3":0.75},{"time":1.8667,"y":1.971,"curve":0.25,"c3":0.75},{"time":2.0333,"curve":0.077,"c2":0.5,"c3":0.75},{"time":2.1333,"y":1.971}]},"yf/yf-12":{"scale":[{"y":1.877,"curve":0.25,"c3":0.75},{"time":0.1667,"curve":0.077,"c2":0.5,"c3":0.75},{"time":0.2667,"y":1.877,"curve":0.25,"c3":0.75},{"time":0.4333,"curve":0.077,"c2":0.5,"c3":0.75},{"time":0.5333,"y":1.877,"curve":0.25,"c3":0.75},{"time":0.7,"curve":0.077,"c2":0.5,"c3":0.75},{"time":0.8,"y":1.877,"curve":0.25,"c3":0.75},{"time":0.9667,"curve":0.077,"c2":0.5,"c3":0.75},{"time":1.0667,"y":1.877,"curve":0.25,"c3":0.75},{"time":1.2333,"curve":0.077,"c2":0.5,"c3":0.75},{"time":1.3333,"y":1.877,"curve":0.25,"c3":0.75},{"time":1.5,"curve":0.077,"c2":0.5,"c3":0.75},{"time":1.6,"y":1.877,"curve":0.25,"c3":0.75},{"time":1.7667,"curve":0.077,"c2":0.5,"c3":0.75},{"time":1.8667,"y":1.877,"curve":0.25,"c3":0.75},{"time":2.0333,"curve":0.077,"c2":0.5,"c3":0.75},{"time":2.1333,"y":1.877}]},"yf/yf-13":{"scale":[{"y":0.494,"curve":0.25,"c3":0.75},{"time":0.1667,"curve":0.077,"c2":0.5,"c3":0.75},{"time":0.2667,"y":0.494,"curve":0.25,"c3":0.75},{"time":0.4333,"curve":0.077,"c2":0.5,"c3":0.75},{"time":0.5333,"y":0.494,"curve":0.25,"c3":0.75},{"time":0.7,"curve":0.077,"c2":0.5,"c3":0.75},{"time":0.8,"y":0.494,"curve":0.25,"c3":0.75},{"time":0.9667,"curve":0.077,"c2":0.5,"c3":0.75},{"time":1.0667,"y":0.494,"curve":0.25,"c3":0.75},{"time":1.2333,"curve":0.077,"c2":0.5,"c3":0.75},{"time":1.3333,"y":0.494,"curve":0.25,"c3":0.75},{"time":1.5,"curve":0.077,"c2":0.5,"c3":0.75},{"time":1.6,"y":0.494,"curve":0.25,"c3":0.75},{"time":1.7667,"curve":0.077,"c2":0.5,"c3":0.75},{"time":1.8667,"y":0.494,"curve":0.25,"c3":0.75},{"time":2.0333,"curve":0.077,"c2":0.5,"c3":0.75},{"time":2.1333,"y":0.494}]},"yf/yf-14":{"scale":[{"y":2.053,"curve":0.25,"c3":0.75},{"time":0.1667,"curve":0.077,"c2":0.5,"c3":0.75},{"time":0.2667,"y":2.053,"curve":0.25,"c3":0.75},{"time":0.4333,"curve":0.077,"c2":0.5,"c3":0.75},{"time":0.5333,"y":2.053,"curve":0.25,"c3":0.75},{"time":0.7,"curve":0.077,"c2":0.5,"c3":0.75},{"time":0.8,"y":2.053,"curve":0.25,"c3":0.75},{"time":0.9667,"curve":0.077,"c2":0.5,"c3":0.75},{"time":1.0667,"y":2.053,"curve":0.25,"c3":0.75},{"time":1.2333,"curve":0.077,"c2":0.5,"c3":0.75},{"time":1.3333,"y":2.053,"curve":0.25,"c3":0.75},{"time":1.5,"curve":0.077,"c2":0.5,"c3":0.75},{"time":1.6,"y":2.053,"curve":0.25,"c3":0.75},{"time":1.7667,"curve":0.077,"c2":0.5,"c3":0.75},{"time":1.8667,"y":2.053,"curve":0.25,"c3":0.75},{"time":2.0333,"curve":0.077,"c2":0.5,"c3":0.75},{"time":2.1333,"y":2.053}]},"yf/yf-15":{"scale":[{"y":2.619,"curve":0.25,"c3":0.75},{"time":0.1667,"curve":0.077,"c2":0.5,"c3":0.75},{"time":0.2667,"y":2.619,"curve":0.25,"c3":0.75},{"time":0.4333,"curve":0.077,"c2":0.5,"c3":0.75},{"time":0.5333,"y":2.619,"curve":0.25,"c3":0.75},{"time":0.7,"curve":0.077,"c2":0.5,"c3":0.75},{"time":0.8,"y":2.619,"curve":0.25,"c3":0.75},{"time":0.9667,"curve":0.077,"c2":0.5,"c3":0.75},{"time":1.0667,"y":2.619,"curve":0.25,"c3":0.75},{"time":1.2333,"curve":0.077,"c2":0.5,"c3":0.75},{"time":1.3333,"y":2.619,"curve":0.25,"c3":0.75},{"time":1.5,"curve":0.077,"c2":0.5,"c3":0.75},{"time":1.6,"y":2.619,"curve":0.25,"c3":0.75},{"time":1.7667,"curve":0.077,"c2":0.5,"c3":0.75},{"time":1.8667,"y":2.619,"curve":0.25,"c3":0.75},{"time":2.0333,"curve":0.077,"c2":0.5,"c3":0.75},{"time":2.1333,"y":2.619}]},"yf/yf-16":{"scale":[{"y":0.961,"curve":0.25,"c3":0.75},{"time":0.1667,"y":2.742,"curve":0.077,"c2":0.5,"c3":0.75},{"time":0.2667,"y":0.961,"curve":0.25,"c3":0.75},{"time":0.4333,"y":2.742,"curve":0.077,"c2":0.5,"c3":0.75},{"time":0.5333,"y":0.961,"curve":0.25,"c3":0.75},{"time":0.7,"y":2.742,"curve":0.077,"c2":0.5,"c3":0.75},{"time":0.8,"y":0.961,"curve":0.25,"c3":0.75},{"time":0.9667,"y":2.742,"curve":0.077,"c2":0.5,"c3":0.75},{"time":1.0667,"y":0.961,"curve":0.25,"c3":0.75},{"time":1.2333,"y":2.742,"curve":0.077,"c2":0.5,"c3":0.75},{"time":1.3333,"y":0.961,"curve":0.25,"c3":0.75},{"time":1.5,"y":2.742,"curve":0.077,"c2":0.5,"c3":0.75},{"time":1.6,"y":0.961,"curve":0.25,"c3":0.75},{"time":1.7667,"y":2.742,"curve":0.077,"c2":0.5,"c3":0.75},{"time":1.8667,"y":0.961,"curve":0.25,"c3":0.75},{"time":2.0333,"y":2.742,"curve":0.077,"c2":0.5,"c3":0.75},{"time":2.1333,"y":0.961}]},"yf/yf-17":{"scale":[{"y":1.124,"curve":0.25,"c3":0.75},{"time":0.1667,"y":0.666,"curve":0.077,"c2":0.5,"c3":0.75},{"time":0.2667,"y":1.124,"curve":0.25,"c3":0.75},{"time":0.4333,"y":0.666,"curve":0.077,"c2":0.5,"c3":0.75},{"time":0.5333,"y":1.124,"curve":0.25,"c3":0.75},{"time":0.7,"y":0.666,"curve":0.077,"c2":0.5,"c3":0.75},{"time":0.8,"y":1.124,"curve":0.25,"c3":0.75},{"time":0.9667,"y":0.666,"curve":0.077,"c2":0.5,"c3":0.75},{"time":1.0667,"y":1.124,"curve":0.25,"c3":0.75},{"time":1.2333,"y":0.666,"curve":0.077,"c2":0.5,"c3":0.75},{"time":1.3333,"y":1.124,"curve":0.25,"c3":0.75},{"time":1.5,"y":0.666,"curve":0.077,"c2":0.5,"c3":0.75},{"time":1.6,"y":1.124,"curve":0.25,"c3":0.75},{"time":1.7667,"y":0.666,"curve":0.077,"c2":0.5,"c3":0.75},{"time":1.8667,"y":1.124,"curve":0.25,"c3":0.75},{"time":2.0333,"y":0.666,"curve":0.077,"c2":0.5,"c3":0.75},{"time":2.1333,"y":1.124}]},"yf/yf-18":{"scale":[{"y":0.292,"curve":0.25,"c3":0.75},{"time":0.1667,"curve":0.077,"c2":0.5,"c3":0.75},{"time":0.2667,"y":0.292,"curve":0.25,"c3":0.75},{"time":0.4333,"curve":0.077,"c2":0.5,"c3":0.75},{"time":0.5333,"y":0.292,"curve":0.25,"c3":0.75},{"time":0.7,"curve":0.077,"c2":0.5,"c3":0.75},{"time":0.8,"y":0.292,"curve":0.25,"c3":0.75},{"time":0.9667,"curve":0.077,"c2":0.5,"c3":0.75},{"time":1.0667,"y":0.292,"curve":0.25,"c3":0.75},{"time":1.2333,"curve":0.077,"c2":0.5,"c3":0.75},{"time":1.3333,"y":0.292,"curve":0.25,"c3":0.75},{"time":1.5,"curve":0.077,"c2":0.5,"c3":0.75},{"time":1.6,"y":0.292,"curve":0.25,"c3":0.75},{"time":1.7667,"curve":0.077,"c2":0.5,"c3":0.75},{"time":1.8667,"y":0.292,"curve":0.25,"c3":0.75},{"time":2.0333,"curve":0.077,"c2":0.5,"c3":0.75},{"time":2.1333,"y":0.292}]},"yf/yf-19":{"scale":[{"y":1.971,"curve":0.25,"c3":0.75},{"time":0.1667,"curve":0.077,"c2":0.5,"c3":0.75},{"time":0.2667,"y":1.971,"curve":0.25,"c3":0.75},{"time":0.4333,"curve":0.077,"c2":0.5,"c3":0.75},{"time":0.5333,"y":1.971,"curve":0.25,"c3":0.75},{"time":0.7,"curve":0.077,"c2":0.5,"c3":0.75},{"time":0.8,"y":1.971,"curve":0.25,"c3":0.75},{"time":0.9667,"curve":0.077,"c2":0.5,"c3":0.75},{"time":1.0667,"y":1.971,"curve":0.25,"c3":0.75},{"time":1.2333,"curve":0.077,"c2":0.5,"c3":0.75},{"time":1.3333,"y":1.971,"curve":0.25,"c3":0.75},{"time":1.5,"curve":0.077,"c2":0.5,"c3":0.75},{"time":1.6,"y":1.971,"curve":0.25,"c3":0.75},{"time":1.7667,"curve":0.077,"c2":0.5,"c3":0.75},{"time":1.8667,"y":1.971,"curve":0.25,"c3":0.75},{"time":2.0333,"curve":0.077,"c2":0.5,"c3":0.75},{"time":2.1333,"y":1.971}]},"yf/yf-20":{"scale":[{"y":1.877,"curve":0.25,"c3":0.75},{"time":0.1667,"curve":0.077,"c2":0.5,"c3":0.75},{"time":0.2667,"y":1.877,"curve":0.25,"c3":0.75},{"time":0.4333,"curve":0.077,"c2":0.5,"c3":0.75},{"time":0.5333,"y":1.877,"curve":0.25,"c3":0.75},{"time":0.7,"curve":0.077,"c2":0.5,"c3":0.75},{"time":0.8,"y":1.877,"curve":0.25,"c3":0.75},{"time":0.9667,"curve":0.077,"c2":0.5,"c3":0.75},{"time":1.0667,"y":1.877,"curve":0.25,"c3":0.75},{"time":1.2333,"curve":0.077,"c2":0.5,"c3":0.75},{"time":1.3333,"y":1.877,"curve":0.25,"c3":0.75},{"time":1.5,"curve":0.077,"c2":0.5,"c3":0.75},{"time":1.6,"y":1.877,"curve":0.25,"c3":0.75},{"time":1.7667,"curve":0.077,"c2":0.5,"c3":0.75},{"time":1.8667,"y":1.877,"curve":0.25,"c3":0.75},{"time":2.0333,"curve":0.077,"c2":0.5,"c3":0.75},{"time":2.1333,"y":1.877}]},"yf/yf-21":{"scale":[{"y":0.494,"curve":0.25,"c3":0.75},{"time":0.1667,"curve":0.077,"c2":0.5,"c3":0.75},{"time":0.2667,"y":0.494,"curve":0.25,"c3":0.75},{"time":0.4333,"curve":0.077,"c2":0.5,"c3":0.75},{"time":0.5333,"y":0.494,"curve":0.25,"c3":0.75},{"time":0.7,"curve":0.077,"c2":0.5,"c3":0.75},{"time":0.8,"y":0.494,"curve":0.25,"c3":0.75},{"time":0.9667,"curve":0.077,"c2":0.5,"c3":0.75},{"time":1.0667,"y":0.494,"curve":0.25,"c3":0.75},{"time":1.2333,"curve":0.077,"c2":0.5,"c3":0.75},{"time":1.3333,"y":0.494,"curve":0.25,"c3":0.75},{"time":1.5,"curve":0.077,"c2":0.5,"c3":0.75},{"time":1.6,"y":0.494,"curve":0.25,"c3":0.75},{"time":1.7667,"curve":0.077,"c2":0.5,"c3":0.75},{"time":1.8667,"y":0.494,"curve":0.25,"c3":0.75},{"time":2.0333,"curve":0.077,"c2":0.5,"c3":0.75},{"time":2.1333,"y":0.494}]},"yf/yf-22":{"scale":[{"y":2.053,"curve":0.25,"c3":0.75},{"time":0.1667,"curve":0.077,"c2":0.5,"c3":0.75},{"time":0.2667,"y":2.053,"curve":0.25,"c3":0.75},{"time":0.4333,"curve":0.077,"c2":0.5,"c3":0.75},{"time":0.5333,"y":2.053,"curve":0.25,"c3":0.75},{"time":0.7,"curve":0.077,"c2":0.5,"c3":0.75},{"time":0.8,"y":2.053,"curve":0.25,"c3":0.75},{"time":0.9667,"curve":0.077,"c2":0.5,"c3":0.75},{"time":1.0667,"y":2.053,"curve":0.25,"c3":0.75},{"time":1.2333,"curve":0.077,"c2":0.5,"c3":0.75},{"time":1.3333,"y":2.053,"curve":0.25,"c3":0.75},{"time":1.5,"curve":0.077,"c2":0.5,"c3":0.75},{"time":1.6,"y":2.053,"curve":0.25,"c3":0.75},{"time":1.7667,"curve":0.077,"c2":0.5,"c3":0.75},{"time":1.8667,"y":2.053,"curve":0.25,"c3":0.75},{"time":2.0333,"curve":0.077,"c2":0.5,"c3":0.75},{"time":2.1333,"y":2.053}]},"yf/yf-23":{"scale":[{"y":2.619,"curve":0.25,"c3":0.75},{"time":0.1667,"curve":0.077,"c2":0.5,"c3":0.75},{"time":0.2667,"y":2.619,"curve":0.25,"c3":0.75},{"time":0.4333,"curve":0.077,"c2":0.5,"c3":0.75},{"time":0.5333,"y":2.619,"curve":0.25,"c3":0.75},{"time":0.7,"curve":0.077,"c2":0.5,"c3":0.75},{"time":0.8,"y":2.619,"curve":0.25,"c3":0.75},{"time":0.9667,"curve":0.077,"c2":0.5,"c3":0.75},{"time":1.0667,"y":2.619,"curve":0.25,"c3":0.75},{"time":1.2333,"curve":0.077,"c2":0.5,"c3":0.75},{"time":1.3333,"y":2.619,"curve":0.25,"c3":0.75},{"time":1.5,"curve":0.077,"c2":0.5,"c3":0.75},{"time":1.6,"y":2.619,"curve":0.25,"c3":0.75},{"time":1.7667,"curve":0.077,"c2":0.5,"c3":0.75},{"time":1.8667,"y":2.619,"curve":0.25,"c3":0.75},{"time":2.0333,"curve":0.077,"c2":0.5,"c3":0.75},{"time":2.1333,"y":2.619}]},"yf/yf-24":{"scale":[{"y":0.961,"curve":0.25,"c3":0.75},{"time":0.1667,"y":2.742,"curve":0.077,"c2":0.5,"c3":0.75},{"time":0.2667,"y":0.961,"curve":0.25,"c3":0.75},{"time":0.4333,"y":2.742,"curve":0.077,"c2":0.5,"c3":0.75},{"time":0.5333,"y":0.961,"curve":0.25,"c3":0.75},{"time":0.7,"y":2.742,"curve":0.077,"c2":0.5,"c3":0.75},{"time":0.8,"y":0.961,"curve":0.25,"c3":0.75},{"time":0.9667,"y":2.742,"curve":0.077,"c2":0.5,"c3":0.75},{"time":1.0667,"y":0.961,"curve":0.25,"c3":0.75},{"time":1.2333,"y":2.742,"curve":0.077,"c2":0.5,"c3":0.75},{"time":1.3333,"y":0.961,"curve":0.25,"c3":0.75},{"time":1.5,"y":2.742,"curve":0.077,"c2":0.5,"c3":0.75},{"time":1.6,"y":0.961,"curve":0.25,"c3":0.75},{"time":1.7667,"y":2.742,"curve":0.077,"c2":0.5,"c3":0.75},{"time":1.8667,"y":0.961,"curve":0.25,"c3":0.75},{"time":2.0333,"y":2.742,"curve":0.077,"c2":0.5,"c3":0.75},{"time":2.1333,"y":0.961}]},"yf/yf-25":{"scale":[{"y":1.124,"curve":0.25,"c3":0.75},{"time":0.1667,"curve":0.077,"c2":0.5,"c3":0.75},{"time":0.2667,"y":1.124,"curve":0.25,"c3":0.75},{"time":0.4333,"curve":0.077,"c2":0.5,"c3":0.75},{"time":0.5333,"y":1.124,"curve":0.25,"c3":0.75},{"time":0.7,"curve":0.077,"c2":0.5,"c3":0.75},{"time":0.8,"y":1.124,"curve":0.25,"c3":0.75},{"time":0.9667,"curve":0.077,"c2":0.5,"c3":0.75},{"time":1.0667,"y":1.124,"curve":0.25,"c3":0.75},{"time":1.2333,"curve":0.077,"c2":0.5,"c3":0.75},{"time":1.3333,"y":1.124,"curve":0.25,"c3":0.75},{"time":1.5,"curve":0.077,"c2":0.5,"c3":0.75},{"time":1.6,"y":1.124,"curve":0.25,"c3":0.75},{"time":1.7667,"curve":0.077,"c2":0.5,"c3":0.75},{"time":1.8667,"y":1.124,"curve":0.25,"c3":0.75},{"time":2.0333,"curve":0.077,"c2":0.5,"c3":0.75},{"time":2.1333,"y":1.124}]},"yf/yf-26":{"scale":[{"y":0.292,"curve":0.25,"c3":0.75},{"time":0.1667,"curve":0.077,"c2":0.5,"c3":0.75},{"time":0.2667,"y":0.292,"curve":0.25,"c3":0.75},{"time":0.4333,"curve":0.077,"c2":0.5,"c3":0.75},{"time":0.5333,"y":0.292,"curve":0.25,"c3":0.75},{"time":0.7,"curve":0.077,"c2":0.5,"c3":0.75},{"time":0.8,"y":0.292,"curve":0.25,"c3":0.75},{"time":0.9667,"curve":0.077,"c2":0.5,"c3":0.75},{"time":1.0667,"y":0.292,"curve":0.25,"c3":0.75},{"time":1.2333,"curve":0.077,"c2":0.5,"c3":0.75},{"time":1.3333,"y":0.292,"curve":0.25,"c3":0.75},{"time":1.5,"curve":0.077,"c2":0.5,"c3":0.75},{"time":1.6,"y":0.292,"curve":0.25,"c3":0.75},{"time":1.7667,"curve":0.077,"c2":0.5,"c3":0.75},{"time":1.8667,"y":0.292,"curve":0.25,"c3":0.75},{"time":2.0333,"curve":0.077,"c2":0.5,"c3":0.75},{"time":2.1333,"y":0.292}]},"yf/yf-27":{"scale":[{"y":1.971,"curve":0.25,"c3":0.75},{"time":0.1667,"curve":0.077,"c2":0.5,"c3":0.75},{"time":0.2667,"y":1.971,"curve":0.25,"c3":0.75},{"time":0.4333,"curve":0.077,"c2":0.5,"c3":0.75},{"time":0.5333,"y":1.971,"curve":0.25,"c3":0.75},{"time":0.7,"curve":0.077,"c2":0.5,"c3":0.75},{"time":0.8,"y":1.971,"curve":0.25,"c3":0.75},{"time":0.9667,"curve":0.077,"c2":0.5,"c3":0.75},{"time":1.0667,"y":1.971,"curve":0.25,"c3":0.75},{"time":1.2333,"curve":0.077,"c2":0.5,"c3":0.75},{"time":1.3333,"y":1.971,"curve":0.25,"c3":0.75},{"time":1.5,"curve":0.077,"c2":0.5,"c3":0.75},{"time":1.6,"y":1.971,"curve":0.25,"c3":0.75},{"time":1.7667,"curve":0.077,"c2":0.5,"c3":0.75},{"time":1.8667,"y":1.971,"curve":0.25,"c3":0.75},{"time":2.0333,"curve":0.077,"c2":0.5,"c3":0.75},{"time":2.1333,"y":1.971}]},"yf/yf-28":{"scale":[{"y":1.877,"curve":0.25,"c3":0.75},{"time":0.1667,"curve":0.077,"c2":0.5,"c3":0.75},{"time":0.2667,"y":1.877,"curve":0.25,"c3":0.75},{"time":0.4333,"curve":0.077,"c2":0.5,"c3":0.75},{"time":0.5333,"y":1.877,"curve":0.25,"c3":0.75},{"time":0.7,"curve":0.077,"c2":0.5,"c3":0.75},{"time":0.8,"y":1.877,"curve":0.25,"c3":0.75},{"time":0.9667,"curve":0.077,"c2":0.5,"c3":0.75},{"time":1.0667,"y":1.877,"curve":0.25,"c3":0.75},{"time":1.2333,"curve":0.077,"c2":0.5,"c3":0.75},{"time":1.3333,"y":1.877,"curve":0.25,"c3":0.75},{"time":1.5,"curve":0.077,"c2":0.5,"c3":0.75},{"time":1.6,"y":1.877,"curve":0.25,"c3":0.75},{"time":1.7667,"curve":0.077,"c2":0.5,"c3":0.75},{"time":1.8667,"y":1.877,"curve":0.25,"c3":0.75},{"time":2.0333,"curve":0.077,"c2":0.5,"c3":0.75},{"time":2.1333,"y":1.877}]},"guang":{"translate":[{"x":8.72,"y":-313.06}]},"root":{"translate":[{"y":323.95}]},"f1":{"rotate":[{"time":0.0333,"curve":0.25,"c3":0.75},{"time":0.4333,"angle":-34.58,"curve":"stepped"},{"time":1.1,"curve":0.25,"c3":0.75},{"time":1.5,"angle":-34.58}],"translate":[{"y":5.81},{"time":0.0333,"x":-135.73,"curve":0.25,"c3":0.291},{"time":0.4333,"x":-184.37,"y":15.97,"curve":"stepped"},{"time":1.0667,"y":5.81},{"time":1.1,"x":-135.73,"curve":0.25,"c3":0.291},{"time":1.5,"x":-184.37,"y":15.97}],"scale":[{"time":0.0333,"x":0.2,"y":0.2,"curve":0.25,"c3":0.75},{"time":0.1667,"x":0.4,"y":0.4,"curve":"stepped"},{"time":0.4333,"x":0.4,"y":0.4,"curve":"stepped"},{"time":1.1,"x":0.2,"y":0.2,"curve":0.25,"c3":0.75},{"time":1.2333,"x":0.4,"y":0.4}]},"f2":{"rotate":[{"time":0.2333,"angle":25},{"time":0.6,"angle":-10,"curve":"stepped"},{"time":1.3,"angle":25},{"time":1.6667,"angle":-10}],"translate":[{"y":5.81},{"time":0.2333,"x":150.15,"y":-0.41,"curve":0,"c2":0.14,"c3":0.285,"c4":0.61},{"time":0.4333,"x":158.42,"y":34.72,"curve":0.215,"c2":0.54,"c3":0.539},{"time":0.6,"x":169.66,"y":39.92,"curve":"stepped"},{"time":1.3,"x":150.15,"y":-0.41,"curve":0,"c2":0.14,"c3":0.285,"c4":0.61},{"time":1.5,"x":158.42,"y":34.72,"curve":0.215,"c2":0.54,"c3":0.539},{"time":1.6667,"x":169.66,"y":39.92}],"scale":[{"time":0.2333,"x":0.3,"y":0.3},{"time":0.6,"x":0.5,"y":0.5,"curve":"stepped"},{"time":1.3,"x":0.3,"y":0.3},{"time":1.6667,"x":0.5,"y":0.5}]},"f3":{"rotate":[{"time":0.4333,"curve":0.25,"c3":0.75},{"time":0.8,"angle":13.14,"curve":"stepped"},{"time":1.5,"curve":0.25,"c3":0.75},{"time":1.8667,"angle":13.14}],"translate":[{"y":5.81},{"time":0.4333,"x":101.06,"y":-35.93,"curve":0.25,"c3":0.291},{"time":0.8,"x":154.69,"y":-3.99,"curve":"stepped"},{"time":1.5,"x":101.06,"y":-35.93,"curve":0.25,"c3":0.291},{"time":1.8667,"x":154.69,"y":-3.99}],"scale":[{"time":0.4333,"x":0.2,"y":0.2,"curve":0.25,"c3":0.75},{"time":0.5667,"x":0.4,"y":0.4,"curve":0.25,"c3":0.75},{"time":0.8,"x":0.3,"y":0.3,"curve":"stepped"},{"time":1.5,"x":0.2,"y":0.2,"curve":0.25,"c3":0.75},{"time":1.6333,"x":0.4,"y":0.4,"curve":0.25,"c3":0.75},{"time":1.8667,"x":0.3,"y":0.3}]},"f4":{"rotate":[{"time":0.5667,"angle":25},{"time":0.9333,"angle":-14.95,"curve":"stepped"},{"time":1.6333,"angle":25},{"time":2,"angle":-14.95}],"translate":[{"y":5.81},{"time":0.4333,"x":-113.42,"y":-24.42},{"time":0.5667,"x":-136.92,"y":-33.73,"curve":0,"c2":0.16,"c3":0.255},{"time":0.9333,"x":-150.55,"y":7.09,"curve":"stepped"},{"time":1.6333,"x":-136.92,"y":-33.73,"curve":0,"c2":0.16,"c3":0.255},{"time":2,"x":-150.55,"y":7.09}],"scale":[{"time":0.5667,"x":0.3,"y":0.3},{"time":0.9333,"x":0.4,"y":0.4,"curve":"stepped"},{"time":1.6333,"x":0.3,"y":0.3},{"time":2,"x":0.4,"y":0.4}]},"bone2":{"translate":[{"y":5.81},{"time":0.4333,"x":-8.72,"y":5.81},{"time":1.0667,"y":5.81},{"time":1.5,"x":-8.72,"y":5.81}]},"bone4":{"translate":[{"y":5.81},{"time":0.4333,"x":-8.72,"y":5.81},{"time":1.0667,"y":5.81},{"time":1.5,"x":-8.72,"y":5.81}]},"bone5":{"translate":[{"y":5.81},{"time":0.4333,"x":-8.72,"y":5.81},{"time":1.0667,"y":5.81},{"time":1.5,"x":-8.72,"y":5.81}]},"bone6":{"translate":[{"y":5.81},{"time":0.4333,"x":-8.72,"y":5.81},{"time":1.0667,"y":5.81},{"time":1.5,"x":-8.72,"y":5.81}]},"bone7":{"translate":[{"y":5.81},{"time":0.4333,"x":-8.72,"y":5.81},{"time":1.0667,"y":5.81},{"time":1.5,"x":-8.72,"y":5.81}]}}},"zhongjiang1":{"slots":{"0101010":{"color":[{"color":"ffffff00"},{"time":0.0333,"color":"ffffffff","curve":0.25,"c3":0.75},{"time":0.3,"color":"ffffff00"}],"attachment":[{"name":"01010101"},{"time":0.3333,"name":null}]},"caihong1":{"color":[{"color":"ffffff00","curve":"stepped"},{"time":0.1333,"color":"ffffff00"},{"time":0.2667,"color":"ffffffff","curve":0.188,"c2":0.38,"c3":0.582,"c4":0.89},{"time":0.6333,"color":"ffffff00"}],"attachment":[{"name":"caihong3"}]},"diaan6":{"color":[{"color":"ffffff00"},{"time":0.0667,"color":"ffffff36","curve":0,"c2":0.97,"c3":0,"c4":0.94},{"time":0.1667,"color":"ffffff00"}],"attachment":[{"name":"diaan"},{"time":0.2,"name":null}]},"fuhao4":{"color":[{"time":0.5667,"color":"ffffff00"},{"time":0.6,"color":"ffffffff","curve":"stepped"},{"time":0.7333,"color":"ffffffff"},{"time":0.9333,"color":"ffffff00"}],"attachment":[{"time":0.5667,"name":"fuhao2"}]},"glow_0007221":{"color":[{"color":"ecf5a200","curve":0,"c3":0.5},{"time":0.0667,"color":"ecf5a2ff","curve":"stepped"},{"time":0.2,"color":"ecf5a2ff","curve":0,"c3":0.5},{"time":0.5,"color":"ecf5a200"}]},"guang1":{"color":[{"color":"ffffff00","curve":"stepped"},{"time":0.0667,"color":"ffffffff","curve":0.25,"c3":0.936,"c4":0.74},{"time":0.1333,"color":"ffffff00"}],"attachment":[{"name":"guang4"}]},"quan222":{"color":[{"color":"ffffff00"},{"time":0.2,"color":"ffffffff"},{"time":0.3667,"color":"ffffff00"}],"attachment":[{"name":"quan222"}]},"quan333":{"color":[{"time":0.0667,"color":"ffffff00"},{"time":0.1667,"color":"ffffffff"},{"time":0.3,"color":"ffffff00"}],"attachment":[{"time":0.0667,"name":"quan333"}]},"quan444":{"color":[{"time":0.0667,"color":"ffffff00"},{"time":0.1667,"color":"ffffffff"},{"time":0.3667,"color":"ffffff00"}],"attachment":[{"time":0.0667,"name":"quan444"}]},"quan555":{"color":[{"time":0.1,"color":"ffffff00"},{"time":0.2,"color":"ffffffd2"},{"time":0.3667,"color":"ffffff00"}],"attachment":[{"time":0.1,"name":"quan555"}]},"quan666":{"color":[{"time":0.1,"color":"ffffff00","curve":0,"c2":0.62,"c3":0.75},{"time":0.2,"color":"fffffff6"},{"time":0.3667,"color":"ffffff00"}],"attachment":[{"time":0.1,"name":"quan666"}]}},"bones":{"guang":{"translate":[{"x":8.72,"y":-313.06}]},"bone2":{"translate":[{"x":-39.85,"curve":0,"c2":0.44,"c3":0.336},{"time":0.3,"x":43.77},{"time":0.4,"x":48.39}],"scale":[{},{"time":0.4,"x":1.22,"y":1.22}]},"bone6":{"rotate":[{"angle":10}],"translate":[{"time":0.1,"x":59.53,"y":-5.15,"curve":0,"c2":0.53,"c3":0.146},{"time":0.3667,"x":11.11,"y":-12.94},{"time":0.4,"x":-4.21,"y":-15.64}],"scale":[{},{"time":0.4,"x":1.22,"y":1.22}]},"bone5":{"rotate":[{"angle":-5}],"translate":[{"time":0.0667,"x":-39.68,"y":1.45,"curve":0,"c2":0.38,"c3":0.209},{"time":0.3,"x":18.35},{"time":0.4,"x":49.23,"y":-2.7}],"scale":[{},{"time":0.4,"x":1.22,"y":1.22}]},"bone4":{"rotate":[{"angle":5}],"translate":[{"x":8.98},{"time":0.0667,"x":37.56,"y":2.16,"curve":0,"c2":0.33,"c3":0.245},{"time":0.3,"x":-19.24},{"time":0.4,"x":-6.52,"y":-1.36}],"scale":[{},{"time":0.4,"x":1.22,"y":1.22}]},"bone7":{"rotate":[{"angle":-10}],"translate":[{"time":0.1,"x":-79.31,"y":-2.49,"curve":0,"c2":0.62,"c3":0},{"time":0.3667,"x":-15.4,"y":-8.56},{"time":0.4,"x":15.13,"y":-13.94}],"scale":[{},{"time":0.4,"x":1.22,"y":1.22}]},"f4":{"rotate":[{"time":0.5667,"angle":25},{"time":0.9333,"angle":-14.95}],"translate":[{"time":0.5667,"x":-136.92,"y":-33.73,"curve":0,"c2":0.16,"c3":0.255},{"time":0.9333,"x":-150.55,"y":7.09}],"scale":[{"time":0.5667,"x":0.3,"y":0.3},{"time":0.9333,"x":0.4,"y":0.4}]},"bone":{"rotate":[{},{"time":0.0667,"angle":60,"curve":0.054,"c2":0.58,"c3":0.75},{"time":0.1333}],"scale":[{"curve":"stepped"},{"time":0.0667,"x":15,"y":15,"curve":0.25,"c3":0.876,"c4":0.74},{"time":0.1333,"x":8,"y":8}]},"caihong":{"scale":[{"time":0.1333,"curve":0.213,"c2":0.64,"c3":0.671,"c4":0.96},{"time":0.6333,"x":3.5,"y":3.5}]},"diglow":{"scale":[{},{"time":0.0667,"x":4.05,"y":4.05,"curve":0.045,"c2":0.91,"c3":0.16,"c4":0.94},{"time":0.1667,"x":9.85,"y":9.85}]},"02":{"scale":[{"x":0.01,"y":0.01},{"time":0.0333,"x":2,"y":2},{"time":0.3,"x":3.65,"y":3.65}]},"TX":{"translate":[{"x":5.21,"y":-316.32}],"scale":[{"x":0.62,"y":0.239}]},"quan2":{"rotate":[{},{"time":0.5,"angle":-39}],"scale":[{"x":1.5,"y":1.5,"curve":0.13,"c2":0.64,"c3":0.451,"c4":0.91},{"time":0.1667,"x":3.8,"y":3.8,"curve":0,"c3":0.5},{"time":0.5,"x":5,"y":5}]},"root":{"translate":[{"y":323.95}]}}}}}