{"skeleton":{"hash":"yww01wHLOpRrVkZmPR8xuV++mII","spine":"3.8.99","x":-1780.06,"y":-1123.79,"width":3556.11,"height":2242.19},"bones":[{"name":"root"},{"name":"diban","parent":"root","length":78.37,"rotation":74.83,"x":-548.8,"y":144.75},{"name":"shanguang","parent":"root"},{"name":"shanguang2","parent":"root","length":30.45,"rotation":-40.73,"x":-51.37,"y":57.14},{"name":"shanguang3","parent":"root"},{"name":"ditiao2","parent":"diban","length":40.48,"rotation":0.55,"x":141.16,"y":-529.67},{"name":"ditiao1","parent":"diban","length":58.82,"rotation":-6.94,"x":-138.67,"y":-515.53},{"name":"glow","parent":"root"},{"name":"xingxing","parent":"root"},{"name":"xingxing2","parent":"root"},{"name":"ren","parent":"root","length":97.68,"rotation":80.94,"x":-35.63,"y":-177.98},{"name":"xiankuai","parent":"root"},{"name":"xiankuai2","parent":"root"},{"name":"xiankuai3","parent":"root"},{"name":"xiankuai4","parent":"root"},{"name":"xiankuai5","parent":"root"},{"name":"xian","parent":"root","scaleY":0.3904},{"name":"xian2","parent":"root","scaleY":0.3904},{"name":"xian3","parent":"root","scaleY":0.3904},{"name":"xian4","parent":"root","scaleY":0.3904},{"name":"xian5","parent":"root","scaleY":0.3904},{"name":"sg1","parent":"root"},{"name":"sg2","parent":"root"},{"name":"sg3","parent":"root"},{"name":"sg4","parent":"root"},{"name":"sg5","parent":"root"},{"name":"sg6","parent":"root"},{"name":"tou","parent":"ren","length":110.69,"rotation":23.33,"x":122.15,"y":-5.15},{"name":"ren2","parent":"ren","length":72.41,"rotation":-48.04,"x":86,"y":-138.04},{"name":"ren3","parent":"ren2","length":122.72,"rotation":64.91,"x":78,"y":2.06},{"name":"ren4","parent":"ren3","length":47.5,"rotation":-25.44,"x":144.95,"y":4.17},{"name":"ren5","parent":"tou","length":9.48,"rotation":-51.58,"x":155.38,"y":-44.84},{"name":"xx2","parent":"root","x":-35.55,"y":556.96},{"name":"xx3","parent":"root","x":-35.55,"y":556.96},{"name":"xx","parent":"root","x":-12.69,"y":73.29},{"name":"xx4","parent":"root","rotation":-111.03,"x":-12.69,"y":73.29},{"name":"g1","parent":"root"},{"name":"g2","parent":"root"},{"name":"g3","parent":"root"},{"name":"BOOM","parent":"root","x":-31.38,"y":28.24},{"name":"boom","parent":"BOOM","x":31.38,"y":-28.24},{"name":"g4","parent":"root"},{"name":"sg7","parent":"root"},{"name":"sg8","parent":"root"},{"name":"sg9","parent":"root"},{"name":"sg10","parent":"root"},{"name":"sg11","parent":"root"},{"name":"sg12","parent":"root"},{"name":"sg13","parent":"root"},{"name":"sg14","parent":"root"},{"name":"zha1","parent":"root"},{"name":"zha2","parent":"root"},{"name":"zha3","parent":"root"},{"name":"yan","parent":"root"},{"name":"yan2","parent":"root","rotation":-86.78,"scaleX":0.5548,"scaleY":0.5548},{"name":"zha4","parent":"root"},{"name":"zha5","parent":"root"},{"name":"zha6","parent":"root"},{"name":"zha7","parent":"root"},{"name":"zha8","parent":"root"}],"slots":[{"name":"diban","bone":"diban"},{"name":"diban2","bone":"diban","blend":"additive"},{"name":"ditiao1","bone":"ditiao1","blend":"additive"},{"name":"ditiao2","bone":"ditiao2","blend":"additive"},{"name":"xiankuai","bone":"xiankuai","blend":"additive"},{"name":"xiankuai5","bone":"xiankuai5","blend":"additive"},{"name":"xiankuai4","bone":"xiankuai4","blend":"additive"},{"name":"xiankuai3","bone":"xiankuai3","blend":"additive"},{"name":"xiankuai2","bone":"xiankuai2","blend":"additive"},{"name":"xian","bone":"xian","blend":"additive"},{"name":"xian4","bone":"xian4","blend":"additive"},{"name":"xian3","bone":"xian3","blend":"additive"},{"name":"xian2","bone":"xian2","blend":"additive"},{"name":"xian5","bone":"xian5","blend":"additive"},{"name":"Xx3","bone":"xx3"},{"name":"Xx2","bone":"xx2"},{"name":"sg_jz","bone":"sg1"},{"name":"ren","bone":"ren"},{"name":"ren4","bone":"ren4"},{"name":"ren2","bone":"tou"},{"name":"ren3","bone":"ren5"},{"name":"guangyun2","bone":"shanguang2","blend":"additive"},{"name":"shanguang3","bone":"shanguang3","blend":"additive"},{"name":"shanguang2","bone":"shanguang2","color":"faffb6ff","blend":"additive"},{"name":"sg_xg","bone":"sg5"},{"name":"sg_xg2","bone":"sg11"},{"name":"shanguang1","bone":"shanguang","blend":"additive"},{"name":"guangyun","bone":"shanguang","color":"ffffff36","blend":"additive"},{"name":"guangyun3","bone":"glow","blend":"additive"},{"name":"xingxing","bone":"xingxing"},{"name":"xingxing3","bone":"xingxing2"},{"name":"xingxing2","bone":"xingxing","blend":"additive"},{"name":"xingxing4","bone":"xingxing2","blend":"additive"},{"name":"sg_jz2","bone":"sg7"},{"name":"sg_nm","bone":"sg2"},{"name":"sg_nm2","bone":"sg8"},{"name":"sg_nm3","bone":"sg14"},{"name":"sg_pt","bone":"sg3"},{"name":"sg_pt2","bone":"sg9"},{"name":"sg_tao","bone":"sg4"},{"name":"sg_tao2","bone":"sg10"},{"name":"sg_yt","bone":"sg6"},{"name":"sg_yt2","bone":"sg12"},{"name":"sg_yt3","bone":"sg13"},{"name":"Xx","bone":"xx","blend":"additive"},{"name":"Xx12","bone":"xx4","blend":"additive"},{"name":"Xx4","bone":"xx","blend":"additive"},{"name":"Xx13","bone":"xx4","blend":"additive"},{"name":"Xx5","bone":"xx","blend":"additive"},{"name":"Xx14","bone":"xx4","blend":"additive"},{"name":"Xx6","bone":"xx","blend":"additive"},{"name":"Xx15","bone":"xx4","blend":"additive"},{"name":"Xx7","bone":"xx","blend":"additive"},{"name":"Xx16","bone":"xx4","blend":"additive"},{"name":"Xx8","bone":"xx","blend":"additive"},{"name":"Xx17","bone":"xx4","blend":"additive"},{"name":"Xx9","bone":"xx","blend":"additive"},{"name":"Xx18","bone":"xx4","blend":"additive"},{"name":"Xx10","bone":"xx","blend":"additive"},{"name":"Xx19","bone":"xx4","blend":"additive"},{"name":"Xx11","bone":"xx","blend":"additive"},{"name":"Xx20","bone":"xx4","blend":"additive"},{"name":"guangyun4","bone":"g2","blend":"additive"},{"name":"g4","bone":"g4","blend":"additive"},{"name":"guang1","bone":"g1","blend":"additive"},{"name":"guang2","bone":"g2","blend":"additive"},{"name":"guang4","bone":"g2","blend":"additive"},{"name":"guang5","bone":"g2","blend":"additive"},{"name":"yan","bone":"yan","attachment":"yan","blend":"additive"},{"name":"yan2","bone":"yan2","attachment":"yan","blend":"additive"},{"name":"boom","bone":"boom"},{"name":"boom2","bone":"boom","blend":"additive"},{"name":"shanguang4","bone":"g4","blend":"additive"},{"name":"guang3","bone":"g3","blend":"additive"},{"name":"dian1","bone":"zha1","blend":"additive"},{"name":"dian5","bone":"zha4","blend":"additive"},{"name":"dian2","bone":"zha2","blend":"additive"},{"name":"dian8","bone":"zha7","blend":"additive"},{"name":"dian9","bone":"zha8","blend":"additive"},{"name":"dian6","bone":"zha5","blend":"additive"},{"name":"dian3","bone":"zha3","blend":"additive"},{"name":"dian7","bone":"zha6","blend":"additive"},{"name":"dian4","bone":"shanguang","blend":"additive"},{"name":"sg1","bone":"root","attachment":"sg1"},{"name":"sg2","bone":"root","attachment":"sg2"},{"name":"sg3","bone":"root","attachment":"sg2"},{"name":"sg4","bone":"root","attachment":"sg2"},{"name":"sg5","bone":"root","attachment":"sg2"}],"path":[{"name":"sg1","target":"sg1","bones":["sg11"]},{"name":"sg2","order":1,"target":"sg2","bones":["sg9"]},{"name":"sg3","order":2,"target":"sg3","bones":["sg7"]},{"name":"sg4","order":3,"target":"sg4","position":-0.0327,"bones":["sg10"]},{"name":"sg5","order":4,"target":"sg5","bones":["sg8"]}],"skins":[{"name":"default","attachments":{"Xx":{"Xx":{"x":152.25,"y":27.85,"scaleX":0.5229,"scaleY":0.5229,"rotation":22.66,"width":153,"height":118}},"Xx2":{"Xx2":{"x":-3.43,"y":1.31,"width":119,"height":126}},"Xx3":{"Xx3":{"x":1.31,"y":1.31,"width":82,"height":78}},"Xx4":{"Xx":{"x":77.39,"y":-63.02,"scaleX":0.4298,"scaleY":0.4298,"rotation":-32.92,"width":153,"height":118}},"Xx5":{"Xx":{"x":-146.03,"y":91.06,"scaleX":0.4952,"scaleY":0.4952,"rotation":33.21,"width":153,"height":118}},"Xx6":{"Xx":{"x":2.92,"y":173.24,"scaleX":0.4298,"scaleY":0.4298,"rotation":-58.47,"width":153,"height":118}},"Xx7":{"Xx":{"x":-122.92,"y":-122.08,"scaleX":0.3299,"scaleY":0.3299,"width":153,"height":118}},"Xx8":{"Xx":{"x":239.17,"y":-165.74,"scaleX":0.4298,"scaleY":0.4298,"rotation":54.16,"width":153,"height":118}},"Xx9":{"Xx":{"x":-22.76,"y":47.41,"scaleX":0.398,"scaleY":0.398,"rotation":19.02,"width":153,"height":118}},"Xx10":{"Xx":{"x":-84.4,"y":-45.04,"scaleX":0.4298,"scaleY":0.4298,"rotation":24.46,"width":153,"height":118}},"Xx11":{"Xx":{"x":79.95,"y":70.52,"scaleX":0.4298,"scaleY":0.4298,"rotation":15.06,"width":153,"height":118}},"Xx12":{"Xx":{"x":152.25,"y":27.85,"scaleX":0.5229,"scaleY":0.5229,"rotation":22.66,"width":153,"height":118}},"Xx13":{"Xx":{"x":77.39,"y":-63.02,"scaleX":0.4298,"scaleY":0.4298,"rotation":-32.92,"width":153,"height":118}},"Xx14":{"Xx":{"x":-146.03,"y":91.06,"scaleX":0.4952,"scaleY":0.4952,"rotation":33.21,"width":153,"height":118}},"Xx15":{"Xx":{"x":2.92,"y":173.24,"scaleX":0.4298,"scaleY":0.4298,"rotation":-58.47,"width":153,"height":118}},"Xx16":{"Xx":{"x":-122.92,"y":-122.08,"scaleX":0.3299,"scaleY":0.3299,"width":153,"height":118}},"Xx17":{"Xx":{"x":239.17,"y":-165.74,"scaleX":0.4298,"scaleY":0.4298,"rotation":54.16,"width":153,"height":118}},"Xx18":{"Xx":{"x":-22.76,"y":47.41,"scaleX":0.398,"scaleY":0.398,"rotation":19.02,"width":153,"height":118}},"Xx19":{"Xx":{"x":-84.4,"y":-45.04,"scaleX":0.4298,"scaleY":0.4298,"rotation":24.46,"width":153,"height":118}},"Xx20":{"Xx":{"x":79.95,"y":70.52,"scaleX":0.4298,"scaleY":0.4298,"rotation":15.06,"width":153,"height":118}},"boom":{"boom":{"width":974,"height":336}},"boom2":{"boom":{"width":974,"height":336}},"dian1":{"dian2":{"width":128,"height":128}},"dian2":{"dian2":{"width":128,"height":128}},"dian3":{"dian2":{"width":128,"height":128}},"dian4":{"dian3":{"scaleX":2,"scaleY":2,"width":128,"height":128}},"dian5":{"dian2":{"width":128,"height":128}},"dian6":{"dian2":{"width":128,"height":128}},"dian7":{"dian2":{"width":128,"height":128}},"dian8":{"dian2":{"width":128,"height":128}},"dian9":{"dian2":{"width":128,"height":128}},"diban":{"diban_2":{"x":66.79,"y":-624.09,"scaleX":4,"scaleY":4,"rotation":-74.83,"width":343,"height":175}},"diban2":{"diban_2":{"x":66.79,"y":-624.09,"scaleX":4,"scaleY":4,"rotation":-74.83,"width":343,"height":175}},"ditiao1":{"ditiao1":{"x":76.6,"y":-69.54,"rotation":-67.89,"width":296,"height":104}},"ditiao2":{"ditiao2":{"x":-23.47,"y":-26.82,"rotation":-75.38,"width":297,"height":66}},"g4":{"guangyun":{"scaleX":1.6343,"scaleY":1.6343,"width":128,"height":128}},"guang1":{"guang1":{"width":300,"height":278}},"guang2":{"guang2":{"width":344,"height":340}},"guang3":{"guang3":{"width":128,"height":128}},"guang4":{"guang2":{"x":-107.71,"y":-3.17,"scaleX":0.8385,"scaleY":0.8385,"rotation":-58.68,"width":344,"height":340}},"guang5":{"guang2":{"x":95.04,"y":-6.34,"scaleX":0.5993,"scaleY":0.5993,"rotation":178.28,"width":344,"height":340}},"guangyun":{"guangyun":{"scaleX":3.6434,"scaleY":3.6434,"width":128,"height":128}},"guangyun2":{"guangyun":{"x":76.21,"y":-9.78,"scaleX":1.3002,"scaleY":2.9479,"rotation":86.89,"width":128,"height":128}},"guangyun3":{"guangyun":{"width":128,"height":128}},"guangyun4":{"guangyun":{"scaleX":7.2349,"scaleY":4.8875,"width":128,"height":128}},"ren":{"ren":{"type":"mesh","hull":26,"uvs":[0.77904,1,0.74519,0.80411,0.88247,0.7345,0.92355,0.69635,0.95461,0.64294,1,0.5266,1,0.44172,0.89449,0.41883,0.89148,0.39022,0.89449,0.36352,0.92721,0.26539,0.9326,0.14853,0.83458,0.13623,0.69995,0.26129,0.71933,0.32793,0.74195,0.36073,0.75811,0.37918,0.76888,0.40378,0.77103,0.48476,0.78827,0.52884,0.78181,0.56677,0.76996,0.59548,0.71933,0.6334,0.67302,0.53704,0,0.54267,0,1],"triangles":[10,12,11,13,12,10,14,13,10,9,15,14,10,9,14,16,15,9,9,17,16,8,17,9,17,8,7,18,17,7,7,6,5,19,18,7,19,7,5,4,19,5,20,19,4,21,20,4,3,21,4,2,21,3,22,21,2,1,22,2,22,25,24,22,24,23,25,1,0,25,22,1],"vertices":[1,10,-52.67,-184.29,1,3,10,44.91,-151.83,0.78733,28,-17.22,-39.78,0.15114,29,-78.27,68.5,0.06153,2,28,59.19,-46.27,0.89149,29,-51.75,-3.46,0.10851,2,28,86.93,-40.68,0.43875,29,-34.92,-26.21,0.56125,2,28,114.82,-25.77,0.01571,29,-9.6,-45.14,0.98429,1,29,47.07,-75.51,1,1,29,90.62,-81.49,1,2,29,109.44,-31.56,0.96738,30,-16.8,-47.49,0.03262,2,29,124.33,-32.11,0.74456,30,-3.11,-41.62,0.25544,2,29,137.83,-35.46,0.45465,30,10.52,-38.86,0.54535,2,29,185.99,-58.35,0.01429,30,63.85,-38.94,0.98571,1,30,122.37,-23.24,1,1,30,113.9,24.75,1,1,30,32.14,68.54,1,1,30,2.1,49.03,1,2,29,149.49,38.84,0.03648,30,-10.74,33.28,0.96352,2,29,138.94,32.25,0.18273,30,-17.46,22.81,0.81727,2,29,125.59,28.73,0.57203,30,-28.01,13.91,0.42797,3,28,83.34,92.18,0.0005,29,83.88,33.38,0.99674,30,-67.69,0.26,0.00276,2,28,78.07,68.4,0.02673,29,60.11,28.07,0.97327,3,10,169.16,-150.31,0.0009,28,64.72,53.63,0.17659,29,41.08,33.89,0.8225,3,10,153.56,-146.88,0.00903,28,51.74,44.32,0.45702,29,27.14,41.7,0.53396,3,10,130.23,-125.33,0.77056,28,20.12,41.39,0.17933,29,11.07,69.1,0.05011,1,10,175.93,-94.92,1,1,10,120.81,232.28,1,1,10,-113.13,194.99,1]}},"ren2":{"ren2":{"x":53.45,"y":-25.79,"rotation":-104.27,"width":493,"height":518}},"ren3":{"ren3":{"x":-78.27,"y":-68.01,"rotation":-52.7,"width":493,"height":518}},"ren4":{"ren4":{"x":29.06,"y":11.48,"rotation":-72.47,"width":100,"height":85},"ren5":{"x":46.6,"y":15.86,"rotation":-72.89,"width":100,"height":117}},"sg1":{"sg1":{"type":"path","vertexCount":27,"lengths":[124.87,248.32,369.51,475.12,568.42,652.62,731.66,844.65,1514.28],"vertices":[-8.07,-27.36,-8.07,-27.36,-8.07,-27.36,45.79,51.81,63.99,74.6,81.58,96.62,121.76,139.8,147.27,165.68,169.11,187.84,207.01,222.91,241.5,241.29,274.47,258.86,309.2,270.55,341,275.34,371.53,279.94,406.58,280.06,434.09,278.16,462.18,276.23,489.31,269.09,514.69,255.84,540.77,242.22,559.67,228.45,579.08,210.42,602.49,188.69,635.35,136.82,645.15,119.09,651.91,106.86]}},"sg2":{"sg2":{"type":"path","vertexCount":12,"lengths":[222.87,393.73,573.23,1110.37],"vertices":[-144.2,8.04,-167.01,36.89,-231.27,118.16,-253.63,145.65,-326.35,190.49,-384.26,226.19,-424.14,236.31,-487.62,240.54,-537.95,243.9,-595.33,240.41,-666.63,231.26,-691.52,228.07]}},"sg3":{"sg2":{"type":"path","vertexCount":12,"lengths":[185.69,313.52,459.53,873.65],"vertices":[-68.04,-25.87,-63.39,10.61,-55.55,72.15,-47.53,132.26,-26.58,192.26,-11.08,236.66,18.42,271.9,49.79,292.16,84.3,314.45,129.64,327.78,187.56,337.73,212.3,341.98]}},"sg4":{"sg2":{"type":"path","vertexCount":12,"lengths":[211.8,388.97,556.1,1100.21],"vertices":[-126.78,-2.46,-161.84,8.62,-236.1,32.09,-328.81,41.74,-370.25,43.83,-443.78,47.55,-479.94,47.8,-546.35,32.58,-616.38,16.52,-631.54,8.95,-704.73,-20,-728.07,-29.23]}},"sg5":{"sg2":{"type":"path","vertexCount":12,"lengths":[205.66,371.7,544.15,1055.1],"vertices":[-39.42,-163.14,-6.47,-146.82,52.97,-117.37,117.29,-91.51,185.96,-75.48,248.37,-60.91,291.86,-63.99,350.73,-74.18,412.38,-84.85,467.43,-124.52,503.32,-151.3,523.44,-166.3]}},"sg_jz":{"sg_jz":{"width":146,"height":122}},"sg_jz2":{"sg_jz":{"width":146,"height":122}},"sg_nm":{"sg_nm":{"x":0.5,"width":121,"height":114}},"sg_nm2":{"sg_nm":{"x":0.5,"width":121,"height":114}},"sg_nm3":{"sg_nm":{"x":0.5,"width":121,"height":114}},"sg_pt":{"sg_pt":{"y":0.5,"width":140,"height":141}},"sg_pt2":{"sg_pt":{"y":0.5,"rotation":-138.4,"width":140,"height":141}},"sg_tao":{"sg_tao":{"x":0.5,"y":0.5,"width":133,"height":127}},"sg_tao2":{"sg_tao":{"x":0.5,"y":0.5,"rotation":-162,"width":133,"height":127}},"sg_xg":{"sg_xg":{"width":188,"height":180}},"sg_xg2":{"sg_xg":{"width":188,"height":180}},"sg_yt":{"sg_yt":{"width":96,"height":100}},"sg_yt2":{"sg_yt":{"width":96,"height":100}},"sg_yt3":{"sg_yt":{"width":96,"height":100}},"shanguang1":{"shanguang1":{"width":192,"height":108}},"shanguang2":{"shanguang2":{"x":76.21,"y":-9.78,"rotation":40.73,"width":128,"height":128}},"shanguang3":{"shanguang3":{"width":64,"height":64}},"shanguang4":{"shanguang3":{"width":64,"height":64}},"xian":{"xian":{"width":134,"height":6}},"xian2":{"xian":{"width":134,"height":6}},"xian3":{"xian":{"width":134,"height":6}},"xian4":{"xian":{"width":134,"height":6}},"xian5":{"xian":{"width":134,"height":6}},"xiankuai":{"xiankuai":{"y":0.5,"width":294,"height":29}},"xiankuai2":{"xiankuai":{"y":0.5,"width":294,"height":29}},"xiankuai3":{"xiankuai":{"y":0.5,"width":294,"height":29}},"xiankuai4":{"xiankuai":{"y":0.5,"width":294,"height":29}},"xiankuai5":{"xiankuai":{"y":0.5,"width":294,"height":29}},"xingxing":{"xingxing":{"x":0.5,"y":0.5,"width":273,"height":273}},"xingxing2":{"xingxing":{"x":0.5,"y":0.5,"width":273,"height":273}},"xingxing3":{"xingxing":{"x":0.5,"y":0.5,"width":273,"height":273}},"xingxing4":{"xingxing":{"x":0.5,"y":0.5,"width":273,"height":273}},"yan":{"yan":{"width":256,"height":256}},"yan2":{"yan":{"width":256,"height":256}}}}],"animations":{"boom":{"slots":{"Xx":{"color":[{"color":"ffffff00","curve":"stepped"},{"time":0.7,"color":"ffffff00"},{"time":0.8333,"color":"ffffffff"},{"time":1.0333,"color":"ffffff00"}],"attachment":[{"name":"Xx"}]},"Xx2":{"color":[{"color":"ffffff00","curve":"stepped"},{"time":0.6667,"color":"ffffff00"},{"time":0.7667,"color":"ffffffff","curve":"stepped"},{"time":1.5667,"color":"ffffffff"},{"time":1.7333,"color":"ffffff00"}],"attachment":[{"name":"Xx2"}]},"Xx3":{"color":[{"color":"ffffff00","curve":"stepped"},{"time":0.6667,"color":"ffffff00"},{"time":0.8333,"color":"ffffffff","curve":"stepped"},{"time":1.5667,"color":"ffffffff"},{"time":1.7333,"color":"ffffff00"}],"attachment":[{"name":"Xx3"}]},"Xx4":{"color":[{"color":"ffffff00","curve":"stepped"},{"time":1.2667,"color":"ffffff00"},{"time":1.3667,"color":"ffffffff"},{"time":1.5333,"color":"ffffff00"}],"attachment":[{"name":"Xx"}]},"Xx5":{"color":[{"color":"ffffff00","curve":"stepped"},{"time":0.8,"color":"ffffff00"},{"time":0.9,"color":"ffffffff"},{"time":1.0667,"color":"ffffff00"}],"attachment":[{"name":"Xx"}]},"Xx6":{"color":[{"color":"ffffff00","curve":"stepped"},{"time":1.0667,"color":"ffffff00"},{"time":1.2333,"color":"ffffffff"},{"time":1.5,"color":"ffffff00"}],"attachment":[{"name":"Xx"}]},"Xx7":{"color":[{"color":"ffffff00","curve":"stepped"},{"time":1.3667,"color":"ffffff00"},{"time":1.5,"color":"ffffffff"},{"time":1.7,"color":"ffffff00"}],"attachment":[{"name":"Xx"}]},"Xx8":{"color":[{"color":"ffffff00","curve":"stepped"},{"time":0.9333,"color":"ffffff00"},{"time":1.0333,"color":"ffffffff"},{"time":1.1667,"color":"ffffff00"}],"attachment":[{"name":"Xx"}]},"Xx9":{"color":[{"color":"ffffff00","curve":"stepped"},{"time":1.5333,"color":"ffffff00"},{"time":1.6667,"color":"ffffffff"},{"time":1.9,"color":"ffffff00"}],"attachment":[{"name":"Xx"}]},"Xx10":{"color":[{"color":"ffffff00","curve":"stepped"},{"time":1.1667,"color":"ffffff00"},{"time":1.2667,"color":"ffffffff"},{"time":1.4333,"color":"ffffff00"}],"attachment":[{"name":"Xx"}]},"Xx11":{"color":[{"color":"ffffff00","curve":"stepped"},{"time":0.9667,"color":"ffffff00"},{"time":1.1,"color":"ffffffff"},{"time":1.3333,"color":"ffffff00"}],"attachment":[{"name":"Xx"}]},"Xx12":{"color":[{"color":"ffffff00","curve":"stepped"},{"time":0.7,"color":"ffffff00"},{"time":0.8667,"color":"ffffffff"},{"time":1.1,"color":"ffffff00"}],"attachment":[{"name":"Xx"}]},"Xx13":{"color":[{"color":"ffffff00","curve":"stepped"},{"time":1.2667,"color":"ffffff00"},{"time":1.4,"color":"ffffffff"},{"time":1.6333,"color":"ffffff00"}],"attachment":[{"name":"Xx"}]},"Xx14":{"color":[{"color":"ffffff00","curve":"stepped"},{"time":0.9,"color":"ffffff00"},{"time":1,"color":"ffffffff"},{"time":1.1667,"color":"ffffff00"}],"attachment":[{"name":"Xx"}]},"Xx15":{"color":[{"color":"ffffff00","curve":"stepped"},{"time":1.0667,"color":"ffffff00"},{"time":1.1667,"color":"ffffffff"},{"time":1.3667,"color":"ffffff00"}],"attachment":[{"name":"Xx"}]},"Xx16":{"color":[{"color":"ffffff00","curve":"stepped"},{"time":1.4,"color":"ffffff00"},{"time":1.5667,"color":"ffffffff"},{"time":1.8333,"color":"ffffff00"}],"attachment":[{"name":"Xx"}]},"Xx17":{"color":[{"color":"ffffff00","curve":"stepped"},{"time":1.0333,"color":"ffffff00"},{"time":1.1667,"color":"ffffffff"},{"time":1.3667,"color":"ffffff00"}],"attachment":[{"name":"Xx"}]},"Xx18":{"color":[{"color":"ffffff00","curve":"stepped"},{"time":1.5333,"color":"ffffff00"},{"time":1.7,"color":"ffffffff"},{"time":1.9667,"color":"ffffff00"}],"attachment":[{"name":"Xx"}]},"Xx19":{"color":[{"color":"ffffff00","curve":"stepped"},{"time":1.1667,"color":"ffffff00"},{"time":1.2667,"color":"ffffffff"},{"time":1.4333,"color":"ffffff00"}],"attachment":[{"name":"Xx"}]},"Xx20":{"color":[{"color":"ffffff00","curve":"stepped"},{"time":0.9333,"color":"ffffff00"},{"time":1.0667,"color":"ffffffff"},{"time":1.2333,"color":"ffffff00"}],"attachment":[{"name":"Xx"}]},"boom":{"color":[{"time":1.6333,"color":"ffffff00","curve":0,"c2":0.84,"c3":0.75},{"time":1.7,"color":"ffffffff","curve":"stepped"},{"time":1.8667,"color":"ffffffff","curve":0,"c2":0.82,"c3":0.306},{"time":2.1667,"color":"ffffff00"}],"attachment":[{"time":1.6333,"name":"boom"}]},"boom2":{"color":[{"time":1.6333,"color":"ffffff00","curve":0,"c2":0.84,"c3":0.75},{"time":1.7,"color":"ffffff37","curve":"stepped"},{"time":1.7667,"color":"ffffff37","curve":0,"c2":0.63,"c3":0.271},{"time":2.0333,"color":"ffffff00"}],"attachment":[{"time":1.6333,"name":"boom"}]},"dian1":{"color":[{"time":1.7667,"color":"ffffffff"},{"time":1.8667,"color":"ffffff00"}],"attachment":[{"time":1.6333,"name":"dian2"}]},"dian2":{"color":[{"time":1.7333,"color":"ffffffff"},{"time":1.8667,"color":"ffffff00"}],"attachment":[{"time":1.6333,"name":"dian2"}]},"dian3":{"color":[{"time":1.7667,"color":"ffffffff"},{"time":1.9,"color":"ffffff00"}],"attachment":[{"time":1.6667,"name":"dian2"}]},"dian4":{"color":[{"color":"ffffff00","curve":"stepped"},{"time":0.5333,"color":"ffffff00"},{"time":0.5667,"color":"ffffffff"},{"time":0.6333,"color":"ffffff00"}],"attachment":[{"name":"dian3"},{"time":0.6667,"name":null}]},"dian5":{"color":[{"time":1.7667,"color":"ffffffff"},{"time":1.8667,"color":"ffffff00"}],"attachment":[{"time":1.6333,"name":"dian2"}]},"dian6":{"color":[{"time":1.7333,"color":"ffffffff"},{"time":1.8667,"color":"ffffff00"}],"attachment":[{"time":1.6333,"name":"dian2"}]},"dian7":{"color":[{"time":1.8,"color":"ffffffff"},{"time":1.9,"color":"ffffff00"}],"attachment":[{"time":1.6667,"name":"dian2"}]},"dian8":{"color":[{"time":1.8333,"color":"ffffffff"},{"time":1.9667,"color":"ffffff00"}],"attachment":[{"time":1.6333,"name":"dian2"}]},"dian9":{"color":[{"time":1.8333,"color":"ffffffff"},{"time":1.9667,"color":"ffffff00"}],"attachment":[{"time":1.6333,"name":"dian2"}]},"diban":{"color":[{"time":1.5667,"color":"ffffffff"},{"time":1.7333,"color":"ffffff00"}],"attachment":[{"time":0.0667,"name":"diban_2"}]},"diban2":{"color":[{"time":0.0667,"color":"ffffff00","curve":"stepped"},{"time":0.5,"color":"ffffff00"},{"time":0.6667,"color":"ffffff40"},{"time":1.2333,"color":"ffffff8e","curve":"stepped"},{"time":1.5667,"color":"ffffff8e"},{"time":1.7333,"color":"ffffff00"}],"attachment":[{"time":0.0667,"name":"diban_2"}]},"ditiao1":{"color":[{"time":0.8333,"color":"ffffffff"},{"time":1.3667,"color":"ffffff00","curve":"stepped"},{"time":1.5667,"color":"ffffff00"},{"time":1.7333,"color":"ffffff00"}],"attachment":[{"time":0.0667,"name":"ditiao1"}]},"ditiao2":{"color":[{"time":0.8333,"color":"ffffffff"},{"time":1.3667,"color":"ffffff00","curve":"stepped"},{"time":1.5667,"color":"ffffff00"},{"time":1.7333,"color":"ffffff00"}],"attachment":[{"time":0.0667,"name":"ditiao2"}]},"g4":{"color":[{"time":1.5667,"color":"ffffff00"},{"time":1.6,"color":"ffffff82","curve":"stepped"},{"time":1.6667,"color":"ffffff82"},{"time":2.1,"color":"ffffff00"}],"attachment":[{"time":1.5667,"name":"guangyun"},{"time":2.1333,"name":null}]},"guang1":{"color":[{"time":1.5667,"color":"ffffff00","curve":0,"c2":0.84,"c3":0.75},{"time":1.6667,"color":"ffffffff","curve":"stepped"},{"time":1.7667,"color":"ffffff00"}],"attachment":[{"time":1.5667,"name":"guang1"}]},"guang2":{"color":[{"time":1.5667,"color":"ffffff00","curve":0,"c2":0.84,"c3":0.75},{"time":1.6333,"color":"ffffffff","curve":0.25,"c3":0.719,"c4":0.48},{"time":1.8333,"color":"ffffff00"}],"attachment":[{"time":1.5667,"name":"guang2"}]},"guang3":{"color":[{"time":1.5667,"color":"ffffff00","curve":0,"c2":0.84,"c3":0.75},{"time":1.6333,"color":"ffffffff","curve":0.25,"c3":0.813,"c4":0.3},{"time":1.7333,"color":"ffffff00"}],"attachment":[{"time":1.5667,"name":"guang3"}]},"guang4":{"color":[{"time":1.5667,"color":"ffffff00","curve":0,"c2":0.84,"c3":0.75},{"time":1.6333,"color":"ffffffff","curve":0.25,"c3":0.719,"c4":0.48},{"time":1.8667,"color":"ffffff00"}],"attachment":[{"time":1.5667,"name":"guang2"}]},"guang5":{"color":[{"time":1.5667,"color":"ffffff00","curve":0,"c2":0.84,"c3":0.75},{"time":1.6333,"color":"ffffffff","curve":0.25,"c3":0.719,"c4":0.48},{"time":1.8333,"color":"ffffff00"}],"attachment":[{"time":1.5667,"name":"guang2"}]},"guangyun":{"color":[{"time":0.0667,"color":"ffffff1e"},{"time":0.5,"color":"ffffff36","curve":0.34,"c2":0.07,"c3":0.854,"c4":0.58},{"time":0.6333,"color":"ffffff00"}],"attachment":[{"time":0.0667,"name":"guangyun"},{"time":0.6667,"name":null}]},"guangyun2":{"color":[{"time":0.5,"color":"ffffffff","curve":0.34,"c2":0.07,"c3":0.854,"c4":0.58},{"time":0.6,"color":"ffffff00"}],"attachment":[{"time":0.0667,"name":"guangyun"},{"time":0.6333,"name":null}]},"guangyun3":{"color":[{"time":0.4667,"color":"ffffff00"},{"time":0.5667,"color":"ffffff7a"},{"time":0.9333,"color":"ffffff00"}],"attachment":[{"time":0.4667,"name":"guangyun"},{"time":0.9667,"name":null}]},"guangyun4":{"color":[{"time":1.5667,"color":"ffffff00","curve":0,"c2":0.84,"c3":0.75},{"time":1.6333,"color":"ffffffff","curve":0.25,"c3":0.719,"c4":0.48},{"time":2.2333,"color":"ffffff00"}],"attachment":[{"time":1.5667,"name":"guangyun"}]},"ren":{"color":[{"color":"ffffff00","curve":"stepped"},{"time":0.5,"color":"ffffff00","curve":0.236,"c2":0.49,"c3":0.75},{"time":0.6667,"color":"ffffffff","curve":"stepped"},{"time":1.5667,"color":"ffffffff"},{"time":1.7333,"color":"ffffff00"}],"attachment":[{"name":"ren"}]},"ren2":{"color":[{"color":"ffffff00","curve":"stepped"},{"time":0.3667,"color":"ffffff00","curve":0.236,"c2":0.49,"c3":0.75},{"time":0.7333,"color":"ffffffff","curve":"stepped"},{"time":1.5667,"color":"ffffffff"},{"time":1.7333,"color":"ffffff00"}],"attachment":[{"name":"ren2"}]},"ren3":{"color":[{"color":"ffffff00","curve":"stepped"},{"time":0.5,"color":"ffffff00","curve":0.236,"c2":0.49,"c3":0.75},{"time":0.6667,"color":"ffffffff","curve":"stepped"},{"time":1.5667,"color":"ffffffff"},{"time":1.7333,"color":"ffffff00"}],"attachment":[{"name":"ren3"}]},"ren4":{"color":[{"color":"ffffff00","curve":"stepped"},{"time":0.5,"color":"ffffff00","curve":0.236,"c2":0.49,"c3":0.75},{"time":0.6667,"color":"ffffffff","curve":"stepped"},{"time":1.5667,"color":"ffffffff"},{"time":1.7333,"color":"ffffff00"}],"attachment":[{"name":"ren4"},{"time":1.4,"name":"ren5"}]},"sg_jz":{"color":[{"time":0.0667,"color":"ffffff00","curve":"stepped"},{"time":0.5333,"color":"ffffff00"},{"time":0.7333,"color":"ffffffff","curve":"stepped"},{"time":1.5667,"color":"ffffffff"},{"time":1.7333,"color":"ffffff00"}],"attachment":[{"time":0.0667,"name":"sg_jz"}]},"sg_jz2":{"color":[{"time":1.5667,"color":"ffffff00"},{"time":1.6667,"color":"ffffffff","curve":"stepped"},{"time":1.9333,"color":"ffffffff"},{"time":2.2333,"color":"ffffff00"}],"attachment":[{"time":1.5667,"name":"sg_jz"}]},"sg_nm":{"color":[{"time":0.0667,"color":"ffffff00","curve":"stepped"},{"time":0.5,"color":"ffffff00","curve":0.122,"c2":0.38,"c3":0.74,"c4":0.95},{"time":0.6667,"color":"ffffffff","curve":"stepped"},{"time":1.5667,"color":"ffffffff"},{"time":1.7333,"color":"ffffff00"}],"attachment":[{"time":0.0667,"name":"sg_nm"}]},"sg_nm2":{"color":[{"time":1.5667,"color":"ffffff00"},{"time":1.6667,"color":"ffffffff","curve":"stepped"},{"time":1.8333,"color":"ffffffff"},{"time":2.1333,"color":"ffffff00"}],"attachment":[{"time":1.5667,"name":"sg_nm"}]},"sg_nm3":{"color":[{"time":1.6,"color":"ffffff00"},{"time":1.7,"color":"ffffffff","curve":"stepped"},{"time":1.8667,"color":"ffffffff"},{"time":2.1333,"color":"ffffff00"}],"attachment":[{"time":1.6,"name":"sg_nm"}]},"sg_pt":{"color":[{"time":0.0667,"color":"ffffff00","curve":"stepped"},{"time":0.5,"color":"ffffff00","curve":0.111,"c2":0.36,"c3":0.736,"c4":0.99},{"time":0.6667,"color":"ffffffff","curve":"stepped"},{"time":1.5667,"color":"ffffffff"},{"time":1.7333,"color":"ffffff00"}],"attachment":[{"time":0.0667,"name":"sg_pt"}]},"sg_pt2":{"color":[{"color":"ffffff00","curve":"stepped"},{"time":1.6,"color":"ffffff00"},{"time":1.7333,"color":"ffffffff","curve":"stepped"},{"time":1.9,"color":"ffffffff"},{"time":2.1667,"color":"ffffff00"}],"attachment":[{"time":1.6,"name":"sg_pt"}]},"sg_tao":{"color":[{"time":0.0667,"color":"ffffff00","curve":"stepped"},{"time":0.5667,"color":"ffffff00","curve":0.142,"c2":0.4,"c3":0.726,"c4":0.95},{"time":0.7333,"color":"ffffffff","curve":"stepped"},{"time":1.5667,"color":"ffffffff"},{"time":1.7333,"color":"ffffff00"}],"attachment":[{"time":0.0667,"name":"sg_tao"}]},"sg_tao2":{"color":[{"time":1.5667,"color":"ffffff00"},{"time":1.6667,"color":"ffffffff","curve":"stepped"},{"time":1.9333,"color":"ffffffff"},{"time":2.1667,"color":"ffffff00"}],"attachment":[{"time":1.5667,"name":"sg_tao"}]},"sg_xg":{"color":[{"time":0.0667,"color":"ffffff00","curve":"stepped"},{"time":0.5,"color":"ffffff00","curve":0.122,"c2":0.35,"c3":0.75,"c4":0.97},{"time":0.6667,"color":"ffffffff","curve":"stepped"},{"time":1.5667,"color":"ffffffff"},{"time":1.7333,"color":"ffffff00"}],"attachment":[{"time":0.0667,"name":"sg_xg"}]},"sg_xg2":{"color":[{"time":1.5667,"color":"ffffff00"},{"time":1.6667,"color":"ffffffff","curve":"stepped"},{"time":1.9,"color":"ffffffff","curve":0,"c2":0.71,"c3":0.33},{"time":2.2333,"color":"ffffff00"}],"attachment":[{"time":1.5667,"name":"sg_xg"}]},"sg_yt":{"color":[{"time":0.0667,"color":"ffffff00","curve":"stepped"},{"time":0.5,"color":"ffffff00","curve":0.118,"c2":0.34,"c3":0.74,"c4":0.97},{"time":0.6667,"color":"ffffffff","curve":"stepped"},{"time":1.5667,"color":"ffffffff"},{"time":1.7333,"color":"ffffff00"}],"attachment":[{"time":0.0667,"name":"sg_yt"}]},"sg_yt2":{"color":[{"time":1.6,"color":"ffffff00"},{"time":1.7,"color":"ffffffff","curve":"stepped"},{"time":1.9,"color":"ffffffff"},{"time":2.1667,"color":"ffffff00"}],"attachment":[{"time":1.6,"name":"sg_yt"}]},"sg_yt3":{"color":[{"time":1.6,"color":"ffffff00"},{"time":1.7,"color":"ffffffff","curve":"stepped"},{"time":1.9333,"color":"ffffffff"},{"time":2.1667,"color":"ffffff00"}],"attachment":[{"time":1.6,"name":"sg_yt"}]},"shanguang1":{"color":[{"time":0.5,"color":"ffffffff","curve":0.34,"c2":0.07,"c3":0.854,"c4":0.58},{"time":0.6333,"color":"ffffff00"}],"attachment":[{"time":0.0667,"name":"shanguang1"},{"time":0.6667,"name":null}]},"shanguang2":{"color":[{"time":0.0667,"color":"ffffffff","curve":"stepped"},{"time":0.5,"color":"ffffffff","curve":0.34,"c2":0.07,"c3":0.854,"c4":0.58},{"time":0.6,"color":"ffffff00"}],"attachment":[{"time":0.0667,"name":"shanguang2"},{"time":0.6333,"name":null}]},"shanguang3":{"color":[{"time":0.4333,"color":"ffffff00"},{"time":0.4667,"color":"ffffffff","curve":0.368,"c2":0.05,"c3":0.58,"c4":0.35},{"time":0.6,"color":"ffffff00"}],"attachment":[{"time":0.4333,"name":"shanguang3"},{"time":0.6333,"name":null}]},"shanguang4":{"color":[{"time":1.5667,"color":"ffffff00"},{"time":1.6,"color":"ffffffff","curve":"stepped"},{"time":1.6333,"color":"ffffffff"},{"time":1.7333,"color":"ffffff00"}],"attachment":[{"time":1.5667,"name":"shanguang3"},{"time":1.8,"name":null}]},"xian":{"color":[{"color":"ffffff00","curve":"stepped"},{"time":0.5667,"color":"ffffff00","curve":0.111,"c2":0.43,"c3":0.75},{"time":0.7,"color":"6188ffff","curve":0.253,"c2":0.04,"c3":0.92,"c4":0.76},{"time":0.8333,"color":"ffffff00","curve":"stepped"},{"time":0.8667,"color":"ffffff00","curve":0.111,"c2":0.43,"c3":0.75},{"time":1.0333,"color":"6188ffff","curve":0.253,"c2":0.04,"c3":0.92,"c4":0.76},{"time":1.2,"color":"ffffff00","curve":"stepped"},{"time":1.2667,"color":"ffffff00","curve":0.111,"c2":0.43,"c3":0.75},{"time":1.4,"color":"6188ffff","curve":0.253,"c2":0.04,"c3":0.92,"c4":0.76},{"time":1.5333,"color":"ffffff00"}],"attachment":[{"name":"xian"}]},"xian2":{"color":[{"color":"ffffff00","curve":"stepped"},{"time":0.5667,"color":"ffffff00","curve":0.111,"c2":0.43,"c3":0.75},{"time":0.7333,"color":"f88fffff","curve":0.253,"c2":0.04,"c3":0.92,"c4":0.76},{"time":0.9333,"color":"ffffff00","curve":"stepped"},{"time":1,"color":"ffffff00","curve":0.111,"c2":0.43,"c3":0.75},{"time":1.1333,"color":"f88fffff","curve":0.253,"c2":0.04,"c3":0.92,"c4":0.76},{"time":1.2667,"color":"ffffff00","curve":"stepped"},{"time":1.3,"color":"ffffff00","curve":0.111,"c2":0.43,"c3":0.75},{"time":1.5,"color":"f88fffff","curve":0.253,"c2":0.04,"c3":0.92,"c4":0.76},{"time":1.7333,"color":"ffffff00"}],"attachment":[{"name":"xian"}]},"xian3":{"color":[{"color":"ffffff00","curve":"stepped"},{"time":0.7,"color":"ffffff00","curve":0.111,"c2":0.43,"c3":0.75},{"time":0.8333,"color":"f566ffff","curve":0.253,"c2":0.04,"c3":0.92,"c4":0.76},{"time":0.9667,"color":"ffffff00","curve":"stepped"},{"time":1,"color":"ffffff00","curve":0.111,"c2":0.43,"c3":0.75},{"time":1.1667,"color":"f01effff","curve":0.253,"c2":0.04,"c3":0.92,"c4":0.76},{"time":1.3333,"color":"ffffff00","curve":"stepped"},{"time":1.4,"color":"ffffff00","curve":0.111,"c2":0.43,"c3":0.75},{"time":1.5333,"color":"ffffffff","curve":0.253,"c2":0.04,"c3":0.92,"c4":0.76},{"time":1.6667,"color":"ffffff00"}],"attachment":[{"name":"xian"}]},"xian4":{"color":[{"color":"ffffff00","curve":"stepped"},{"time":0.7,"color":"ffffff00","curve":0.111,"c2":0.43,"c3":0.75},{"time":0.8333,"color":"6189ffff","curve":0.253,"c2":0.04,"c3":0.92,"c4":0.76},{"time":0.9667,"color":"ffffff00","curve":"stepped"},{"time":1.0667,"color":"ffffff00","curve":0.111,"c2":0.43,"c3":0.75},{"time":1.2,"color":"6188ffff","curve":0.253,"c2":0.04,"c3":0.92,"c4":0.76},{"time":1.3333,"color":"ffffff00","curve":"stepped"},{"time":1.4,"color":"ffffff00","curve":0.111,"c2":0.43,"c3":0.75},{"time":1.5333,"color":"6188ffff","curve":0.253,"c2":0.04,"c3":0.92,"c4":0.76},{"time":1.6667,"color":"ffffff00"}],"attachment":[{"name":"xian"}]},"xian5":{"color":[{"color":"ffffff00","curve":"stepped"},{"time":0.7333,"color":"ffffff00","curve":0.111,"c2":0.43,"c3":0.75},{"time":0.9,"color":"ac4fffff","curve":0.253,"c2":0.04,"c3":0.92,"c4":0.76},{"time":1.1,"color":"ffffff00","curve":"stepped"},{"time":1.1667,"color":"ffffff00","curve":0.111,"c2":0.43,"c3":0.75},{"time":1.3,"color":"e17fffff","curve":0.253,"c2":0.04,"c3":0.92,"c4":0.76},{"time":1.4333,"color":"ffffff00","curve":"stepped"},{"time":1.4667,"color":"ffffff00","curve":0.111,"c2":0.43,"c3":0.75},{"time":1.6,"color":"f9aaffff","curve":0.253,"c2":0.04,"c3":0.92,"c4":0.76},{"time":1.7333,"color":"ffffff00"}],"attachment":[{"name":"xian"}]},"xiankuai":{"color":[{"color":"ffffff00"},{"time":0.5667,"color":"e410ff00"},{"time":0.6333,"color":"e413ff70"},{"time":0.6667,"color":"e412ff70"},{"time":0.8,"color":"e410ff00"},{"time":0.9333,"color":"e071ff00"},{"time":1.0333,"color":"e071ffa5"},{"time":1.1,"color":"e072ffa5"},{"time":1.2333,"color":"e071ff00","curve":"stepped"},{"time":1.4,"color":"e071ff00"},{"time":1.4667,"color":"e413ff70"},{"time":1.5,"color":"e071ffa5"},{"time":1.6333,"color":"e071ff00"}],"attachment":[{"name":"xiankuai"}]},"xiankuai2":{"color":[{"color":"ffffff00","curve":"stepped"},{"time":0.5,"color":"ffffff00"},{"time":0.5667,"color":"ffffff70","curve":"stepped"},{"time":0.6,"color":"ffffff70"},{"time":0.7333,"color":"ffffff00"},{"time":1.1,"color":"ffffff00"},{"time":1.2,"color":"ffffff89"},{"time":1.2667,"color":"ffffffaa"},{"time":1.4,"color":"ffffff00"}],"attachment":[{"name":"xiankuai"}]},"xiankuai3":{"color":[{"color":"ffffff00","curve":"stepped"},{"time":0.6333,"color":"ffffff00"},{"time":0.7,"color":"ffffff70","curve":"stepped"},{"time":0.7333,"color":"ffffff70"},{"time":0.8667,"color":"ffffff00"},{"time":1,"color":"e071ff00"},{"time":1.1,"color":"e413ff70","curve":"stepped"},{"time":1.1667,"color":"e413ff70"},{"time":1.3,"color":"e412ff00"}],"attachment":[{"name":"xiankuai"}]},"xiankuai4":{"color":[{"color":"ffffff00","curve":"stepped"},{"time":0.5667,"color":"ffffff00"},{"time":0.6333,"color":"ffffff70","curve":"stepped"},{"time":0.6667,"color":"ffffff70"},{"time":0.8,"color":"ffffff00"},{"time":0.9333,"color":"ffffff00"},{"time":1.0333,"color":"ffffff70","curve":"stepped"},{"time":1.1,"color":"ffffff70"},{"time":1.3,"color":"ffffff00"},{"time":1.4667,"color":"ffffff00"},{"time":1.5333,"color":"ffffff70","curve":"stepped"},{"time":1.6333,"color":"ffffff70"},{"time":1.7667,"color":"ffffff00"}],"attachment":[{"name":"xiankuai"}]},"xiankuai5":{"color":[{"color":"ffffff00"},{"time":0.5667,"color":"e95cfc00"},{"time":0.6333,"color":"ea5cfc90"},{"time":0.6667,"color":"e95cfc90"},{"time":0.8,"color":"e95cfc00"},{"time":0.9,"color":"e95cfc00"},{"time":0.9667,"color":"ea5cfc90","curve":"stepped"},{"time":1,"color":"ea5cfc90"},{"time":1.1333,"color":"e95cfc00"},{"time":1.2333,"color":"e95cfc00"},{"time":1.3,"color":"ea5cfc90","curve":"stepped"},{"time":1.3333,"color":"ea5cfc90"},{"time":1.4667,"color":"e95cfc00","curve":"stepped"},{"time":1.5333,"color":"e95cfc00"},{"time":1.6,"color":"ea5cfc90","curve":"stepped"},{"time":1.6333,"color":"ea5cfc90"},{"time":1.7667,"color":"e95cfc00"}],"attachment":[{"name":"xiankuai"}]},"xingxing":{"color":[{"color":"ffffff00","curve":"stepped"},{"time":0.5,"color":"ffffff00","curve":0.149,"c2":0.35,"c3":0.59},{"time":0.6667,"color":"ffffffff","curve":"stepped"},{"time":1.5667,"color":"ffffffff"},{"time":1.7333,"color":"ffffff00"}],"attachment":[{"name":"xingxing"}]},"xingxing2":{"color":[{"color":"ffffff00","curve":"stepped"},{"time":0.5,"color":"ffffff00","curve":0.149,"c2":0.35,"c3":0.59},{"time":0.6667,"color":"ffffffff"},{"time":0.8333,"color":"ffffff00"},{"time":1,"color":"ffffffff"},{"time":1.2667,"color":"ffffff00"},{"time":1.5667,"color":"ffffffff"},{"time":1.7333,"color":"ffffff00"}],"attachment":[{"name":"xingxing"}]},"xingxing3":{"color":[{"color":"ffffff00","curve":"stepped"},{"time":0.5,"color":"ffffff00","curve":0.149,"c2":0.35,"c3":0.59},{"time":0.6667,"color":"ffffffff","curve":"stepped"},{"time":1.5667,"color":"ffffffff"},{"time":1.7333,"color":"ffffff00"}],"attachment":[{"name":"xingxing"}]},"xingxing4":{"color":[{"color":"ffffff00","curve":"stepped"},{"time":0.5,"color":"ffffff00","curve":0.149,"c2":0.35,"c3":0.59},{"time":0.6667,"color":"ffffffff"},{"time":0.9,"color":"ffffff00"},{"time":1.1667,"color":"ffffffff"},{"time":1.5,"color":"ffffff00"},{"time":1.5667,"color":"ffffffff"},{"time":1.7333,"color":"ffffff00"}],"attachment":[{"name":"xingxing"}]},"yan":{"color":[{"time":1.7,"color":"ffffff00","curve":0.076,"c2":0.29,"c3":0.74,"c4":0.97},{"time":1.9333,"color":"ffffff63","curve":0.163,"c2":0.71,"c3":0.75},{"time":2.4333,"color":"ffffff00"}],"attachment":[{"name":null},{"time":1.7,"name":"yan"}]},"yan2":{"color":[{"color":"ffffff00","curve":"stepped"},{"time":1.8,"color":"ffffff00","curve":0.076,"c2":0.29,"c3":0.74,"c4":0.97},{"time":2.0333,"color":"ffffff63","curve":0.163,"c2":0.77,"c3":0.75},{"time":2.4667,"color":"ffffff00"}],"attachment":[{"name":null},{"time":1.8,"name":"yan"}]}},"bones":{"diban":{"scale":[{"time":0.0667,"x":0,"y":0,"curve":"stepped"},{"time":0.5,"x":0.021,"y":0.745,"curve":0.184,"c2":0.37,"c3":0.517,"c4":0.95},{"time":0.6667,"x":0.95},{"time":1.5667,"x":1.01},{"time":1.7333,"x":1.136},{"time":2.0667}]},"shanguang":{"translate":[{"time":0.0667,"x":-520.45,"y":136.21,"curve":0.955,"c4":0.3},{"time":0.4333,"x":79.29,"y":2.71},{"time":0.5333,"x":356.95,"y":-58.49}],"scale":[{"time":0.0667},{"time":0.1667,"x":1.408,"y":1.408,"curve":0.553,"c2":0.16,"c3":0.846,"c4":0.45},{"time":0.4333,"x":2.5,"y":2.5,"curve":0.67,"c2":0.15,"c3":0.438,"c4":0.94},{"time":0.5667,"x":7.5,"y":7.5}]},"shanguang2":{"rotate":[{"time":0.0667,"angle":28.34}],"translate":[{"time":0.0667,"x":-480.96,"y":81.71}],"scale":[{"time":0.0667,"x":0.149,"y":0.379,"curve":0.425,"c2":0.2,"c3":0.751,"c4":0.49},{"time":0.2667,"x":0.722,"y":0.263,"curve":0.412,"c2":0.25,"c3":0.74,"c4":0.58},{"time":0.4,"x":2.219,"y":0.331,"curve":0.661,"c2":0.06,"c3":0.57,"c4":0.68},{"time":0.5,"x":5.921,"y":0.896}]},"shanguang3":{"rotate":[{"time":0.4333,"angle":-13.21}],"translate":[{"time":0.4333,"y":14.15}],"scale":[{"time":0.4333,"x":0.4,"y":0.251},{"time":0.6,"x":37.293,"y":5.025}]},"ditiao1":{"translate":[{"time":0.6333},{"time":1.3667,"x":-22.17,"y":3.35}]},"ditiao2":{"translate":[{"time":0.6333},{"time":1.3667,"x":26.22,"y":3.62}]},"glow":{"rotate":[{"time":0.4667,"angle":-12.95},{"time":0.8667,"angle":-27.6}],"translate":[{"time":0.4667,"x":-9.71,"y":30.36}],"scale":[{"time":0.4667,"x":25.615,"y":13.861}]},"xingxing":{"rotate":[{},{"time":0.5,"angle":40.66,"curve":0.149,"c2":0.35,"c3":0.59},{"time":0.6667,"angle":4.65},{"time":1.6667}],"translate":[{"time":0.5,"curve":0.146,"c2":0.36,"c3":0.59},{"time":0.6667,"x":474.48,"y":-90},{"time":1.6667,"x":426.6,"y":-71.76}],"scale":[{},{"time":0.5,"x":0.088,"y":0.088,"curve":0.146,"c2":0.36,"c3":0.59},{"time":0.6667,"x":0.942,"y":0.942},{"time":1.6667}]},"xingxing2":{"rotate":[{},{"time":0.5,"angle":124.8,"curve":0.149,"c2":0.35,"c3":0.59},{"time":0.6667,"angle":74.82},{"time":1.8333,"angle":62.32}],"translate":[{},{"time":0.5,"x":-524.92,"y":135.73,"curve":0.149,"c2":0.35,"c3":0.59},{"time":0.6667,"x":-407.21,"y":-2.75},{"time":1.8667,"x":-430.75,"y":24.95}],"scale":[{},{"time":0.5,"x":0.127,"y":0.127,"curve":0.149,"c2":0.35,"c3":0.59},{"time":0.6667,"x":1.032,"y":1.032},{"time":1.8333,"x":1.259,"y":1.259}]},"ren":{"rotate":[{"time":0.6667},{"time":0.8667,"angle":0.4},{"time":1.1,"angle":1.71},{"time":1.3333,"angle":0.4},{"time":1.7667,"angle":1.71}],"translate":[{"x":-160.48,"y":89.68},{"time":0.5,"x":-119.63,"y":139.09,"curve":0.236,"c2":0.49,"c3":0.75},{"time":0.6667,"x":-160.48,"y":89.68},{"time":0.8667,"x":-160.48,"y":91.31},{"time":1.1,"x":-160.48,"y":88.05},{"time":1.3333,"x":-160.48,"y":91.31},{"time":1.7667,"x":-160.48,"y":88.05}],"scale":[{"x":0,"y":0},{"time":0.5,"x":0.5,"y":0.5,"curve":0.236,"c2":0.49,"c3":0.75},{"time":0.6667}]},"xiankuai":{"rotate":[{},{"time":0.5667,"angle":170.8}],"translate":[{},{"time":0.5667,"x":-517.33,"y":183.71},{"time":0.8333,"x":309.36,"y":49.83},{"time":0.9333,"x":-512.56,"y":213.19},{"time":1.2667,"x":314.13,"y":79.3},{"time":1.4,"x":-517.33,"y":183.71},{"time":1.6667,"x":309.36,"y":49.83}],"scale":[{},{"time":0.5667,"x":2.704,"y":1.472,"curve":"stepped"},{"time":0.8333,"x":2.704,"y":1.472},{"time":0.9333,"x":2.704,"y":2.192,"curve":"stepped"},{"time":1.2667,"x":2.704,"y":2.192},{"time":1.4,"x":2.704,"y":1.472}]},"xiankuai2":{"rotate":[{},{"time":0.5,"angle":168.15,"curve":"stepped"},{"time":0.7667,"angle":168.15},{"time":1.1,"angle":170.8}],"translate":[{},{"time":0.5,"x":-398.4,"y":59.55},{"time":0.7667,"x":220.83,"y":-70.42,"curve":"stepped"},{"time":1.1,"x":-634.04,"y":100.04},{"time":1.4333,"x":156.97,"y":-28.07}],"scale":[{},{"time":0.5,"x":3.511,"y":1.98,"curve":"stepped"},{"time":0.7667,"x":3.511,"y":1.98},{"time":1.1,"x":3.978,"y":2.192}]},"xiankuai3":{"rotate":[{},{"time":0.6333,"angle":168.43,"curve":"stepped"},{"time":0.9,"angle":168.43},{"time":1,"angle":170.8}],"translate":[{},{"time":0.6333,"x":-416.4,"y":91.96},{"time":0.9,"x":225.63,"y":-39.45,"curve":"stepped"},{"time":1,"x":-523.96,"y":142.81},{"time":1.3333,"x":302.73,"y":8.92}],"scale":[{},{"time":0.6333,"x":2.704,"y":2.428,"curve":"stepped"},{"time":0.9,"x":2.704,"y":2.428},{"time":1,"x":2.704,"y":1.046}]},"xiankuai4":{"rotate":[{},{"time":0.5667,"angle":168.07,"curve":"stepped"},{"time":0.8333,"angle":168.07},{"time":0.9333,"angle":169.1,"curve":"stepped"},{"time":1.3333,"angle":169.1},{"time":1.4667,"angle":168.07}],"translate":[{},{"time":0.5667,"x":-381.94,"y":13.4,"curve":0.142,"c2":0.36,"c3":0.75},{"time":0.8333,"x":185.54,"y":-106.48},{"time":0.9333,"x":-673.97,"y":100.02},{"time":1.3333,"x":218.96,"y":-72.01},{"time":1.4667,"x":-381.94,"y":13.4},{"time":1.8,"x":185.54,"y":-106.48}],"scale":[{},{"time":0.5667,"x":2.704,"y":1.883,"curve":"stepped"},{"time":0.8333,"x":2.704,"y":1.883},{"time":0.9333,"x":4.615,"y":2.807,"curve":"stepped"},{"time":1.1667,"x":4.615,"y":2.807},{"time":1.3333,"x":2.973,"y":2.807},{"time":1.4667,"x":2.704,"y":1.883}]},"xiankuai5":{"rotate":[{},{"time":0.5667,"angle":170.8}],"translate":[{},{"time":0.5667,"x":-629.1,"y":177.51},{"time":0.8333,"x":40.58,"y":81.21},{"time":0.9,"x":-631.81,"y":160.78},{"time":1.1667,"x":35.96,"y":52.63},{"time":1.2333,"x":-629.1,"y":177.51},{"time":1.5,"x":40.58,"y":81.21},{"time":1.5333,"x":-632.43,"y":156.99},{"time":1.8,"x":35.34,"y":48.84}],"scale":[{},{"time":0.5667,"x":5.042,"y":2.896}]},"xian":{"rotate":[{},{"time":0.5667,"angle":-12.64}],"translate":[{},{"time":0.5667,"x":-247.89,"y":-141.45},{"time":0.8333,"x":354.75,"y":-276.62},{"time":0.8667,"x":-722.24,"y":-18.8},{"time":1.2,"x":206.32,"y":-227.06},{"time":1.2667,"x":-777.44,"y":-59.93},{"time":1.5333,"x":459.59,"y":-337.38}],"scale":[{},{"time":0.5667,"x":0.886,"y":0.485},{"time":0.7,"x":3.53,"y":1.932},{"time":0.8333,"x":0.61,"y":0.334},{"time":0.8667,"x":0.886,"y":0.485},{"time":1.0333,"x":5.663,"y":1.932},{"time":1.2,"x":0.61,"y":0.334},{"time":1.2667,"x":0.886,"y":0.485},{"time":1.4,"x":3.53,"y":1.932},{"time":1.5333,"x":0.61,"y":0.334}]},"xian2":{"rotate":[{},{"time":0.5667,"angle":-7.04}],"translate":[{},{"time":0.5667,"x":-453.53,"y":267.76},{"time":0.9333,"x":611.13,"y":136.27},{"time":1,"x":-433.04,"y":263.95},{"time":1.2667,"x":422.59,"y":158.28,"curve":"stepped"},{"time":1.3,"x":-693.8,"y":288.14},{"time":1.7333,"x":688.59,"y":117.41}],"scale":[{},{"time":0.5667,"x":0.886,"y":0.485},{"time":0.7333,"x":3.056,"y":2.703},{"time":0.9333,"x":0.61,"y":0.334},{"time":1,"x":0.886,"y":0.485},{"time":1.1333,"x":2.537,"y":2.703},{"time":1.2667,"x":0.61,"y":0.334},{"time":1.3,"x":0.886,"y":0.485},{"time":1.5,"x":5.57,"y":2.703},{"time":1.7333,"x":0.61,"y":0.334}]},"xian3":{"rotate":[{},{"time":0.7,"angle":-11.33,"curve":"stepped"},{"time":0.9667,"angle":-11.33},{"time":1,"angle":-9.44,"curve":"stepped"},{"time":1.3333,"angle":-9.44},{"time":1.4,"angle":-12.13}],"translate":[{},{"time":0.7,"x":-492.25,"y":120.85},{"time":0.9667,"x":548.94,"y":-87.76},{"time":1,"x":-347.56,"y":117.32},{"time":1.3333,"x":343.35,"y":2.43},{"time":1.4,"x":-439.86,"y":51.68},{"time":1.6667,"x":384.74,"y":-125.49}],"scale":[{},{"time":0.7,"x":0.886,"y":0.485},{"time":0.8333,"x":2.685,"y":1.932},{"time":0.9667,"x":0.61,"y":0.334},{"time":1,"x":0.886,"y":0.485},{"time":1.1667,"x":5.663,"y":1.932},{"time":1.3333,"x":0.61,"y":0.334},{"time":1.4,"x":0.886,"y":0.485},{"time":1.5333,"x":3.53,"y":1.932},{"time":1.6667,"x":0.61,"y":0.334}]},"xian4":{"rotate":[{},{"time":0.7,"angle":-12.64}],"translate":[{},{"time":0.7,"x":-516.92,"y":-130.49},{"time":0.9667,"x":-21.33,"y":-241.64,"curve":"stepped"},{"time":1.0667,"x":-393,"y":-128.64},{"time":1.3333,"x":241.16,"y":-270.87,"curve":"stepped"},{"time":1.4,"x":-581.11,"y":-66.55},{"time":1.6667,"x":330.39,"y":-270.98}],"scale":[{},{"time":0.7,"x":0.886,"y":0.485},{"time":0.8333,"x":3.53,"y":1.932},{"time":0.9667,"x":0.61,"y":0.334},{"time":1.0667,"x":0.886,"y":0.485},{"time":1.2,"x":2.613,"y":1.932},{"time":1.3333,"x":0.61,"y":0.334},{"time":1.4,"x":0.886,"y":0.485},{"time":1.5333,"x":3.53,"y":1.932},{"time":1.6667,"x":0.61,"y":0.334}]},"xian5":{"rotate":[{},{"time":0.7333,"angle":-7.04}],"translate":[{},{"time":0.7333,"x":-285.8,"y":284.57},{"time":1.1,"x":461.11,"y":192.32,"curve":"stepped"},{"time":1.1667,"x":-219.7,"y":262.71},{"time":1.4333,"x":489.52,"y":175.12},{"time":1.4667,"x":-404.08,"y":266.32},{"time":1.7333,"x":604.34,"y":141.78}],"scale":[{},{"time":0.7333,"x":0.886,"y":0.485},{"time":0.9,"x":2.031,"y":2.703},{"time":1.1,"x":0.61,"y":0.334},{"time":1.1667,"x":0.886,"y":0.485},{"time":1.3,"x":2.031,"y":2.703},{"time":1.4333,"x":0.61,"y":0.334},{"time":1.4667,"x":0.886,"y":0.485},{"time":1.6,"x":2.814,"y":2.703},{"time":1.7333,"x":0.61,"y":0.334}]},"sg1":{"rotate":[{"time":0.5333,"angle":49.77,"curve":0.184,"c2":0.37,"c3":0.517,"c4":0.95},{"time":0.7333},{"time":1.8333,"angle":6}],"translate":[{"time":0.5333,"x":-19.91,"y":143.78,"curve":0.184,"c2":0.37,"c3":0.517,"c4":0.95},{"time":0.7333,"x":200.78,"y":261.52},{"time":1.8333,"x":149.71,"y":273.26}],"scale":[{"time":0.5333,"x":0.416,"y":0.416,"curve":0.184,"c2":0.37,"c3":0.517,"c4":0.95},{"time":0.7333,"x":0.935,"y":0.935},{"time":1.8333}]},"sg2":{"rotate":[{"time":0.5,"angle":-54.65,"curve":0.122,"c2":0.38,"c3":0.74,"c4":0.95},{"time":0.6667,"angle":1.92},{"time":1.8333,"angle":-6.79}],"translate":[{"time":0.5,"x":58.41,"y":-25.51,"curve":0.122,"c2":0.38,"c3":0.74,"c4":0.95},{"time":0.6667,"x":150.42,"y":-73},{"time":1.8333,"x":122.61,"y":-67.24}],"scale":[{"time":0.5,"x":0.451,"y":0.451,"curve":0.122,"c2":0.38,"c3":0.74,"c4":0.95},{"time":0.6667,"x":0.911,"y":0.911},{"time":1.8333}]},"sg3":{"rotate":[{"time":0.5,"angle":-52.17,"curve":0.111,"c2":0.36,"c3":0.736,"c4":0.99},{"time":0.6667},{"time":1.8333,"angle":6.32}],"translate":[{"time":0.5,"x":-578.59,"y":185.22,"curve":0.111,"c2":0.36,"c3":0.736,"c4":0.99},{"time":0.6667,"x":-483.62,"y":164.44},{"time":1.8333,"x":-495.49,"y":161.48}],"scale":[{"time":0.5,"x":0.323,"y":0.323,"curve":0.111,"c2":0.36,"c3":0.736,"c4":0.99},{"time":0.6667,"x":0.918,"y":0.918},{"time":1.8333}]},"sg4":{"rotate":[{"time":0.5667,"angle":40.85,"curve":0.142,"c2":0.4,"c3":0.726,"c4":0.95},{"time":0.7333},{"time":1.8333,"angle":-11.12}],"translate":[{"time":0.5667,"x":-334.99,"y":-36.62,"curve":0.142,"c2":0.4,"c3":0.726,"c4":0.95},{"time":0.7333,"x":-272.66,"y":-87.08},{"time":1.8333,"x":-296.41,"y":-75.21}],"scale":[{"time":0.5667,"x":0.494,"y":0.494,"curve":0.142,"c2":0.4,"c3":0.726,"c4":0.95},{"time":0.7333,"x":0.945,"y":0.945},{"time":1.8333}]},"sg5":{"rotate":[{"time":0.5,"angle":47.91,"curve":0.122,"c2":0.35,"c3":0.75,"c4":0.97},{"time":0.6667,"angle":3.98},{"time":1.8333,"angle":1.87}],"translate":[{"time":0.5,"x":124.01,"y":43.96,"curve":0.122,"c2":0.35,"c3":0.75,"c4":0.97},{"time":0.6667,"x":377.01,"y":104.62},{"time":1.8333,"x":335.98,"y":125.29}],"scale":[{"time":0.5,"x":0.436,"y":0.436,"curve":0.122,"c2":0.35,"c3":0.75,"c4":0.97},{"time":0.6667,"x":0.958,"y":0.958},{"time":1.8333}]},"sg6":{"rotate":[{"time":0.5,"angle":-83.61,"curve":0.118,"c2":0.34,"c3":0.74,"c4":0.97},{"time":0.6667},{"time":1.8333,"angle":17.64}],"translate":[{"time":0.5,"x":159.49,"y":-113.12,"curve":0.118,"c2":0.34,"c3":0.74,"c4":0.97},{"time":0.6667,"x":358.34,"y":-181.38},{"time":1.8333,"x":346.95,"y":-181.55}],"scale":[{"time":0.5,"x":0.213,"y":0.213,"curve":0.118,"c2":0.34,"c3":0.74,"c4":0.97},{"time":0.6667,"x":0.946,"y":0.946},{"time":1.8333}]},"tou":{"rotate":[{"angle":-22.53,"curve":"stepped"},{"time":0.1667,"angle":-22.53,"curve":0.25,"c3":0.291},{"time":1.0667,"angle":1.72,"curve":0.809,"c3":0.75},{"time":1.3333,"angle":-15.32,"curve":0.219,"c3":0,"c4":0.92},{"time":1.6667}]},"ren2":{"rotate":[{},{"time":0.4,"angle":-19.16,"curve":0,"c2":0.26,"c3":0.227},{"time":1.1333,"angle":2.16,"curve":0.194,"c2":0.05,"c3":0.813,"c4":0.82},{"time":1.3667,"angle":-7.23},{"time":1.4,"angle":-20.37},{"time":1.4333,"angle":-9.68}]},"ren4":{"rotate":[{"time":0.5,"curve":0,"c2":0.23,"c3":0.453},{"time":1.1,"angle":35.01,"curve":0.194,"c2":0.05,"c3":0.813,"c4":0.82},{"time":1.3667,"angle":52.84},{"time":1.4,"angle":3.73},{"time":1.6333,"angle":-1.35}]},"ren3":{"rotate":[{"time":0.3333,"curve":0,"c2":0.15,"c3":0},{"time":1.1333,"angle":0.34,"curve":0.194,"c2":0.05,"c3":0.813,"c4":0.82},{"time":1.3667,"angle":14.06},{"time":1.4,"angle":-36.41},{"time":1.5667,"angle":-38.32}]},"ren5":{"rotate":[{"time":1.2333},{"time":1.3667,"angle":9.82},{"time":1.6667},{"time":1.8333,"angle":9.82}],"translate":[{"time":1.2333},{"time":1.3667,"x":12.13,"y":3.16},{"time":1.6667},{"time":1.8333,"x":3.32,"y":0.7}]},"xx2":{"rotate":[{"time":0.6667},{"time":1.8333,"angle":-16.11}],"translate":[{},{"time":0.6667,"x":65.81,"y":-413.69},{"time":1.8333,"x":99.97,"y":-401.58}],"scale":[{},{"time":0.6667,"x":0.685,"y":0.685},{"time":1.8333,"x":0.759,"y":0.759}]},"xx3":{"rotate":[{"time":0.6667},{"time":1.8333,"angle":27.55}],"translate":[{},{"time":0.6667,"x":-15.67,"y":-460.7},{"time":1.8333,"x":-35.82,"y":-427.12}]},"xx":{"scale":[{"time":0.6667},{"time":1.8333,"x":1.264,"y":1.264}]},"xx4":{"translate":[{"time":1.8333,"x":2.57,"y":35.95}],"scale":[{"time":0.6667},{"time":1.8333,"x":1.264,"y":1.264}]},"boom":{"translate":[{"time":1.6333,"curve":0,"c2":0.68,"c3":0.247,"c4":0.92},{"time":2,"y":38.52}],"scale":[{"time":1.6333,"x":0.711,"y":0.711,"curve":0.083,"c2":0.64,"c3":0.367,"c4":0.9},{"time":2}]},"g1":{"scale":[{"time":1.5667,"curve":0.177,"c2":0.25,"c3":0.785,"c4":0.9},{"time":1.8333,"x":5,"y":5}]},"g2":{"scale":[{"time":1.5667,"curve":0.15,"c2":0.26,"c3":0.726,"c4":0.78},{"time":2.0667,"x":2.43,"y":2.43}]},"g4":{"scale":[{"time":1.5667,"x":10.631,"y":5.336,"curve":0.045,"c2":0.85,"c3":0.75},{"time":1.7667,"x":25.403,"y":12.751},{"time":2,"x":19.061,"y":9.568}]},"sg7":{"rotate":[{"time":1.5667,"angle":122.56,"curve":0,"c2":0.78,"c3":0.413,"c4":0.91},{"time":2.2333,"angle":0.06}],"translate":[{"time":1.5667,"curve":0,"c2":0.81,"c3":0.41,"c4":0.88},{"time":2.2333,"x":215.14,"y":325.21}],"scale":[{"time":1.5667,"x":0.736,"y":0.736,"curve":0,"c2":0.68,"c3":0.444,"c4":0.96},{"time":2.2333}]},"sg8":{"rotate":[{"time":1.5667,"angle":130.93,"curve":0,"c2":0.58,"c3":0.374,"c4":0.85},{"time":2.1333,"angle":-12.5}],"translate":[{"time":1.5667,"curve":0,"c2":0.81,"c3":0.41,"c4":0.88},{"time":2.1333,"x":529.11,"y":-238.39}],"scale":[{"time":1.5667,"curve":0,"c2":0.81,"c3":0.41,"c4":0.88},{"time":2.1333,"x":1.18,"y":1.18}]},"sg9":{"scale":[{"time":1.6,"curve":0,"c2":0.81,"c3":0.41,"c4":0.88},{"time":2.1667,"x":1.618,"y":1.618}]},"sg10":{"scale":[{"time":1.5667,"x":0.511,"y":0.511,"curve":0.142,"c2":0.44,"c3":0.538,"c4":0.95},{"time":2.1667,"x":1.477,"y":1.477}]},"sg11":{"rotate":[{"time":1.5667,"angle":-124.57}],"scale":[{"time":1.5667,"x":0.568,"y":0.568,"curve":0.163,"c2":0.32,"c3":0.688,"c4":0.94},{"time":2.2333}]},"sg12":{"rotate":[{"time":1.6,"angle":145.38,"curve":0,"c2":0.81,"c3":0.41,"c4":0.88},{"time":2.1667,"angle":-123.48}],"translate":[{"time":1.6,"curve":0,"c2":0.81,"c3":0.41,"c4":0.88},{"time":2.1667,"x":-361.85,"y":-127.48}],"scale":[{"time":1.6,"x":0.611,"y":0.611,"curve":0,"c2":0.81,"c3":0.41,"c4":0.88},{"time":2.1667}]},"sg13":{"rotate":[{"time":1.6,"angle":-152.11,"curve":0,"c2":0.81,"c3":0.41,"c4":0.88},{"time":2.1667,"angle":-1.78}],"translate":[{"time":1.6,"curve":0,"c2":0.81,"c3":0.41,"c4":0.88},{"time":2.1667,"x":525.95,"y":60.21}],"scale":[{"time":1.6,"x":0.38,"y":0.38,"curve":0,"c2":0.81,"c3":0.41,"c4":0.88},{"time":2.1667}]},"sg14":{"rotate":[{"time":1.6,"angle":148.42,"curve":0.007,"c2":0.59,"c3":0.538,"c4":0.98},{"time":2.1333,"angle":-26.86}],"translate":[{"time":1.6,"curve":0.007,"c2":0.59,"c3":0.538,"c4":0.98},{"time":2.1333,"x":-245.39,"y":-199.84}],"scale":[{"time":1.6,"x":-0.5,"y":0.5,"curve":0.09,"c2":0.56,"c3":0.538,"c4":0.98},{"time":2.1333,"x":-0.854,"y":0.854}]},"g3":{"scale":[{"time":1.5667,"curve":0.049,"c2":0.74,"c3":0.75},{"time":1.7333,"x":13.541,"y":13.541}]},"zha1":{"rotate":[{"time":1.6333,"curve":0.031,"c2":0.75,"c3":0.75},{"time":1.8667,"angle":-123.13}],"translate":[{"time":1.6333,"curve":0.028,"c2":0.59,"c3":0.538,"c4":0.88},{"time":1.8667,"x":-474.45,"y":433.67}],"scale":[{"time":1.6333,"curve":0.031,"c2":0.75,"c3":0.75},{"time":1.8667,"x":0.704,"y":0.704}]},"zha2":{"rotate":[{"time":1.6333,"curve":0.031,"c2":0.75,"c3":0.75},{"time":1.8667,"angle":136.76}],"translate":[{"time":1.6333,"curve":0.028,"c2":0.59,"c3":0.538,"c4":0.88},{"time":1.8667,"x":-418.3,"y":-399.78}],"scale":[{"time":1.6333,"curve":0.031,"c2":0.75,"c3":0.75},{"time":1.8667,"x":0.293,"y":0.293}]},"zha3":{"rotate":[{"time":1.6667,"curve":0.031,"c2":0.75,"c3":0.75},{"time":1.9,"angle":-143.02}],"translate":[{"time":1.6667,"curve":0.028,"c2":0.59,"c3":0.538,"c4":0.88},{"time":1.9,"x":356.58,"y":-483.52}],"scale":[{"time":1.6667,"curve":0.031,"c2":0.75,"c3":0.75},{"time":1.9,"x":0.634,"y":0.634}]},"yan":{"scale":[{},{"time":1.7,"x":2,"y":2,"curve":0.063,"c2":0.86,"c3":0.75},{"time":2.4333,"x":5,"y":5}]},"yan2":{"translate":[{},{"time":1.8,"x":-149.44}],"scale":[{},{"time":1.8,"x":1.704,"y":1.704,"curve":0.122,"c2":0.78,"c3":0.632},{"time":2.4667,"x":4.836,"y":4.836}]},"zha4":{"rotate":[{"time":1.6333,"curve":0.031,"c2":0.75,"c3":0.75},{"time":1.8667,"angle":-123.13}],"translate":[{"time":1.6333,"curve":0.028,"c2":0.59,"c3":0.538,"c4":0.88},{"time":1.8667,"x":245.1,"y":338.9}],"scale":[{"time":1.6333,"curve":0.031,"c2":0.75,"c3":0.75},{"time":1.8667,"x":0.704,"y":0.704}]},"zha5":{"rotate":[{"time":1.6333,"curve":0.031,"c2":0.75,"c3":0.75},{"time":1.8667,"angle":136.76}],"translate":[{"time":1.6333,"curve":0.063,"c2":0.7,"c3":0.535},{"time":1.8667,"x":-98.89,"y":330.3}],"scale":[{"time":1.6333,"curve":0.031,"c2":0.75,"c3":0.75},{"time":1.8667,"x":0.293,"y":0.293}]},"zha6":{"rotate":[{"time":1.6667,"curve":0.031,"c2":0.75,"c3":0.75},{"time":1.9,"angle":-143.02}],"translate":[{"time":1.6667,"curve":0.021,"c2":0.81,"c3":0.497,"c4":0.96},{"time":1.9,"x":721.62,"y":379.94}],"scale":[{"time":1.6667,"curve":0.031,"c2":0.75,"c3":0.75},{"time":1.9,"x":0.634,"y":0.634}]},"zha7":{"rotate":[{"time":1.6333,"curve":0.031,"c2":0.75,"c3":0.75},{"time":1.9667,"angle":136.76}],"translate":[{"time":1.6333,"curve":0,"c2":0.81,"c3":0.528},{"time":1.9667,"x":-669.29,"y":-33.93}],"scale":[{"time":1.6333,"curve":0.031,"c2":0.75,"c3":0.75},{"time":1.9667,"x":0.293,"y":0.293}]},"zha8":{"rotate":[{"time":1.6333,"curve":0.031,"c2":0.75,"c3":0.75},{"time":1.9667,"angle":136.76}],"translate":[{"time":1.6333,"curve":0,"c2":0.81,"c3":0.528},{"time":1.9667,"x":721.77,"y":-123.27}],"scale":[{"time":1.6333,"curve":0.031,"c2":0.75,"c3":0.75},{"time":1.9667,"x":0.293,"y":0.293}]},"BOOM":{"scale":[{"time":1.7333,"curve":0,"c2":0.75,"c3":0.257,"c4":0.97},{"time":2,"y":1.08}]}},"path":{"sg1":{"position":[{"time":1.5667,"curve":0,"c2":1,"c3":0.549,"c4":0.98},{"time":2.2333,"position":0.8529}],"mix":[{"time":1.5667,"rotateMix":0.622,"translateMix":0.622,"curve":0.157,"c2":0.3,"c3":0.681,"c4":0.84},{"time":2.2333}]},"sg2":{"position":[{"time":1.5667,"curve":0.028,"c2":0.63,"c3":0.49,"c4":0.94},{"time":2.1667,"position":0.9412}]},"sg3":{"position":[{"time":1.5667,"curve":0.031,"c2":0.63,"c3":0.656,"c4":0.96},{"time":2.3,"position":0.9412}]},"sg4":{"position":[{"time":1.5667,"curve":0,"c2":0.64,"c3":0.611,"c4":0.94},{"time":2.2333,"position":0.9412}]},"sg5":{"position":[{"time":1.5667,"curve":0,"c2":0.66,"c3":0.653,"c4":0.93},{"time":2.1333,"position":0.9412}]}},"deform":{"default":{"sg1":{"sg1":[{"time":1.5667,"vertices":[-59.05518,-7.87402,-59.05518,-7.87402,-59.05518,-7.87402,-59.05518,-7.87402,-59.05518,-7.87402,-59.05518,-7.87402,-59.05518,-7.87402,-59.05518,-7.87402,-59.05518,-7.87402,-59.05518,-7.87402,-59.05518,-7.87402,-59.05518,-7.87402,-59.05518,-7.87402,-59.05518,-7.87402,-59.05518,-7.87402,-59.05518,-7.87402,-59.05518,-7.87402,-59.05518,-7.87402,-59.05518,-7.87402,-59.05518,-7.87402,-59.05518,-7.87402,-59.05518,-7.87402,-59.05518,-7.87402,-59.05518,-7.87402,-59.05518,-7.87402,-59.05518,-7.87402,-59.05518,-7.87402]}]},"sg2":{"sg2":[{"time":1.5667,"vertices":[106.82568,-67.45593,106.82568,-67.45593,106.82568,-67.45593,106.82568,-67.45593,106.82568,-67.45593,106.82568,-67.45593,106.82568,-67.45593,106.82568,-67.45593,106.82568,-67.45593,106.82568,-67.45593,106.82568,-67.45593,106.82568,-67.45593]}]},"sg3":{"sg2":[{"time":1.5667,"vertices":[33.70714,18.46467,48.8521,12.97948,74.40125,3.72622,99.31983,-5.4706,122.9537,-20.17892,140.43927,-31.06075,152.67023,-47.04624,158.32077,-62.39793,164.53674,-79.2859,165.88284,-99.94163,164.58154,-125.64936,164.02563,-136.62906]}]},"sg4":{"sg2":[{"time":1.5667,"vertices":[31.5419,-114.12256,31.5419,-114.12256,31.5419,-114.12256,31.5419,-114.12256,31.5419,-114.12256,31.5419,-114.12256,31.5419,-114.12256,31.5419,-114.12256,31.5419,-114.12256,31.5419,-114.12256,31.5419,-114.12256,31.5419,-114.12256]}]},"sg5":{"sg2":[{"time":1.5667,"vertices":[-35.21558,-28.36597,-35.21558,-28.36597,-35.21558,-28.36597,-35.21558,-28.36597,-35.21558,-28.36597,-35.21558,-28.36597,-35.21558,-28.36597,-35.21558,-28.36597,-35.21558,-28.36597,-35.21558,-28.36597,-35.21558,-28.36597,-35.21558,-28.36597]}]}}}}}}