{"skeleton":{"hash":"99c+JNGgMR5USdIUrnkQAmhvZYY","spine":"3.8.99","x":-589.61,"y":-258.31,"width":1900,"height":750},"bones":[{"name":"root"},{"name":"donghua","parent":"root"},{"name":"dian00","parent":"donghua"},{"name":"anniuext_01","parent":"donghua","scaleX":0.7954,"scaleY":1.0369},{"name":"xian1","parent":"donghua","y":23.04},{"name":"xian2","parent":"donghua","y":-23.52},{"name":"11guang/ib_mw_vfx_b_add_00","parent":"donghua","y":-27.35},{"name":"yuan","parent":"donghua"}],"slots":[{"name":"liang2","bone":"donghua","blend":"additive"},{"name":"donghua","bone":"donghua"},{"name":"dian","bone":"dian00"},{"name":"dian2","bone":"dian00"},{"name":"dian3","bone":"dian00"},{"name":"dian4","bone":"dian00"},{"name":"dian5","bone":"dian00"},{"name":"dian6","bone":"dian00"},{"name":"dian7","bone":"dian00"},{"name":"dian8","bone":"dian00"},{"name":"dian9","bone":"dian00"},{"name":"dian12","bone":"dian00"},{"name":"dian14","bone":"dian00"},{"name":"dian17","bone":"dian00"},{"name":"7faguang/ib_vfx_d_add_00","bone":"anniuext_01","blend":"additive"},{"name":"11guang/ib_mw_vfx_b_add_00","bone":"11guang/ib_mw_vfx_b_add_00","blend":"additive"},{"name":"ib_mw_vfx_d_add","bone":"xian1","blend":"additive"},{"name":"ib_mw_vfx_d_add2","bone":"xian2","blend":"additive"},{"name":"sb_vfx_b_add_00","bone":"yuan","blend":"additive"},{"name":"fx_glow","bone":"yuan","blend":"additive"}],"skins":[{"name":"default","attachments":{"7faguang/ib_vfx_d_add_00":{"7faguang/ib_vfx_d_add_00":{"width":378,"height":819},"7faguang/ib_vfx_d_add_01":{"width":378,"height":819},"7faguang/ib_vfx_d_add_02":{"width":378,"height":819},"7faguang/ib_vfx_d_add_03":{"width":378,"height":819}},"11guang/ib_mw_vfx_b_add_00":{"11guang/ib_mw_vfx_b_add_00":{"y":27.35,"width":189,"height":68},"11guang/ib_mw_vfx_b_add_01":{"y":27.85,"width":189,"height":69},"11guang/ib_mw_vfx_b_add_02":{"y":27.85,"width":189,"height":68},"11guang/ib_mw_vfx_b_add_03":{"y":27.85,"width":189,"height":68},"11guang/ib_mw_vfx_b_add_04":{"y":27.85,"width":189,"height":68},"11guang/ib_mw_vfx_b_add_05":{"y":27.85,"width":189,"height":68},"11guang/ib_mw_vfx_b_add_06":{"y":27.85,"width":189,"height":68},"11guang/ib_mw_vfx_b_add_07":{"y":27.85,"width":189,"height":68},"11guang/ib_mw_vfx_b_add_08":{"y":27.85,"width":189,"height":68},"11guang/ib_mw_vfx_b_add_09":{"y":27.85,"width":189,"height":68},"11guang/ib_mw_vfx_b_add_10":{"y":27.85,"width":189,"height":68},"11guang/ib_mw_vfx_b_add_11":{"y":27.85,"width":189,"height":68},"11guang/ib_mw_vfx_b_add_12":{"y":27.85,"width":189,"height":68},"11guang/ib_mw_vfx_b_add_13":{"y":27.85,"width":189,"height":68},"11guang/ib_mw_vfx_b_add_14":{"y":27.85,"width":189,"height":68},"11guang/ib_mw_vfx_b_add_15":{"y":27.85,"width":189,"height":68},"11guang/ib_mw_vfx_b_add_16":{"y":27.85,"width":189,"height":68},"11guang/ib_mw_vfx_b_add_17":{"y":27.85,"width":189,"height":68},"11guang/ib_mw_vfx_b_add_18":{"y":27.85,"width":189,"height":68},"11guang/ib_mw_vfx_b_add_19":{"y":27.85,"width":189,"height":68},"11guang/ib_mw_vfx_b_add_20":{"y":27.85,"width":189,"height":68},"11guang/ib_mw_vfx_b_add_21":{"y":27.85,"width":189,"height":68}},"dian":{"dian02":{"x":50.39,"scaleX":0.8,"scaleY":0.8,"width":8,"height":8}},"dian2":{"dian02":{"x":-59.4,"y":0.25,"scaleX":0.8,"scaleY":0.8,"width":8,"height":8}},"dian3":{"dian02":{"x":-24.53,"y":-14.76,"scaleX":0.8,"scaleY":0.8,"width":8,"height":8}},"dian4":{"dian02":{"x":-9.1,"y":10.77,"scaleX":0.8,"scaleY":0.8,"width":8,"height":8}},"dian5":{"dian02":{"x":-49.74,"y":-5.23,"scaleX":0.8,"scaleY":0.8,"width":8,"height":8}},"dian6":{"dian02":{"x":20.31,"y":-10.54,"scaleX":0.8,"scaleY":0.8,"width":8,"height":8}},"dian7":{"dian02":{"x":-44.61,"y":10.47,"scaleX":0.8,"scaleY":0.8,"width":8,"height":8}},"dian8":{"dian02":{"x":35.27,"y":15.55,"scaleX":0.8,"scaleY":0.8,"width":8,"height":8}},"dian9":{"dian02":{"x":39.42,"y":-14.48,"scaleX":0.8,"scaleY":0.8,"width":8,"height":8}},"dian12":{"dian02":{"x":-39.42,"y":-9.86,"scaleX":0.8,"scaleY":0.8,"width":8,"height":8}},"dian14":{"dian02":{"x":0.1,"y":-14.9,"scaleX":0.8,"scaleY":0.8,"width":8,"height":8}},"dian17":{"dian02":{"x":17.44,"y":6.37,"scaleX":0.8,"scaleY":0.8,"width":8,"height":8}},"donghua":{"BUFFALLO/di":{"width":173,"height":48}},"fx_glow":{"fx_glow":{"scaleX":1.9002,"scaleY":1.9002,"width":99,"height":86}},"ib_mw_vfx_d_add":{"ib_mw_vfx_d_add":{"x":-3.17,"y":-0.05,"scaleX":2,"width":84,"height":30}},"ib_mw_vfx_d_add2":{"ib_mw_vfx_d_add":{"x":-3.58,"y":-0.44,"scaleX":2,"width":84,"height":30}},"liang2":{"BUFFALLO/liang":{"width":153,"height":48}},"sb_vfx_b_add_00":{"sb_vfx_b_add_00":{"x":0.74,"y":0.21,"width":89,"height":84},"sb_vfx_b_add_01":{"x":0.5,"width":89,"height":84},"sb_vfx_b_add_02":{"x":0.5,"width":89,"height":84},"sb_vfx_b_add_03":{"x":0.5,"width":89,"height":84},"sb_vfx_b_add_04":{"x":0.5,"width":89,"height":84},"sb_vfx_b_add_05":{"x":0.5,"width":89,"height":84},"sb_vfx_b_add_06":{"x":0.5,"width":89,"height":84},"sb_vfx_b_add_07":{"x":0.5,"width":89,"height":84},"sb_vfx_b_add_08":{"x":0.5,"width":89,"height":84},"sb_vfx_b_add_09":{"x":0.5,"width":89,"height":84},"sb_vfx_b_add_10":{"x":0.5,"width":89,"height":84},"sb_vfx_b_add_11":{"x":0.5,"width":89,"height":84},"sb_vfx_b_add_12":{"x":0.5,"width":89,"height":84}}}}],"animations":{"slots_xz":{"slots":{"7faguang/ib_vfx_d_add_00":{"color":[{"color":"ffffff00"},{"time":0.0667,"color":"ffffff58","curve":"stepped"},{"time":0.2667,"color":"ffffff58"},{"time":0.4667,"color":"ffffff00"}],"attachment":[{"name":"7faguang/ib_vfx_d_add_00"},{"time":0.2,"name":"7faguang/ib_vfx_d_add_01"},{"time":0.3667,"name":"7faguang/ib_vfx_d_add_02"},{"time":0.5,"name":"7faguang/ib_vfx_d_add_03"}]},"11guang/ib_mw_vfx_b_add_00":{"attachment":[{"time":0.0333,"name":"11guang/ib_mw_vfx_b_add_00"},{"time":0.0667,"name":"11guang/ib_mw_vfx_b_add_01"},{"time":0.1,"name":"11guang/ib_mw_vfx_b_add_02"},{"time":0.1333,"name":"11guang/ib_mw_vfx_b_add_03"},{"time":0.1667,"name":"11guang/ib_mw_vfx_b_add_04"},{"time":0.2,"name":"11guang/ib_mw_vfx_b_add_05"},{"time":0.2333,"name":"11guang/ib_mw_vfx_b_add_06"},{"time":0.2667,"name":"11guang/ib_mw_vfx_b_add_07"},{"time":0.3,"name":"11guang/ib_mw_vfx_b_add_08"},{"time":0.3333,"name":"11guang/ib_mw_vfx_b_add_09"},{"time":0.3667,"name":"11guang/ib_mw_vfx_b_add_10"},{"time":0.4,"name":"11guang/ib_mw_vfx_b_add_11"},{"time":0.4333,"name":"11guang/ib_mw_vfx_b_add_12"},{"time":0.4667,"name":"11guang/ib_mw_vfx_b_add_13"},{"time":0.5,"name":"11guang/ib_mw_vfx_b_add_14"},{"time":0.5333,"name":"11guang/ib_mw_vfx_b_add_15"},{"time":0.5667,"name":"11guang/ib_mw_vfx_b_add_16"},{"time":0.6,"name":"11guang/ib_mw_vfx_b_add_17"},{"time":0.6333,"name":"11guang/ib_mw_vfx_b_add_18"},{"time":0.6667,"name":"11guang/ib_mw_vfx_b_add_19"},{"time":0.7,"name":"11guang/ib_mw_vfx_b_add_20"},{"time":0.7333,"name":"11guang/ib_mw_vfx_b_add_21"}]},"dian":{"color":[{"color":"ffffff00","curve":"stepped"},{"time":0.0333,"color":"ffffffff","curve":"stepped"},{"time":0.1,"color":"ffffffff","curve":"stepped"},{"time":0.1333,"color":"ffffff00","curve":"stepped"},{"time":0.2,"color":"ffffff4a","curve":"stepped"},{"time":0.2333,"color":"ffffff6b"},{"time":0.3,"color":"ffffffeb"},{"time":0.3333,"color":"ffffff00"}],"attachment":[{"name":"dian02"}]},"dian2":{"color":[{"color":"ffffff00","curve":"stepped"},{"time":0.2,"color":"ffffffff","curve":"stepped"},{"time":0.3,"color":"ffffffff","curve":"stepped"},{"time":0.3333,"color":"ffffff00","curve":"stepped"},{"time":0.4,"color":"ffffffeb","curve":"stepped"},{"time":0.5,"color":"ffffffeb"},{"time":0.6,"color":"ffffff00"}],"attachment":[{"name":"dian02"}]},"dian3":{"color":[{"color":"ffffff00","curve":"stepped"},{"time":0.2,"color":"ffffffff","curve":"stepped"},{"time":0.2333,"color":"ffffffff","curve":"stepped"},{"time":0.3,"color":"ffffff00","curve":"stepped"},{"time":0.3333,"color":"ffffffeb","curve":"stepped"},{"time":0.4,"color":"ffffff6b"},{"time":0.4333,"color":"ffffffeb"},{"time":0.5333,"color":"ffffff00"}],"attachment":[{"name":"dian02"}]},"dian4":{"color":[{"color":"ffffff00","curve":"stepped"},{"time":0.3333,"color":"ffffffff","curve":"stepped"},{"time":0.4333,"color":"ffffffff","curve":"stepped"},{"time":0.5,"color":"ffffff00","curve":"stepped"},{"time":0.5333,"color":"ffffffeb","curve":"stepped"},{"time":0.6,"color":"ffffff6b"},{"time":0.6333,"color":"ffffffeb"},{"time":0.7,"color":"ffffff00"}],"attachment":[{"name":"dian02"}]},"dian5":{"color":[{"color":"ffffff00","curve":"stepped"},{"time":0.1,"color":"ffffffff","curve":"stepped"},{"time":0.2,"color":"ffffffff"},{"time":0.3333,"color":"ffffffeb"},{"time":0.5,"color":"ffffff00"}],"attachment":[{"name":"dian02"}]},"dian6":{"color":[{"color":"ffffff00","curve":"stepped"},{"time":0.0333,"color":"ffffffff","curve":"stepped"},{"time":0.1333,"color":"ffffffff"},{"time":0.3,"color":"ffffff6b"},{"time":0.3333,"color":"ffffffeb"},{"time":0.4333,"color":"ffffff00"}],"attachment":[{"name":"dian02"}]},"dian7":{"color":[{"color":"ffffff00","curve":"stepped"},{"time":0.1,"color":"ffffffff","curve":"stepped"},{"time":0.2333,"color":"ffffffff"},{"time":0.4,"color":"ffffffeb"},{"time":0.6,"color":"ffffff00"}],"attachment":[{"name":"dian02"}]},"dian8":{"color":[{"color":"ffffff00","curve":"stepped"},{"time":0.1333,"color":"ffffffff"},{"time":0.3,"color":"ffffff5f"},{"time":0.4333,"color":"ffffffeb"},{"time":0.6333,"color":"ffffff00"}],"attachment":[{"name":"dian02"}]},"dian9":{"color":[{"color":"ffffff00","curve":"stepped"},{"time":0.3,"color":"ffffffff","curve":"stepped"},{"time":0.4333,"color":"ffffffff"},{"time":0.5333,"color":"ffffff6b"},{"time":0.6,"color":"ffffffeb"},{"time":0.7333,"color":"ffffff00"}],"attachment":[{"name":"dian02"}]},"dian12":{"color":[{"color":"ffffff00","curve":"stepped"},{"time":0.0333,"color":"ffffffff","curve":"stepped"},{"time":0.1,"color":"ffffffff"},{"time":0.2333,"color":"ffffffeb"},{"time":0.4,"color":"ffffff00"}],"attachment":[{"name":"dian02"}]},"dian14":{"color":[{"color":"ffffff00","curve":"stepped"},{"time":0.1333,"color":"ffffffff","curve":"stepped"},{"time":0.2,"color":"ffffffff"},{"time":0.3333,"color":"ffffffeb"},{"time":0.5333,"color":"ffffff00"}],"attachment":[{"name":"dian02"}]},"dian17":{"color":[{"color":"ffffff00","curve":"stepped"},{"time":0.1,"color":"ffffffff","curve":"stepped"},{"time":0.2,"color":"ffffffff"},{"time":0.3333,"color":"ffffffeb"},{"time":0.5,"color":"ffffff00"}],"attachment":[{"name":"dian02"}]},"donghua":{"color":[{"color":"ffffff00","curve":0,"c2":0.37,"c3":0.75},{"time":0.1,"color":"ffffffda"},{"time":0.3667,"color":"ffffff5f"},{"time":0.5,"color":"ffffff00"}],"attachment":[{"name":"BUFFALLO/di"}]},"fx_glow":{"color":[{"color":"ffffff00"},{"time":0.0667,"color":"ffffffff"},{"time":0.3,"color":"ffffff00"}],"attachment":[{"name":"fx_glow"}]},"ib_mw_vfx_d_add":{"color":[{"color":"ffffff00","curve":0,"c2":0.37,"c3":0.75},{"time":0.1,"color":"ffffffff","curve":"stepped"},{"time":0.3667,"color":"ffffffff"},{"time":0.5,"color":"ffffff00"}],"attachment":[{"name":"ib_mw_vfx_d_add"}]},"ib_mw_vfx_d_add2":{"color":[{"color":"ffffff00","curve":0,"c2":0.37,"c3":0.75},{"time":0.1,"color":"ffffffff","curve":"stepped"},{"time":0.3667,"color":"ffffffff"},{"time":0.5,"color":"ffffff00"}],"attachment":[{"name":"ib_mw_vfx_d_add"}]},"liang2":{"color":[{"color":"ffffff00","curve":0.25,"c3":0.75},{"time":0.2333,"color":"ffffff40","curve":0,"c2":0.33,"c3":0.75},{"time":0.7333,"color":"ffffff00"}],"attachment":[{"name":"BUFFALLO/liang"}]},"sb_vfx_b_add_00":{"attachment":[{"time":0.0333,"name":"sb_vfx_b_add_00"},{"time":0.0667,"name":"sb_vfx_b_add_01"},{"time":0.1,"name":"sb_vfx_b_add_02"},{"time":0.1333,"name":"sb_vfx_b_add_04"},{"time":0.1667,"name":"sb_vfx_b_add_06"},{"time":0.2,"name":"sb_vfx_b_add_07"},{"time":0.2333,"name":"sb_vfx_b_add_08"},{"time":0.2667,"name":"sb_vfx_b_add_09"},{"time":0.3,"name":"sb_vfx_b_add_10"},{"time":0.3333,"name":"sb_vfx_b_add_11"},{"time":0.3667,"name":"sb_vfx_b_add_12"},{"time":0.4,"name":null}]}},"bones":{"xian1":{"translate":[{"x":55.21,"curve":0,"c2":0.39,"c3":0.75},{"time":0.5333,"x":-48.36}],"scale":[{"x":0.437},{"time":0.1,"x":0.738},{"time":0.3333,"x":0.642},{"time":0.5333,"x":0.673}]},"xian2":{"translate":[{"x":-71.73,"curve":0,"c2":0.24,"c3":0.75},{"time":0.5333,"x":48.76}],"scale":[{"x":0.437},{"time":0.1,"x":0.738},{"time":0.3333,"x":0.642},{"time":0.5333,"x":0.673}]},"anniuext_01":{"translate":[{"y":244.32}],"scale":[{"x":0.269,"y":1.471,"curve":0,"c2":0.29,"c3":0.645},{"time":0.0667,"x":0.269,"y":1.348,"curve":0,"c2":0.25,"c3":0.397,"c4":0.62},{"time":0.2667,"x":1.215,"y":1.348}]},"11guang/ib_mw_vfx_b_add_00":{"translate":[{"time":0.0333,"y":9.04}],"scale":[{"time":0.0333,"x":0.695,"y":0.801}]},"yuan":{"scale":[{"time":0.0333,"curve":0,"c2":0.21,"c3":0.433},{"time":0.4,"x":1.493,"y":1.493}]}}}}}