{"skeleton":{"hash":"/5vRKnbe9kNTJzUAEKXRdWZN4CQ","spine":"3.8.99","x":-1883.3,"y":-1122.94,"width":3766.6,"height":2251.97},"bones":[{"name":"root"},{"name":"a","parent":"root","x":152.5,"y":-304.42},{"name":"che1","parent":"a","x":21.58,"y":75.38},{"name":"r1","parent":"che1","length":43.03,"rotation":90,"x":-86.11,"y":47.93},{"name":"deng","parent":"che1","length":49.59,"rotation":-173.19,"x":-414.53,"y":79.79},{"name":"ren2","parent":"che1","length":63.01,"rotation":90,"x":163.86,"y":106.71,"scaleX":0.43,"scaleY":0.43},{"name":"xiong","parent":"ren2","length":106.17,"rotation":-4.85,"x":121.25,"y":6.51},{"name":"tou","parent":"xiong","length":61.72,"rotation":-9.18,"x":164.75,"y":5.98},{"name":"ys1","parent":"xiong","length":84.98,"rotation":61.35,"x":108.09,"y":95.31},{"name":"ys3","parent":"ys1","length":111.78,"rotation":-64.19,"x":102.96,"y":-3.66},{"name":"ren1_ys3","parent":"ys3","length":82.33,"rotation":1.43,"x":126.89,"y":0.03},{"name":"zs1","parent":"xiong","length":79.97,"rotation":-114.27,"x":90.61,"y":-123.51},{"name":"zs2","parent":"zs1","length":99.93,"rotation":-69.49,"x":85.5,"y":-3.77},{"name":"ren1_yi","parent":"xiong","x":102.89,"y":-79.4},{"name":"ren1_yi2","parent":"ren1_yi","length":80.94,"rotation":-177.97,"x":-58.18,"y":1.07},{"name":"ren1_yi3","parent":"ren1_yi2","length":80.46,"rotation":26.21,"x":88.71,"y":4.38},{"name":"tui","parent":"ren2","length":67.76,"rotation":133.81,"x":-19.47,"y":29.46},{"name":"nvren2_shen","parent":"che1","length":114.49,"rotation":90,"x":36.29,"y":62.22,"scaleX":0.42,"scaleY":-0.42},{"name":"nvren2_shen2","parent":"nvren2_shen","length":119.87,"rotation":2.52,"x":114.49},{"name":"nvren2_zs","parent":"nvren2_shen2","length":84.27,"rotation":-41.18,"x":132.87,"y":-63.8},{"name":"nvren2_zs2","parent":"nvren2_zs","length":130.52,"rotation":35.19,"x":84.27},{"name":"nvren2_tou","parent":"nvren2_shen2","length":101.95,"rotation":21.07,"x":208.88,"y":17.16},{"name":"nvren2_ys","parent":"nvren2_shen2","length":99.08,"rotation":160.49,"x":83.97,"y":112.23},{"name":"nvren2_ys2","parent":"nvren2_ys","length":107.97,"rotation":-1.22,"x":77.99,"y":-1.91},{"name":"nvren2_yi","parent":"nvren2_shen2","length":131.09,"rotation":171.14,"x":104.07,"y":59.97},{"name":"nvren2_yi2","parent":"nvren2_yi","length":123.4,"rotation":-1.01,"x":131.09},{"name":"r1_tou","parent":"r1","length":29.93,"rotation":-9.46,"x":166.37,"y":-5.46},{"name":"r1_shou","parent":"r1","length":34.02,"rotation":-12.53,"x":105.48,"y":80.64},{"name":"r1_erji","parent":"r1","length":36.32,"rotation":151.7,"x":160.83,"y":-36.21}],"slots":[{"name":"hei","bone":"root","attachment":"hei"},{"name":"r1_shen","bone":"r1","attachment":"r1_shen"},{"name":"r1_shou","bone":"r1_shou","attachment":"r1_shou"},{"name":"r1_tou","bone":"r1_tou","attachment":"r1_tou"},{"name":"r1_erji","bone":"r1_erji","attachment":"r1_erji"},{"name":"ren1_shen2","bone":"ren2","attachment":"ren1_shen2"},{"name":"ren1_yi","bone":"ren1_yi","attachment":"ren1_yi"},{"name":"ren1_tou","bone":"tou","attachment":"ren1_tou"},{"name":"ren1_zs","bone":"zs1","attachment":"ren1_zs"},{"name":"ys2","bone":"ys1","attachment":"ren1_ys"},{"name":"nvren2_zs","bone":"nvren2_zs","attachment":"nvren2_zs"},{"name":"nvren2_shen","bone":"nvren2_shen","attachment":"nvren2_shen"},{"name":"nvren2_yi","bone":"nvren2_yi","attachment":"nvren2_yi"},{"name":"nvren2_ys","bone":"nvren2_ys","attachment":"nvren2_ys"},{"name":"nvren2_tou","bone":"nvren2_tou","attachment":"nvren2_tou"},{"name":"che2","bone":"che1","attachment":"che2"},{"name":"lun1","bone":"a","attachment":"lun1"},{"name":"lun2","bone":"a","attachment":"lun1"},{"name":"che1","bone":"che1","attachment":"che1"},{"name":"deng","bone":"deng","attachment":"deng","blend":"additive"}],"skins":[{"name":"default","attachments":{"che1":{"che1":{"x":0.28,"y":81.27,"width":846,"height":231}},"che2":{"che2":{"x":-287.6,"y":34.95,"width":226,"height":133}},"deng":{"deng":{"x":234.64,"y":8.33,"scaleX":2,"scaleY":2,"rotation":173.19,"width":285,"height":103}},"hei":{"hei":{"scaleX":10,"scaleY":10,"width":190,"height":76}},"lun1":{"lun1":{"x":-279.88,"y":65.94,"width":147,"height":147}},"lun2":{"lun1":{"x":260.99,"y":65.94,"width":147,"height":147}},"nvren2_shen":{"nvren2_shen":{"type":"mesh","hull":13,"uvs":[0.38876,1,0.35938,0.81327,0.40232,0.71511,0.4317,0.63306,0.43396,0.54955,0.29384,0.4089,0.53341,0.3415,0.7888,0.3752,0.80236,0.49973,0.80236,0.61548,0.83852,0.70338,0.8679,0.80301,0.84982,1],"triangles":[3,4,9,9,4,8,8,4,6,8,6,7,4,5,6,12,0,11,2,11,1,11,2,10,2,3,10,3,9,10,11,0,1],"vertices":[1,17,-125.13,83.52,1,2,17,3.34,97.63,1,18,-106.75,102.42,0,2,17,70.14,78.22,0.91702,18,-40.87,80.09,0.08298,2,17,122.55,65.8,0.41231,18,10.94,65.38,0.58769,2,17,176.77,68.88,0.02195,18,65.25,66.08,0.97805,1,18,160.32,130.97,1,1,18,209.22,25.26,1,1,18,188.76,-89.17,1,2,17,221.83,-92.83,0.02801,18,103.16,-97.46,0.97199,2,17,141.17,-98.83,0.42426,18,22.31,-99.91,0.57574,2,17,79.46,-116.32,0.87847,18,-40.1,-114.67,0.12153,2,17,10.41,-129.18,0.99754,18,-109.65,-124.49,0.00246,1,17,-125.13,-121.1,1]}},"nvren2_tou":{"nvren2_tou":{"x":-91.46,"y":49.31,"rotation":-113.59,"width":446,"height":688}},"nvren2_yi":{"nvren2_yi":{"type":"mesh","hull":10,"uvs":[0.19119,0.67907,0.24587,0.55091,0.31317,0.40094,0.63916,0.41457,0.62233,0.57136,0.60761,0.69952,0.59289,0.85222,0.52769,1,0.14702,1,0.13861,0.82222],"triangles":[6,7,9,7,8,9,9,0,6,6,0,5,0,1,5,5,1,4,1,2,4,4,2,3],"vertices":[2,24,121.13,-93.35,0.3865,25,-8.3,-93.51,0.6135,2,24,40.63,-79.18,0.96799,25,-89.04,-80.76,0.03201,1,24,-64.83,-61.29,1,1,24,-71.56,84.25,1,1,24,36.48,88.7,1,2,24,127.85,91.85,0.8156,25,-4.86,91.78,0.1844,2,24,244,79.88,0.10063,25,111.49,81.86,0.89937,2,24,345.06,42.14,0.00005,25,213.2,45.91,0.99995,1,25,204.8,-123.66,1,2,24,211.42,-122.77,0.00166,25,82.49,-121.33,0.99834]}},"nvren2_ys":{"nvren2_ys":{"type":"mesh","hull":11,"uvs":[0.12382,0.65073,0.17731,0.56246,0.26809,0.46262,0.45776,0.491,0.43344,0.59924,0.39778,0.70853,0.36698,0.81151,0.24864,0.9166,0,0.97019,0,0.83148,0.04925,0.72744],"triangles":[8,9,7,6,7,10,7,9,10,10,0,6,6,0,5,0,1,5,5,1,4,1,2,4,4,2,3],"vertices":[2,22,113.93,-58.55,0.0694,23,14.75,-57.9,0.9306,2,22,37.89,-57.64,0.82593,23,-61.3,-58.61,0.17407,2,22,-42.32,-36.5,0.99999,23,-141.94,-39.18,0.00001,1,22,-48.37,50.11,1,1,22,26.02,61.5,1,2,22,99.52,67.98,0.81902,23,-2.36,68.29,0.18098,2,22,157.1,88.85,0.17664,23,54.76,90.38,0.82336,2,22,242.59,83.92,0.0008,23,140.35,87.27,0.9992,1,23,230.91,13.46,1,1,23,150.34,-37.7,1,1,23,78.15,-57.54,1]}},"nvren2_zs":{"nvren2_zs":{"type":"mesh","hull":10,"uvs":[0.69992,0.32355,0.60186,0.41401,0.71123,0.5338,0.93562,0.4189,1,0.30888,1,0.16709,1,0.00818,0.82437,0.01674,0.73386,0.15242,0.70934,0.2331],"triangles":[3,0,4,0,9,4,4,9,5,9,8,5,8,7,5,7,6,5,2,1,3,3,1,0],"vertices":[2,19,73.41,60.24,0.39656,20,25.85,55.49,0.60344,2,19,-7.64,54.64,0.98817,20,-43.62,97.62,0.01183,1,19,-41.63,-35.09,1,2,19,80.81,-63.67,0.80216,20,-39.52,-50.04,0.19784,2,19,153.42,-49.18,0.02271,20,28.17,-80.05,0.97729,1,20,125.13,-88.31,1,1,20,234.08,-97.44,1,1,20,234.76,-18.9,1,1,20,145.11,29.13,1,2,19,132.59,88.81,0.00481,20,90.67,44.73,0.99519]}},"r1_erji":{"r1_erji":{"x":57.03,"y":-21.1,"rotation":118.3,"width":187,"height":298}},"r1_shen":{"r1_shen":{"x":120.62,"y":9.41,"rotation":-90,"width":187,"height":298}},"r1_shou":{"r1_shou":{"x":30.24,"y":-66.25,"rotation":-77.47,"width":187,"height":298}},"r1_tou":{"r1_tou":{"x":-47.56,"y":7.14,"rotation":-80.54,"width":187,"height":298}},"ren1_shen2":{"ren1_shen2":{"type":"mesh","hull":12,"uvs":[0.49781,0.99702,0.17899,0.99405,0.27566,0.90878,0.3376,0.8673,0.29379,0.82813,0.2228,0.72443,0.21978,0.51702,0.31192,0.34188,0.82851,0.44443,0.756,0.60805,0.70767,0.79702,0.81794,1,0.39802,0.50781,0.63819,0.55505,0.38442,0.70714,0.58381,0.72673,0.52792,0.85809,0.53396,0.95718],"triangles":[3,4,14,0,3,17,2,3,0,1,2,0,13,12,7,6,7,12,8,13,7,9,13,8,14,6,12,14,12,13,5,6,14,15,14,13,15,13,9,10,15,9,4,5,14,16,14,15,16,15,10,16,3,14,17,16,10,3,16,17,17,10,11,0,17,11],"vertices":[2,5,-74.14,10.09,0.31348,16,23.86,52.86,0.68652,1,16,123.97,-63.08,1,3,5,-10.85,112.15,0.00544,6,-140.56,94.09,0.0069,16,53.71,-63.46,0.98767,3,5,10.98,81,0.14928,6,-116.18,64.89,0.08535,16,16.12,-57.65,0.76537,3,5,33.45,101.4,0.26265,6,-95.52,87.13,0.29075,16,15.29,-87.99,0.4466,3,5,93.76,135.84,0.13541,6,-38.33,126.54,0.70913,16,-1.61,-155.35,0.15547,3,5,219.91,140.85,0.0001,6,86.95,142.21,0.99166,16,-85.32,-249.86,0.00824,1,6,200,109.91,1,1,6,161.43,-141.23,1,2,5,167.67,-115.24,0.08731,6,56.55,-117.38,0.91269,2,5,51.45,-93.21,0.84713,6,-61.11,-105.26,0.15287,1,5,-74.8,-145.51,1,2,6,101.19,58.55,0.99901,16,-151.27,-196.46,0.00099,2,5,199.61,-58.53,0.01635,6,83.58,-58.18,0.98365,3,5,104.15,59.7,0.17496,6,-21.54,51.55,0.738,16,-63.75,-110.15,0.08704,2,5,93.91,-34.28,0.51467,6,-23.79,-42.95,0.48533,1,5,13.76,-7.46,1,2,5,-49.53,-9.2,0.56311,16,-7.09,48.45,0.43689]}},"ren1_tou":{"ren1_tou":{"x":-49.03,"y":-4.73,"rotation":-75.96,"width":476,"height":624}},"ren1_yi":{"ren1_yi":{"type":"mesh","hull":13,"uvs":[0.53606,0.38375,0.87031,0.47965,0.81411,0.61503,0.75791,0.72334,0.77418,0.78201,0.87327,0.87678,0.83482,1,0.70485,1,0.61213,0.91951,0.56168,0.82694,0.5426,0.73022,0.53578,0.61581,0.53305,0.50036],"triangles":[9,3,4,8,9,4,8,4,5,7,8,5,6,7,5,10,11,3,9,10,3,3,11,2,12,0,1,2,12,1,11,12,2],"vertices":[1,13,86.43,77.57,1,1,13,40.27,-86.03,1,1,13,-46.17,-66.52,1,3,13,-114.16,-46.78,0.30547,14,57.64,45.84,0.36252,15,-9.57,50.92,0.33201,2,14,91.89,57.83,0.02755,15,26.46,46.55,0.97245,1,15,97.96,71.18,1,1,15,164.26,28.15,1,1,15,143.51,-30.14,1,2,14,185.96,-8.94,0.01775,15,81.36,-54.91,0.98225,2,14,130.85,-39.85,0.37946,15,18.27,-58.3,0.62054,2,14,70.71,-54.92,0.99214,15,-42.35,-45.25,0.00786,2,13,-59.11,65.44,0.49022,14,-1.34,-64.36,0.50978,1,13,13.81,72.84,1]}},"ren1_zs":{"ren1_zs":{"type":"mesh","hull":12,"uvs":[0.72942,0.63467,0.83234,0.65801,0.84485,0.67392,0.77253,0.82563,0.792,0.92323,0.97141,0.92323,1,0.83199,1,0.67392,1,0.61769,0.98115,0.57101,0.78088,0.45644,0.70717,0.53388],"triangles":[2,8,7,2,7,6,3,2,6,5,4,3,6,5,3,2,1,8,11,10,9,1,0,11,9,1,11,8,1,9],"vertices":[1,11,5.1,-52.01,1,2,11,57.17,-42.42,0.64466,12,26.27,-40.07,0.35534,2,11,69.12,-48.24,0.40916,12,35.91,-30.92,0.59084,1,12,138.56,-32.88,1,1,12,193.83,-5.65,1,1,12,168.04,75.76,1,1,12,109.65,71.54,1,2,11,130.01,-4.72,0.136,12,16.48,41.35,0.864,2,11,110.33,22,0.46965,12,-15.45,32.28,0.53035,2,11,88.56,41.07,0.73202,12,-40.93,18.57,0.26798,1,11,-27.63,57.07,1,1,11,-34.76,-2.23,1]}},"ys2":{"ren1_ys":{"type":"mesh","hull":18,"uvs":[0.07764,0,0.09902,0.18244,0.09707,0.21505,0,0.25063,0,0.35291,0.03683,0.4211,0.06792,0.45668,0.10679,0.49077,0.30695,0.57082,0.39634,0.52783,0.38662,0.42851,0.27197,0.38849,0.23893,0.36032,0.22533,0.32178,0.25254,0.24025,0.26225,0.21653,0.35942,0.13797,0.26808,0],"triangles":[1,0,17,15,1,17,16,15,17,2,1,15,14,2,15,13,2,14,4,3,2,4,2,13,5,4,13,5,13,12,6,5,12,7,6,12,7,12,11,8,11,10,8,10,9,7,11,8],"vertices":[1,10,132.71,-11.57,1,2,9,145.66,12.94,0.204,10,19.09,12.44,0.796,2,9,121.65,18.04,0.68276,10,-4.79,18.13,0.31724,2,9,97.92,64.75,0.99948,10,-27.34,65.43,0.00052,1,9,34.11,66.67,1,2,8,144.03,26.84,0.07677,9,-9.57,50.25,0.92323,2,8,119.02,41.53,0.38223,9,-33.69,34.13,0.61777,2,8,89.16,51,0.78633,9,-55.21,11.37,0.21367,1,8,-19.8,39.67,1,1,8,-40.47,-6.19,1,1,8,-2.41,-55.32,1,2,8,55.76,-44.56,0.82084,9,16.28,-60.3,0.17916,2,8,75.22,-49.36,0.40972,9,29.07,-44.87,0.59028,2,8,88.58,-66.96,0.07127,9,50.73,-40.5,0.92873,2,9,98.25,-53.35,0.66563,10,-29.96,-52.64,0.33437,2,9,109.22,-58.34,0.31967,10,-19.13,-57.91,0.68033,1,10,11.59,-115.17,1,1,10,106.56,-98.37,1]}}}}],"animations":{"zhuanchang":{"slots":{"deng":{"color":[{"color":"ffffff00","curve":"stepped"},{"time":0.2,"color":"ffffff00","curve":"stepped"},{"time":0.2667,"color":"ffffffff","curve":"stepped"},{"time":0.3333,"color":"ffffff57","curve":"stepped"},{"time":0.4,"color":"ffffffff"}]},"hei":{"color":[{"color":"ffffff00"},{"time":0.2333,"color":"ffffffff","curve":"stepped"},{"time":1.6667,"color":"ffffffff"},{"time":2,"color":"ffffff00"}]}},"bones":{"a":{"translate":[{"x":1147.96,"curve":"stepped"},{"time":0.4333,"x":1147.96,"curve":0.25,"c3":0.247},{"time":0.9667,"x":213.3,"curve":0.816,"c3":0.895,"c4":0.44},{"time":1.9667,"x":-1573.05}]},"che1":{"translate":[{"y":-10,"curve":"stepped"},{"time":0.5333,"y":-10},{"time":0.7333,"y":9.83},{"time":0.9333,"y":-10},{"time":1.1333,"y":9.83},{"time":1.3333,"y":-10},{"time":1.5333,"y":9.83},{"time":1.7333,"y":-10},{"time":1.9333,"y":9.83}]},"deng":{"rotate":[{"time":0.5333,"curve":0.25,"c3":0.75},{"time":0.7333,"angle":-0.62,"curve":0.25,"c3":0.75},{"time":0.9333,"curve":0.25,"c3":0.75},{"time":1.1333,"angle":-0.62,"curve":0.25,"c3":0.75},{"time":1.3333,"curve":0.25,"c3":0.75},{"time":1.5333,"angle":-0.62,"curve":0.25,"c3":0.75},{"time":1.7333,"curve":0.25,"c3":0.75},{"time":1.9333,"angle":-0.62}],"scale":[{"time":0.5333,"curve":0.25,"c3":0.75},{"time":0.7333,"x":1.133,"y":0.943,"curve":0.25,"c3":0.75},{"time":0.9333,"curve":0.25,"c3":0.75},{"time":1.1333,"x":1.133,"y":0.943,"curve":0.25,"c3":0.75},{"time":1.3333,"curve":0.25,"c3":0.75},{"time":1.5333,"x":1.133,"y":0.943,"curve":0.25,"c3":0.75},{"time":1.7333,"curve":0.25,"c3":0.75},{"time":1.9333,"x":1.133,"y":0.943}]},"nvren2_ys":{"rotate":[{"time":0.5333,"angle":-0.26,"curve":0.364,"c2":0.64,"c3":0.701},{"time":0.5667,"curve":0.25,"c3":0.75},{"time":0.8,"angle":-4.13,"curve":0.244,"c3":0.702,"c4":0.8},{"time":1,"angle":-0.26,"curve":0.364,"c2":0.64,"c3":0.701},{"time":1.0333,"curve":0.25,"c3":0.75},{"time":1.2667,"angle":-4.13,"curve":0.244,"c3":0.702,"c4":0.8},{"time":1.4667,"angle":-0.26,"curve":0.364,"c2":0.64,"c3":0.701},{"time":1.5,"curve":0.25,"c3":0.75},{"time":1.7333,"angle":-4.13,"curve":0.244,"c3":0.702,"c4":0.8},{"time":1.9333,"angle":-0.26,"curve":0.364,"c2":0.64,"c3":0.701},{"time":1.9667}]},"nvren2_yi":{"rotate":[{"time":0.5333,"angle":-0.66,"curve":0.364,"c2":0.64,"c3":0.701},{"time":0.5667,"curve":0.25,"c3":0.75},{"time":0.8,"angle":-10.45,"curve":0.244,"c3":0.702,"c4":0.8},{"time":1,"angle":-0.66,"curve":0.364,"c2":0.64,"c3":0.701},{"time":1.0333,"curve":0.25,"c3":0.75},{"time":1.2667,"angle":-10.45,"curve":0.244,"c3":0.702,"c4":0.8},{"time":1.4667,"angle":-0.66,"curve":0.364,"c2":0.64,"c3":0.701},{"time":1.5,"curve":0.25,"c3":0.75},{"time":1.7333,"angle":-10.45,"curve":0.244,"c3":0.702,"c4":0.8},{"time":1.9333,"angle":-0.66,"curve":0.364,"c2":0.64,"c3":0.701},{"time":1.9667}]},"nvren2_shen2":{"rotate":[{"time":0.5333,"curve":0.25,"c3":0.75},{"time":0.7667,"angle":11.56,"curve":0.25,"c3":0.75},{"time":1,"curve":0.25,"c3":0.75},{"time":1.2333,"angle":11.56,"curve":0.25,"c3":0.75},{"time":1.4667,"curve":0.25,"c3":0.75},{"time":1.7,"angle":11.56,"curve":0.25,"c3":0.75},{"time":1.9333}],"translate":[{"time":0.5333,"curve":0.25,"c3":0.75},{"time":0.7667,"x":-10.93,"curve":0.25,"c3":0.75},{"time":1,"curve":0.25,"c3":0.75},{"time":1.2333,"x":-10.93,"curve":0.25,"c3":0.75},{"time":1.4667,"curve":0.25,"c3":0.75},{"time":1.7,"x":-10.93,"curve":0.25,"c3":0.75},{"time":1.9333}]},"ren2":{"translate":[{"time":0.6,"y":7.5,"curve":0.191,"c2":0.04,"c3":0.604,"c4":0.89},{"time":0.8333,"y":-27.78,"curve":0.191,"c2":0.04,"c3":0.604,"c4":0.89},{"time":1.0667,"y":7.5,"curve":0.191,"c2":0.04,"c3":0.604,"c4":0.89},{"time":1.3,"y":-27.78,"curve":0.191,"c2":0.04,"c3":0.604,"c4":0.89},{"time":1.5333,"y":7.5,"curve":0.191,"c2":0.04,"c3":0.604,"c4":0.89},{"time":1.7667,"y":-27.78,"curve":0.191,"c2":0.04,"c3":0.604,"c4":0.89},{"time":2,"y":7.5}]},"tou":{"rotate":[{"time":0.6,"angle":1.16,"curve":0.379,"c2":0.6,"c3":0.724},{"time":0.6667,"curve":0.25,"c3":0.75},{"time":0.9,"angle":6.31,"curve":0.242,"c3":0.667,"c4":0.67},{"time":1.0667,"angle":1.16,"curve":0.379,"c2":0.6,"c3":0.724},{"time":1.1333,"curve":0.25,"c3":0.75},{"time":1.3667,"angle":6.31,"curve":0.242,"c3":0.667,"c4":0.67},{"time":1.5333,"angle":1.16,"curve":0.379,"c2":0.6,"c3":0.724},{"time":1.6,"curve":0.25,"c3":0.75},{"time":1.8333,"angle":6.31,"curve":0.242,"c3":0.667,"c4":0.67},{"time":2,"angle":1.16}]},"ys1":{"rotate":[{"time":0.6,"angle":1.01,"curve":0.364,"c2":0.64,"c3":0.701},{"time":0.6333,"curve":0.25,"c3":0.75},{"time":0.8667,"angle":16.03,"curve":0.244,"c3":0.702,"c4":0.8},{"time":1.0667,"angle":1.01,"curve":0.364,"c2":0.64,"c3":0.701},{"time":1.1,"curve":0.25,"c3":0.75},{"time":1.3333,"angle":16.03,"curve":0.244,"c3":0.702,"c4":0.8},{"time":1.5333,"angle":1.01,"curve":0.364,"c2":0.64,"c3":0.701},{"time":1.5667,"curve":0.25,"c3":0.75},{"time":1.8,"angle":16.03,"curve":0.244,"c3":0.702,"c4":0.8},{"time":2,"angle":1.01}]},"zs1":{"rotate":[{"time":0.6,"curve":0.364,"c2":0.64,"c3":0.701},{"time":0.6333,"curve":0.25,"c3":0.75},{"time":0.8667,"curve":0.244,"c3":0.702,"c4":0.8},{"time":1.0667,"curve":0.364,"c2":0.64,"c3":0.701},{"time":1.1,"curve":0.25,"c3":0.75},{"time":1.3333,"curve":0.244,"c3":0.702,"c4":0.8},{"time":1.5333,"curve":0.364,"c2":0.64,"c3":0.701},{"time":1.5667,"curve":0.25,"c3":0.75},{"time":1.8,"curve":0.244,"c3":0.702,"c4":0.8},{"time":2}]},"xiong":{"rotate":[{"time":0.6,"angle":0.13,"curve":0.364,"c2":0.64,"c3":0.701},{"time":0.6333,"curve":0.25,"c3":0.75},{"time":0.8667,"angle":2.03,"curve":0.244,"c3":0.702,"c4":0.8},{"time":1.0667,"angle":0.13,"curve":0.364,"c2":0.64,"c3":0.701},{"time":1.1,"curve":0.25,"c3":0.75},{"time":1.3333,"angle":2.03,"curve":0.244,"c3":0.702,"c4":0.8},{"time":1.5333,"angle":0.13,"curve":0.364,"c2":0.64,"c3":0.701},{"time":1.5667,"curve":0.25,"c3":0.75},{"time":1.8,"angle":2.03,"curve":0.244,"c3":0.702,"c4":0.8},{"time":2,"angle":0.13}],"translate":[{"time":0.6,"x":-0.56,"curve":0.364,"c2":0.64,"c3":0.701},{"time":0.6333,"curve":0.25,"c3":0.75},{"time":0.8667,"x":-9,"curve":0.244,"c3":0.702,"c4":0.8},{"time":1.0667,"x":-0.56,"curve":0.364,"c2":0.64,"c3":0.701},{"time":1.1,"curve":0.25,"c3":0.75},{"time":1.3333,"x":-9,"curve":0.244,"c3":0.702,"c4":0.8},{"time":1.5333,"x":-0.56,"curve":0.364,"c2":0.64,"c3":0.701},{"time":1.5667,"curve":0.25,"c3":0.75},{"time":1.8,"x":-9,"curve":0.244,"c3":0.702,"c4":0.8},{"time":2,"x":-0.56}]},"ren1_ys3":{"rotate":[{"time":0.6,"angle":-1.73,"curve":0.364,"c2":0.64,"c3":0.701},{"time":0.6333,"curve":0.25,"c3":0.75},{"time":0.8667,"angle":-27.49,"curve":0.244,"c3":0.702,"c4":0.8},{"time":1.0667,"angle":-1.73,"curve":0.364,"c2":0.64,"c3":0.701},{"time":1.1,"curve":0.25,"c3":0.75},{"time":1.3333,"angle":-27.49,"curve":0.244,"c3":0.702,"c4":0.8},{"time":1.5333,"angle":-1.73,"curve":0.364,"c2":0.64,"c3":0.701},{"time":1.5667,"curve":0.25,"c3":0.75},{"time":1.8,"angle":-27.49,"curve":0.244,"c3":0.702,"c4":0.8},{"time":2,"angle":-1.73}]},"ys3":{"rotate":[{"time":0.6,"angle":-1.19,"curve":0.364,"c2":0.64,"c3":0.701},{"time":0.6333,"curve":0.25,"c3":0.75},{"time":0.8667,"angle":-19.02,"curve":0.244,"c3":0.702,"c4":0.8},{"time":1.0667,"angle":-1.19,"curve":0.364,"c2":0.64,"c3":0.701},{"time":1.1,"curve":0.25,"c3":0.75},{"time":1.3333,"angle":-19.02,"curve":0.244,"c3":0.702,"c4":0.8},{"time":1.5333,"angle":-1.19,"curve":0.364,"c2":0.64,"c3":0.701},{"time":1.5667,"curve":0.25,"c3":0.75},{"time":1.8,"angle":-19.02,"curve":0.244,"c3":0.702,"c4":0.8},{"time":2,"angle":-1.19}]},"zs2":{"rotate":[{"time":0.6,"angle":2.5,"curve":0.379,"c2":0.6,"c3":0.724},{"time":0.6667,"curve":0.25,"c3":0.75},{"time":0.9,"angle":13.56,"curve":0.242,"c3":0.667,"c4":0.67},{"time":1.0667,"angle":2.5,"curve":0.379,"c2":0.6,"c3":0.724},{"time":1.1333,"curve":0.25,"c3":0.75},{"time":1.3667,"angle":13.56,"curve":0.242,"c3":0.667,"c4":0.67},{"time":1.5333,"angle":2.5,"curve":0.379,"c2":0.6,"c3":0.724},{"time":1.6,"curve":0.25,"c3":0.75},{"time":1.8333,"angle":13.56,"curve":0.242,"c3":0.667,"c4":0.67},{"time":2,"angle":2.5}]},"tui":{"rotate":[{"time":0.6,"curve":0.25,"c3":0.75},{"time":0.8333,"angle":-14.72,"curve":0.25,"c3":0.75},{"time":1.0667,"curve":0.25,"c3":0.75},{"time":1.3,"angle":-14.72,"curve":0.25,"c3":0.75},{"time":1.5333,"curve":0.25,"c3":0.75},{"time":1.7667,"angle":-14.72,"curve":0.25,"c3":0.75},{"time":2}]},"ren1_yi2":{"rotate":[{"time":0.6,"angle":0.9,"curve":0.382,"c2":0.56,"c3":0.74},{"time":0.7,"curve":0.25,"c3":0.75},{"time":0.9333,"angle":2.68,"curve":0.244,"c3":0.641,"c4":0.57},{"time":1.0667,"angle":0.9,"curve":0.382,"c2":0.56,"c3":0.74},{"time":1.1667,"curve":0.25,"c3":0.75},{"time":1.4,"angle":2.68,"curve":0.244,"c3":0.641,"c4":0.57},{"time":1.5333,"angle":0.9,"curve":0.382,"c2":0.56,"c3":0.74},{"time":1.6333,"curve":0.25,"c3":0.75},{"time":1.8667,"angle":2.68,"curve":0.244,"c3":0.641,"c4":0.57},{"time":2,"angle":0.9}]},"ren1_yi3":{"rotate":[{"time":0.6,"angle":5.11,"curve":0.25,"c3":0.75},{"time":0.8333,"angle":-5.32,"curve":0.25,"c3":0.75},{"time":1.0667,"angle":5.11,"curve":0.25,"c3":0.75},{"time":1.3,"angle":-5.32,"curve":0.25,"c3":0.75},{"time":1.5333,"angle":5.11,"curve":0.25,"c3":0.75},{"time":1.7667,"angle":-5.32,"curve":0.25,"c3":0.75},{"time":2,"angle":5.11}]},"nvren2_ys2":{"rotate":[{"time":0.5333,"angle":3.96,"curve":0.379,"c2":0.6,"c3":0.724},{"time":0.6,"curve":0.25,"c3":0.75},{"time":0.8333,"angle":21.49,"curve":0.242,"c3":0.667,"c4":0.67},{"time":1,"angle":3.96,"curve":0.379,"c2":0.6,"c3":0.724},{"time":1.0667,"curve":0.25,"c3":0.75},{"time":1.3,"angle":21.49,"curve":0.242,"c3":0.667,"c4":0.67},{"time":1.4667,"angle":3.96,"curve":0.379,"c2":0.6,"c3":0.724},{"time":1.5333,"curve":0.25,"c3":0.75},{"time":1.7667,"angle":21.49,"curve":0.242,"c3":0.667,"c4":0.67},{"time":1.9333,"angle":3.96,"curve":0.379,"c2":0.6,"c3":0.724},{"time":2}]},"nvren2_tou":{"rotate":[{"time":0.5333,"angle":-1.05,"curve":0.364,"c2":0.64,"c3":0.701},{"time":0.5667,"curve":0.25,"c3":0.75},{"time":0.8,"angle":-16.72,"curve":0.244,"c3":0.702,"c4":0.8},{"time":1,"angle":-1.05,"curve":0.364,"c2":0.64,"c3":0.701},{"time":1.0333,"curve":0.25,"c3":0.75},{"time":1.2667,"angle":-16.72,"curve":0.244,"c3":0.702,"c4":0.8},{"time":1.4667,"angle":-1.05,"curve":0.364,"c2":0.64,"c3":0.701},{"time":1.5,"curve":0.25,"c3":0.75},{"time":1.7333,"angle":-16.72,"curve":0.244,"c3":0.702,"c4":0.8},{"time":1.9333,"angle":-1.05,"curve":0.364,"c2":0.64,"c3":0.701},{"time":1.9667}]},"nvren2_yi2":{"rotate":[{"time":0.5333,"angle":-4.19,"curve":0.382,"c2":0.56,"c3":0.74},{"time":0.6333,"curve":0.25,"c3":0.75},{"time":0.8667,"angle":-12.49,"curve":0.244,"c3":0.641,"c4":0.57},{"time":1,"angle":-4.19,"curve":0.382,"c2":0.56,"c3":0.74},{"time":1.1,"curve":0.25,"c3":0.75},{"time":1.3333,"angle":-12.49,"curve":0.244,"c3":0.641,"c4":0.57},{"time":1.4667,"angle":-4.19,"curve":0.382,"c2":0.56,"c3":0.74},{"time":1.5667,"curve":0.25,"c3":0.75},{"time":1.8,"angle":-12.49,"curve":0.244,"c3":0.641,"c4":0.57},{"time":1.9333,"angle":-4.19}]},"nvren2_zs":{"rotate":[{"time":0.5333,"angle":-1.24,"curve":0.364,"c2":0.64,"c3":0.701},{"time":0.5667,"curve":0.25,"c3":0.75},{"time":0.8,"angle":-19.74,"curve":0.244,"c3":0.702,"c4":0.8},{"time":1,"angle":-1.24,"curve":0.364,"c2":0.64,"c3":0.701},{"time":1.0333,"curve":0.25,"c3":0.75},{"time":1.2667,"angle":-19.74,"curve":0.244,"c3":0.702,"c4":0.8},{"time":1.4667,"angle":-1.24,"curve":0.364,"c2":0.64,"c3":0.701},{"time":1.5,"curve":0.25,"c3":0.75},{"time":1.7333,"angle":-19.74,"curve":0.244,"c3":0.702,"c4":0.8},{"time":1.9333,"angle":-1.24,"curve":0.364,"c2":0.64,"c3":0.701},{"time":1.9667}]},"nvren2_shen":{"translate":[{"time":0.5333,"y":27.49,"curve":0.191,"c2":0.04,"c3":0.604,"c4":0.89},{"time":0.7667,"y":-10.29,"curve":0.191,"c2":0.04,"c3":0.604,"c4":0.89},{"time":1,"y":27.49,"curve":0.191,"c2":0.04,"c3":0.604,"c4":0.89},{"time":1.2333,"y":-10.29,"curve":0.191,"c2":0.04,"c3":0.604,"c4":0.89},{"time":1.4667,"y":27.49,"curve":0.191,"c2":0.04,"c3":0.604,"c4":0.89},{"time":1.7,"y":-10.29,"curve":0.191,"c2":0.04,"c3":0.604,"c4":0.89},{"time":1.9333,"y":27.49}]},"nvren2_zs2":{"rotate":[{"time":0.5333,"angle":-2.31,"curve":0.379,"c2":0.6,"c3":0.724},{"time":0.6,"curve":0.25,"c3":0.75},{"time":0.8333,"angle":-12.5,"curve":0.242,"c3":0.667,"c4":0.67},{"time":1,"angle":-2.31,"curve":0.379,"c2":0.6,"c3":0.724},{"time":1.0667,"curve":0.25,"c3":0.75},{"time":1.3,"angle":-12.5,"curve":0.242,"c3":0.667,"c4":0.67},{"time":1.4667,"angle":-2.31,"curve":0.379,"c2":0.6,"c3":0.724},{"time":1.5333,"curve":0.25,"c3":0.75},{"time":1.7667,"angle":-12.5,"curve":0.242,"c3":0.667,"c4":0.67},{"time":1.9333,"angle":-2.31,"curve":0.379,"c2":0.6,"c3":0.724},{"time":2}]},"r1_erji":{"rotate":[{"angle":-0.32,"curve":"stepped"},{"time":0.4667,"angle":-0.32,"curve":0.382,"c2":0.56,"c3":0.74},{"time":0.5667,"angle":-1.94,"curve":0.244,"c3":0.641,"c4":0.57},{"time":0.8,"angle":2.88,"curve":0.244,"c3":0.641,"c4":0.57},{"time":0.9333,"angle":-0.32,"curve":0.382,"c2":0.56,"c3":0.74},{"time":1.0333,"angle":-1.94,"curve":0.244,"c3":0.641,"c4":0.57},{"time":1.2667,"angle":2.88,"curve":0.244,"c3":0.641,"c4":0.57},{"time":1.4,"angle":-0.32,"curve":0.382,"c2":0.56,"c3":0.74},{"time":1.5,"angle":-1.94,"curve":0.244,"c3":0.641,"c4":0.57},{"time":1.7333,"angle":2.88,"curve":0.244,"c3":0.641,"c4":0.57},{"time":1.8667,"angle":-0.32,"curve":0.382,"c2":0.56,"c3":0.74},{"time":1.9667,"angle":-1.94}],"translate":[{"x":0.57,"y":0.01,"curve":"stepped"},{"time":0.4667,"x":0.57,"y":0.01,"curve":0.382,"c2":0.56,"c3":0.74},{"time":0.5667,"curve":0.25,"c3":0.75},{"time":0.8,"x":1.69,"y":0.02,"curve":0.244,"c3":0.641,"c4":0.57},{"time":0.9333,"x":0.57,"y":0.01,"curve":0.382,"c2":0.56,"c3":0.74},{"time":1.0333,"curve":0.25,"c3":0.75},{"time":1.2667,"x":1.69,"y":0.02,"curve":0.244,"c3":0.641,"c4":0.57},{"time":1.4,"x":0.57,"y":0.01,"curve":0.382,"c2":0.56,"c3":0.74},{"time":1.5,"curve":0.25,"c3":0.75},{"time":1.7333,"x":1.69,"y":0.02,"curve":0.244,"c3":0.641,"c4":0.57},{"time":1.8667,"x":0.57,"y":0.01,"curve":0.382,"c2":0.56,"c3":0.74},{"time":1.9667}]},"r1_tou":{"rotate":[{"angle":0.38,"curve":"stepped"},{"time":0.4667,"angle":0.38,"curve":0.364,"c2":0.64,"c3":0.701},{"time":0.5,"curve":0.25,"c3":0.75},{"time":0.7333,"angle":6.01,"curve":0.244,"c3":0.702,"c4":0.8},{"time":0.9333,"angle":0.38,"curve":0.364,"c2":0.64,"c3":0.701},{"time":0.9667,"curve":0.25,"c3":0.75},{"time":1.2,"angle":6.01,"curve":0.244,"c3":0.702,"c4":0.8},{"time":1.4,"angle":0.38,"curve":0.364,"c2":0.64,"c3":0.701},{"time":1.4333,"curve":0.25,"c3":0.75},{"time":1.6667,"angle":6.01,"curve":0.244,"c3":0.702,"c4":0.8},{"time":1.8667,"angle":0.38,"curve":0.364,"c2":0.64,"c3":0.701},{"time":1.9}]},"r1":{"rotate":[{"time":0.4667,"curve":0.25,"c3":0.75},{"time":0.7,"angle":-0.59,"curve":0.25,"c3":0.75},{"time":0.9333,"curve":0.25,"c3":0.75},{"time":1.1667,"angle":-0.59,"curve":0.25,"c3":0.75},{"time":1.4,"curve":0.25,"c3":0.75},{"time":1.6333,"angle":-0.59,"curve":0.25,"c3":0.75},{"time":1.8667}],"translate":[{"y":10,"curve":"stepped"},{"time":0.4667,"y":10,"curve":0.25,"c3":0.75},{"time":0.7,"y":-24.63,"curve":0.25,"c3":0.75},{"time":0.9333,"y":10,"curve":0.25,"c3":0.75},{"time":1.1667,"y":-24.63,"curve":0.25,"c3":0.75},{"time":1.4,"y":10,"curve":0.25,"c3":0.75},{"time":1.6333,"y":-24.63,"curve":0.25,"c3":0.75},{"time":1.8667,"y":10}]},"r1_shou":{"rotate":[{"angle":4.57,"curve":"stepped"},{"time":0.4667,"angle":4.57,"curve":0.364,"c2":0.64,"c3":0.701},{"time":0.5,"angle":4.89,"curve":0.25,"c3":0.75},{"time":0.7333,"angle":-0.18,"curve":0.244,"c3":0.702,"c4":0.8},{"time":0.9333,"angle":4.57,"curve":0.364,"c2":0.64,"c3":0.701},{"time":0.9667,"angle":4.89,"curve":0.25,"c3":0.75},{"time":1.2,"angle":-0.18,"curve":0.244,"c3":0.702,"c4":0.8},{"time":1.4,"angle":4.57,"curve":0.364,"c2":0.64,"c3":0.701},{"time":1.4333,"angle":4.89,"curve":0.25,"c3":0.75},{"time":1.6667,"angle":-0.18,"curve":0.244,"c3":0.702,"c4":0.8},{"time":1.8667,"angle":4.57,"curve":0.364,"c2":0.64,"c3":0.701},{"time":1.9,"angle":4.89}],"translate":[{"x":-0.27,"y":-0.22,"curve":"stepped"},{"time":0.4667,"x":-0.27,"y":-0.22,"curve":0.364,"c2":0.64,"c3":0.701},{"time":0.5,"curve":0.25,"c3":0.75},{"time":0.7333,"x":-4.22,"y":-3.45,"curve":0.244,"c3":0.702,"c4":0.8},{"time":0.9333,"x":-0.27,"y":-0.22,"curve":0.364,"c2":0.64,"c3":0.701},{"time":0.9667,"curve":0.25,"c3":0.75},{"time":1.2,"x":-4.22,"y":-3.45,"curve":0.244,"c3":0.702,"c4":0.8},{"time":1.4,"x":-0.27,"y":-0.22,"curve":0.364,"c2":0.64,"c3":0.701},{"time":1.4333,"curve":0.25,"c3":0.75},{"time":1.6667,"x":-4.22,"y":-3.45,"curve":0.244,"c3":0.702,"c4":0.8},{"time":1.8667,"x":-0.27,"y":-0.22,"curve":0.364,"c2":0.64,"c3":0.701},{"time":1.9}]}}}}}