{"skeleton":{"hash":"9PZ5IdTXNU+zhtfwTsMu+McLmq4","spine":"3.8.99"},"bones":[{"name":"root"},{"name":"shan1","parent":"root"},{"name":"G","parent":"shan1"},{"name":"G11","parent":"shan1"},{"name":"XX","parent":"shan1"},{"name":"X1","parent":"XX"},{"name":"X13","parent":"XX"},{"name":"X","parent":"XX"},{"name":"X131","parent":"XX"},{"name":"X12","parent":"XX"},{"name":"X11","parent":"XX"},{"name":"X132","parent":"XX"}],"slots":[{"name":"glow","bone":"G","color":"fffa0047","blend":"additive"},{"name":"124","bone":"G","color":"fffa00ff","blend":"additive"},{"name":"1241","bone":"G","color":"fffa005e","blend":"additive"},{"name":"x","bone":"X","blend":"additive"},{"name":"x1","bone":"X1","blend":"additive"},{"name":"x11","bone":"X11","blend":"additive"},{"name":"x12","bone":"X12","blend":"additive"},{"name":"x13","bone":"X13","blend":"additive"},{"name":"x131","bone":"X131","blend":"additive"},{"name":"x132","bone":"X132","blend":"additive"}],"skins":[{"name":"default","attachments":{"124":{"124":{"scaleY":0.65,"width":256,"height":256}},"1241":{"124":{"scaleX":0.5,"scaleY":0.5,"rotation":134.1,"width":256,"height":256}},"glow":{"glow":{"scaleX":5.45,"scaleY":5.45,"width":128,"height":128}},"x":{"x":{"width":97,"height":98}},"x1":{"x":{"width":97,"height":98}},"x11":{"x":{"width":97,"height":98}},"x12":{"x":{"width":97,"height":98}},"x13":{"x":{"width":97,"height":98}},"x131":{"x":{"width":97,"height":98}},"x132":{"x":{"width":97,"height":98}}}}],"animations":{"shan03":{"slots":{"124":{"color":[{"color":"fffa0000"},{"time":0.0333,"color":"fffa00ff","curve":"stepped"},{"time":0.1,"color":"fffa00ff"},{"time":0.3,"color":"fffa0000"}],"attachment":[{"name":"124"}]},"1241":{"color":[{"color":"fffa0000"},{"time":0.0333,"color":"fffa00ff","curve":"stepped"},{"time":0.1,"color":"fffa00ff"},{"time":0.3,"color":"fffa0000"}],"attachment":[{"name":"124"}]},"glow":{"color":[{"color":"ffffff00"},{"time":0.0333,"color":"fffa004d"},{"time":0.1,"color":"fffa001a"},{"time":0.2,"color":"fff7000d"},{"time":0.3,"color":"fffa0000"}],"attachment":[{"name":"glow"}]},"x":{"color":[{"color":"ffffff00"},{"time":0.1,"color":"ffffffff","curve":"stepped"},{"time":0.3333,"color":"ffffffff"},{"time":0.5333,"color":"ffffff00"}],"attachment":[{"name":"x"}]},"x1":{"color":[{"color":"ffffff00","curve":"stepped"},{"time":0.2333,"color":"ffffff00"},{"time":0.3333,"color":"ffffffff"},{"time":0.6,"color":"ffffffb0"},{"time":0.7667,"color":"ffffff00"}],"attachment":[{"name":"x"}]},"x11":{"color":[{"color":"ffffff00","curve":"stepped"},{"time":0.3333,"color":"ffffff00"},{"time":0.4333,"color":"ffffffff","curve":"stepped"},{"time":0.7333,"color":"ffffffff"},{"time":0.8667,"color":"ffffff00"}],"attachment":[{"name":"x"}]},"x12":{"color":[{"color":"ffffff00","curve":"stepped"},{"time":0.0667,"color":"ffffff00"},{"time":0.1667,"color":"ffffffff"},{"time":0.6,"color":"ffffff00"}],"attachment":[{"name":"x"}]},"x13":{"color":[{"color":"ffffff00"},{"time":0.1,"color":"ffffffff","curve":"stepped"},{"time":0.3667,"color":"ffffffff"},{"time":0.5333,"color":"ffffff00"}],"attachment":[{"name":"x"}]},"x131":{"color":[{"color":"ffffff00","curve":"stepped"},{"time":0.3333,"color":"ffffff00"},{"time":0.4333,"color":"ffffffff","curve":"stepped"},{"time":0.7,"color":"ffffffff"},{"time":0.8667,"color":"ffffff00"}],"attachment":[{"name":"x"}]},"x132":{"color":[{"color":"ffffff00","curve":"stepped"},{"time":0.4667,"color":"ffffff00"},{"time":0.5667,"color":"ffffffff","curve":"stepped"},{"time":0.7667,"color":"ffffffff"},{"time":1,"color":"ffffff00"}],"attachment":[{"name":"x"}]}},"bones":{"G":{"scale":[{"x":0.01,"y":0.01,"curve":0.063,"c2":0.88,"c3":0.415,"c4":0.94},{"time":0.3,"x":0.7,"y":0.7}]},"X":{"rotate":[{},{"time":0.5333,"angle":-100.32}],"translate":[{"x":-6.65,"y":10.01,"curve":0.724,"c2":0.12},{"time":0.5333,"x":-6.65,"y":45.62}],"scale":[{"x":0.01,"y":0.01,"curve":0,"c3":0.5},{"time":0.1,"x":0.3,"y":0.3,"curve":0.5},{"time":0.5333,"x":0.01,"y":0.01}]},"X1":{"rotate":[{},{"time":0.2333,"angle":-40},{"time":0.7667,"angle":-140}],"translate":[{"x":7.38,"y":-2.03,"curve":"stepped"},{"time":0.2333,"x":7.38,"y":-2.03,"curve":0,"c3":0.5},{"time":0.7667,"x":7.38,"y":26.21}],"scale":[{"x":0.01,"y":0.01,"curve":"stepped"},{"time":0.2333,"x":0.01,"y":0.01,"curve":0,"c3":0.5},{"time":0.3333,"x":0.35,"y":0.35,"curve":0.5},{"time":0.7667,"x":0.01,"y":0.01}]},"X11":{"rotate":[{},{"time":0.3333,"angle":50},{"time":0.8667,"angle":-120}],"translate":[{"x":7.38,"y":-2.03},{"time":0.3333,"x":-27.72,"y":-13.53,"curve":0,"c3":0.5},{"time":0.8667,"x":-27.72,"y":11.83}],"scale":[{"x":0.01,"y":0.01,"curve":"stepped"},{"time":0.3333,"x":0.01,"y":0.01,"curve":0,"c3":0.5},{"time":0.4333,"x":0.3,"y":0.3,"curve":0.5},{"time":0.8667,"x":0.01,"y":0.01}]},"X12":{"rotate":[{},{"time":0.0667,"angle":-40},{"time":0.6,"angle":-140}],"translate":[{"x":7.38,"y":-2.03},{"time":0.0667,"x":-40.28,"y":-16.28,"curve":0.5},{"time":0.6,"x":-40.28,"y":15.16}],"scale":[{"x":0.01,"y":0.01,"curve":"stepped"},{"time":0.0667,"x":0.01,"y":0.01,"curve":0,"c3":0.5},{"time":0.1667,"x":0.15,"y":0.15,"curve":0.5},{"time":0.6,"x":0.01,"y":0.01}]},"X13":{"rotate":[{},{"time":0.5333,"angle":180}],"translate":[{"x":28.15,"y":0.71,"curve":0,"c3":0.5},{"time":0.5333,"x":28.15,"y":25.98}],"scale":[{"x":0.01,"y":0.01,"curve":0,"c3":0.5},{"time":0.1,"x":0.2,"y":0.2,"curve":0.5},{"time":0.5333,"x":0.01,"y":0.01}]},"X131":{"rotate":[{"time":0.3333},{"time":0.8667,"angle":180}],"translate":[{"x":10.93,"y":-18.25,"curve":0.5},{"time":0.3333,"x":42.76,"y":-18.25,"curve":0.5},{"time":0.8667,"x":42.76,"y":16.51}],"scale":[{"x":0.01,"y":0.01,"curve":"stepped"},{"time":0.3333,"x":0.01,"y":0.01,"curve":0,"c3":0.5},{"time":0.4333,"x":0.15,"y":0.15,"curve":0.5},{"time":0.8667,"x":0.01,"y":0.01}]},"X132":{"rotate":[{"time":0.4667},{"time":1,"angle":-116}],"translate":[{"x":17.42,"y":-5.56,"curve":0,"c3":0.5},{"time":0.4667,"x":-3.95,"y":-8.05,"curve":0.568,"c2":0.29},{"time":1,"x":-3.95,"y":21.87}],"scale":[{"x":0.01,"y":0.01,"curve":"stepped"},{"time":0.4667,"x":0.01,"y":0.01,"curve":0,"c3":0.5},{"time":0.5667,"x":0.2,"y":0.2,"curve":0.5},{"time":1,"x":0.01,"y":0.01}]},"shan1":{"scale":[{"x":1.55,"y":1.55}]},"XX":{"scale":[{"x":0.01,"y":0.01,"curve":0,"c3":0.5},{"time":0.1333}]},"G11":{"scale":[{"x":0.01,"y":0.01,"curve":0.063,"c2":0.88,"c3":0.415,"c4":0.94},{"time":0.3,"x":0.7,"y":0.7}]}}}}}