{"skeleton":{"hash":"hvtUD0GLkxFDciQpnmSg4SWfENo","spine":"3.8.99","x":-446.74,"y":-317.74,"width":836.91,"height":324},"bones":[{"name":"root"},{"name":"win","parent":"root","x":-20.65,"y":258.12},{"name":"jiqi","parent":"root","x":-20.65,"y":-207.9},{"name":"laba","parent":"jiqi","x":-281.03,"y":-0.76},{"name":"tu","parent":"root","x":-374.77,"y":-192.32,"scaleX":-1},{"name":"yinzhou","parent":"jiqi","x":0.07,"y":-9.89},{"name":"laba2","parent":"jiqi","x":280.84,"y":-0.76},{"name":"tu2","parent":"root","x":318.21,"y":-192.32},{"name":"free","parent":"root","x":-17.39,"y":-130.89},{"name":"yinzhou2","parent":"jiqi","x":0.07,"y":-9.89},{"name":"yinzhou3","parent":"jiqi","x":0.07,"y":-9.89}],"slots":[{"name":"jiqi","bone":"jiqi","attachment":"jiqi"},{"name":"yinzhou","bone":"yinzhou","attachment":"yinzhou1"},{"name":"yinzhou2","bone":"yinzhou2","attachment":"yinzhou2"},{"name":"yinzhou3","bone":"yinzhou3","attachment":"yinzhou3"},{"name":"laba","bone":"laba","attachment":"laba"},{"name":"laba2","bone":"laba2","attachment":"laba"},{"name":"tu","bone":"tu","attachment":"tu","blend":"additive"},{"name":"tu2","bone":"tu2","attachment":"tu","blend":"additive"},{"name":"freeglow","bone":"free","blend":"additive"}],"skins":[{"name":"default","attachments":{"freeglow":{"freeglow":{"x":18.91,"y":-25.6,"scaleX":2,"scaleY":2,"width":354,"height":138}},"jiqi":{"jiqi":{"x":0.29,"y":52.16,"width":736,"height":324}},"laba":{"laba":{"x":0.98,"y":-0.99,"width":156,"height":156}},"laba2":{"laba":{"x":0.98,"y":-0.99,"width":156,"height":156}},"tu":{"tu":{"x":-15.03,"y":4.04,"width":174,"height":208}},"tu2":{"tu":{"x":-15.03,"y":4.04,"width":174,"height":208}},"yinzhou":{"yinzhou1":{"x":0.5,"y":0.5,"width":321,"height":119}},"yinzhou2":{"yinzhou2":{"x":0.5,"y":0.5,"width":321,"height":119}},"yinzhou3":{"yinzhou3":{"x":0.5,"y":0.5,"width":321,"height":119}}}}],"animations":{"free_cx":{"slots":{"freeglow":{"color":[{"color":"ffffff86"}],"attachment":[{"name":"freeglow"}]},"tu":{"color":[{"color":"ffffff00"}]},"tu2":{"color":[{"color":"ffffff00"}]}},"bones":{"win":{"scale":[{"x":0,"y":0,"curve":"stepped"},{"time":0.1333,"x":0.3,"y":0.3,"curve":0.184,"c2":0.45,"c3":0.75},{"time":0.3,"x":1.1,"y":1.1,"curve":0.073,"c2":0.3,"c3":0.743,"c4":0.96},{"time":0.4667,"x":0.95,"y":0.95,"curve":0.073,"c2":0.3,"c3":0.743,"c4":0.96},{"time":0.6333,"x":1.02,"y":1.02,"curve":0.073,"c2":0.3,"c3":0.743,"c4":0.96},{"time":0.8}]},"laba":{"scale":[{},{"time":0.1667,"x":1.4,"y":1.4},{"time":0.3333},{"time":0.5,"x":1.4,"y":1.4},{"time":0.6667},{"time":0.8333,"x":1.4,"y":1.4}]},"tu":{"scale":[{"x":0.401,"y":0.401}]},"jiqi":{"translate":[{"y":4.64,"curve":0.25,"c3":0.75},{"time":0.8333}],"scale":[{"x":0.3,"y":0.3,"curve":0.236,"c2":0.86,"c3":0.75},{"time":0.2,"x":1.1,"y":1.1,"curve":0.646,"c2":0.04,"c3":0.743,"c4":0.96},{"time":0.4333,"x":0.95,"y":0.95,"curve":0.073,"c2":0.3,"c3":0.743,"c4":0.96},{"time":0.6333,"x":1.091,"y":1.091,"curve":0.073,"c2":0.3,"c3":0.743,"c4":0.96},{"time":0.8333}]},"yinzhou":{"scale":[{},{"time":0.0667,"y":1.087},{"time":0.1333,"y":0.957},{"time":0.1667,"y":1.087},{"time":0.2333,"y":0.957},{"time":0.3,"y":1.087},{"time":0.3667,"y":0.957},{"time":0.4333,"y":1.087},{"time":0.5,"y":0.957},{"time":0.5667,"y":1.087},{"time":0.6333,"y":0.957},{"time":0.6667,"y":1.087},{"time":0.7333,"y":0.957},{"time":0.8333}]},"laba2":{"scale":[{},{"time":0.1667,"x":1.4,"y":1.4},{"time":0.3333},{"time":0.5,"x":1.4,"y":1.4},{"time":0.6667},{"time":0.8333,"x":1.4,"y":1.4}]},"tu2":{"scale":[{"x":0.401,"y":0.401}]},"free":{"scale":[{"x":0,"y":0,"curve":0.104,"c2":0.77,"c3":0.75},{"time":0.0667,"x":0.3,"y":0.3,"curve":0.184,"c2":0.45,"c3":0.75},{"time":0.2333,"x":1.1,"y":1.1,"curve":0.073,"c2":0.3,"c3":0.743,"c4":0.96},{"time":0.4,"x":0.95,"y":0.95,"curve":0.073,"c2":0.3,"c3":0.743,"c4":0.96},{"time":0.5667,"x":1.02,"y":1.02,"curve":0.073,"c2":0.3,"c3":0.743,"c4":0.96},{"time":0.7333}]},"yinzhou2":{"scale":[{},{"time":0.0667,"y":1.087},{"time":0.1333,"y":0.957},{"time":0.1667,"y":1.087},{"time":0.2333,"y":0.957},{"time":0.3,"y":1.087},{"time":0.3667,"y":0.957},{"time":0.4333,"y":1.087},{"time":0.5,"y":0.957},{"time":0.5667,"y":1.087},{"time":0.6333,"y":0.957},{"time":0.6667,"y":1.087},{"time":0.7333,"y":0.957},{"time":0.8333}]},"yinzhou3":{"scale":[{},{"time":0.0667,"y":1.087},{"time":0.1333,"y":0.957},{"time":0.1667,"y":1.087},{"time":0.2333,"y":0.957},{"time":0.3,"y":1.087},{"time":0.3667,"y":0.957},{"time":0.4333,"y":1.087},{"time":0.5,"y":0.957},{"time":0.5667,"y":1.087},{"time":0.6333,"y":0.957},{"time":0.6667,"y":1.087},{"time":0.7333,"y":0.957},{"time":0.8333}]}}},"free_xh":{"slots":{"freeglow":{"color":[{"color":"ffffff86"}],"attachment":[{"name":"freeglow"}]},"tu":{"color":[{"color":"ffffff00","curve":0.146,"c2":0.39,"c3":0.75},{"time":0.1,"color":"ffffffff","curve":"stepped"},{"time":0.3333,"color":"ffffffff"},{"time":0.6333,"color":"ffffff00","curve":"stepped"},{"time":1,"color":"ffffff00","curve":0.146,"c2":0.39,"c3":0.75},{"time":1.1,"color":"ffffffff","curve":"stepped"},{"time":1.3333,"color":"ffffffff"},{"time":1.6333,"color":"ffffff00","curve":"stepped"},{"time":2,"color":"ffffff00","curve":0.146,"c2":0.39,"c3":0.75},{"time":2.1,"color":"ffffffff","curve":"stepped"},{"time":2.3333,"color":"ffffffff"},{"time":2.6333,"color":"ffffff00","curve":"stepped"},{"time":3,"color":"ffffff00","curve":0.146,"c2":0.39,"c3":0.75},{"time":3.1,"color":"ffffffff","curve":"stepped"},{"time":3.3333,"color":"ffffffff"},{"time":3.6333,"color":"ffffff00","curve":"stepped"},{"time":4,"color":"ffffff00","curve":0.146,"c2":0.39,"c3":0.75},{"time":4.1,"color":"ffffffff","curve":"stepped"},{"time":4.3333,"color":"ffffffff"},{"time":4.6333,"color":"ffffff00","curve":"stepped"},{"time":5,"color":"ffffff00","curve":0.146,"c2":0.39,"c3":0.75},{"time":5.1,"color":"ffffffff","curve":"stepped"},{"time":5.3333,"color":"ffffffff"},{"time":5.6333,"color":"ffffff00","curve":"stepped"},{"time":6,"color":"ffffff00","curve":0.146,"c2":0.39,"c3":0.75},{"time":6.1,"color":"ffffffff","curve":"stepped"},{"time":6.3333,"color":"ffffffff"},{"time":6.6333,"color":"ffffff00"}]},"tu2":{"color":[{"color":"ffffff00","curve":0.146,"c2":0.39,"c3":0.75},{"time":0.1,"color":"ffffffff","curve":"stepped"},{"time":0.3333,"color":"ffffffff"},{"time":0.6333,"color":"ffffff00","curve":"stepped"},{"time":1,"color":"ffffff00","curve":0.146,"c2":0.39,"c3":0.75},{"time":1.1,"color":"ffffffff","curve":"stepped"},{"time":1.3333,"color":"ffffffff"},{"time":1.6333,"color":"ffffff00","curve":"stepped"},{"time":2,"color":"ffffff00","curve":0.146,"c2":0.39,"c3":0.75},{"time":2.1,"color":"ffffffff","curve":"stepped"},{"time":2.3333,"color":"ffffffff"},{"time":2.6333,"color":"ffffff00","curve":"stepped"},{"time":3,"color":"ffffff00","curve":0.146,"c2":0.39,"c3":0.75},{"time":3.1,"color":"ffffffff","curve":"stepped"},{"time":3.3333,"color":"ffffffff"},{"time":3.6333,"color":"ffffff00","curve":"stepped"},{"time":4,"color":"ffffff00","curve":0.146,"c2":0.39,"c3":0.75},{"time":4.1,"color":"ffffffff","curve":"stepped"},{"time":4.3333,"color":"ffffffff"},{"time":4.6333,"color":"ffffff00","curve":"stepped"},{"time":5,"color":"ffffff00","curve":0.146,"c2":0.39,"c3":0.75},{"time":5.1,"color":"ffffffff","curve":"stepped"},{"time":5.3333,"color":"ffffffff"},{"time":5.6333,"color":"ffffff00","curve":"stepped"},{"time":6,"color":"ffffff00","curve":0.146,"c2":0.39,"c3":0.75},{"time":6.1,"color":"ffffffff","curve":"stepped"},{"time":6.3333,"color":"ffffffff"},{"time":6.6333,"color":"ffffff00"}]}},"bones":{"laba":{"scale":[{"x":1.4,"y":1.4},{"time":0.1667},{"time":0.3333,"x":1.4,"y":1.4},{"time":0.5},{"time":0.6667,"x":1.4,"y":1.4},{"time":0.8333},{"time":1,"x":1.4,"y":1.4},{"time":1.1667},{"time":1.3333,"x":1.4,"y":1.4},{"time":1.5},{"time":1.6667,"x":1.4,"y":1.4},{"time":1.8333},{"time":2,"x":1.4,"y":1.4},{"time":2.1667},{"time":2.3333,"x":1.4,"y":1.4},{"time":2.5},{"time":2.6667,"x":1.4,"y":1.4},{"time":2.8333},{"time":3,"x":1.4,"y":1.4},{"time":3.1667},{"time":3.3333,"x":1.4,"y":1.4},{"time":3.5},{"time":3.6667,"x":1.4,"y":1.4},{"time":3.8333},{"time":4,"x":1.4,"y":1.4},{"time":4.1667},{"time":4.3333,"x":1.4,"y":1.4},{"time":4.5},{"time":4.6667,"x":1.4,"y":1.4},{"time":4.8333},{"time":5,"x":1.4,"y":1.4},{"time":5.1667},{"time":5.3333,"x":1.4,"y":1.4},{"time":5.5},{"time":5.6667,"x":1.4,"y":1.4},{"time":5.8333},{"time":6,"x":1.4,"y":1.4},{"time":6.1667},{"time":6.3333,"x":1.4,"y":1.4},{"time":6.5},{"time":6.6667,"x":1.4,"y":1.4}]},"tu":{"rotate":[{"angle":-13,"curve":0.125,"c2":0.69,"c3":0.47,"c4":0.96},{"time":0.5333,"curve":"stepped"},{"time":1,"angle":-13,"curve":0.125,"c2":0.69,"c3":0.47,"c4":0.96},{"time":1.5333,"curve":"stepped"},{"time":2,"angle":-13,"curve":0.125,"c2":0.69,"c3":0.47,"c4":0.96},{"time":2.5333,"curve":"stepped"},{"time":3,"angle":-13,"curve":0.125,"c2":0.69,"c3":0.47,"c4":0.96},{"time":3.5333,"curve":"stepped"},{"time":4,"angle":-13,"curve":0.125,"c2":0.69,"c3":0.47,"c4":0.96},{"time":4.5333,"curve":"stepped"},{"time":5,"angle":-13,"curve":0.125,"c2":0.69,"c3":0.47,"c4":0.96},{"time":5.5333,"curve":"stepped"},{"time":6,"angle":-13,"curve":0.125,"c2":0.69,"c3":0.47,"c4":0.96},{"time":6.5333}],"translate":[{"x":43.9,"y":2.74,"curve":0.125,"c2":0.69,"c3":0.47,"c4":0.96},{"time":0.5333,"x":-18.1,"y":0.34,"curve":"stepped"},{"time":1,"x":43.9,"y":2.74,"curve":0.125,"c2":0.69,"c3":0.47,"c4":0.96},{"time":1.5333,"x":-18.1,"y":0.34,"curve":"stepped"},{"time":2,"x":43.9,"y":2.74,"curve":0.125,"c2":0.69,"c3":0.47,"c4":0.96},{"time":2.5333,"x":-18.1,"y":0.34,"curve":"stepped"},{"time":3,"x":43.9,"y":2.74,"curve":0.125,"c2":0.69,"c3":0.47,"c4":0.96},{"time":3.5333,"x":-18.1,"y":0.34,"curve":"stepped"},{"time":4,"x":43.9,"y":2.74,"curve":0.125,"c2":0.69,"c3":0.47,"c4":0.96},{"time":4.5333,"x":-18.1,"y":0.34,"curve":"stepped"},{"time":5,"x":43.9,"y":2.74,"curve":0.125,"c2":0.69,"c3":0.47,"c4":0.96},{"time":5.5333,"x":-18.1,"y":0.34,"curve":"stepped"},{"time":6,"x":43.9,"y":2.74,"curve":0.125,"c2":0.69,"c3":0.47,"c4":0.96},{"time":6.5333,"x":-18.1,"y":0.34}],"scale":[{"x":0.613,"y":0.613,"curve":0.125,"c2":0.69,"c3":0.47,"c4":0.96},{"time":0.5333,"curve":"stepped"},{"time":1,"x":0.613,"y":0.613,"curve":0.125,"c2":0.69,"c3":0.47,"c4":0.96},{"time":1.5333,"curve":"stepped"},{"time":2,"x":0.613,"y":0.613,"curve":0.125,"c2":0.69,"c3":0.47,"c4":0.96},{"time":2.5333,"curve":"stepped"},{"time":3,"x":0.613,"y":0.613,"curve":0.125,"c2":0.69,"c3":0.47,"c4":0.96},{"time":3.5333,"curve":"stepped"},{"time":4,"x":0.613,"y":0.613,"curve":0.125,"c2":0.69,"c3":0.47,"c4":0.96},{"time":4.5333,"curve":"stepped"},{"time":5,"x":0.613,"y":0.613,"curve":0.125,"c2":0.69,"c3":0.47,"c4":0.96},{"time":5.5333,"curve":"stepped"},{"time":6,"x":0.613,"y":0.613,"curve":0.125,"c2":0.69,"c3":0.47,"c4":0.96},{"time":6.5333}]},"jiqi":{"scale":[{},{"time":0.1667,"x":1.07,"y":1.07},{"time":0.3333},{"time":0.5,"x":1.07,"y":1.07},{"time":0.6667},{"time":0.8333,"x":1.07,"y":1.07},{"time":1},{"time":1.1667,"x":1.07,"y":1.07},{"time":1.3333},{"time":1.5,"x":1.07,"y":1.07},{"time":1.6667},{"time":1.8333,"x":1.07,"y":1.07},{"time":2},{"time":2.1667,"x":1.07,"y":1.07},{"time":2.3333},{"time":2.5,"x":1.07,"y":1.07},{"time":2.6667},{"time":2.8333,"x":1.07,"y":1.07},{"time":3},{"time":3.1667,"x":1.07,"y":1.07},{"time":3.3333},{"time":3.5,"x":1.07,"y":1.07},{"time":3.6667},{"time":3.8333,"x":1.07,"y":1.07},{"time":4},{"time":4.1667,"x":1.07,"y":1.07},{"time":4.3333},{"time":4.5,"x":1.07,"y":1.07},{"time":4.6667},{"time":4.8333,"x":1.07,"y":1.07},{"time":5},{"time":5.1667,"x":1.07,"y":1.07},{"time":5.3333},{"time":5.5,"x":1.07,"y":1.07},{"time":5.6667},{"time":5.8333,"x":1.07,"y":1.07},{"time":6},{"time":6.1667,"x":1.07,"y":1.07},{"time":6.3333},{"time":6.5,"x":1.07,"y":1.07},{"time":6.6667}]},"laba2":{"scale":[{"x":1.4,"y":1.4},{"time":0.1667},{"time":0.3333,"x":1.4,"y":1.4},{"time":0.5},{"time":0.6667,"x":1.4,"y":1.4},{"time":0.8333},{"time":1,"x":1.4,"y":1.4},{"time":1.1667},{"time":1.3333,"x":1.4,"y":1.4},{"time":1.5},{"time":1.6667,"x":1.4,"y":1.4},{"time":1.8333},{"time":2,"x":1.4,"y":1.4},{"time":2.1667},{"time":2.3333,"x":1.4,"y":1.4},{"time":2.5},{"time":2.6667,"x":1.4,"y":1.4},{"time":2.8333},{"time":3,"x":1.4,"y":1.4},{"time":3.1667},{"time":3.3333,"x":1.4,"y":1.4},{"time":3.5},{"time":3.6667,"x":1.4,"y":1.4},{"time":3.8333},{"time":4,"x":1.4,"y":1.4},{"time":4.1667},{"time":4.3333,"x":1.4,"y":1.4},{"time":4.5},{"time":4.6667,"x":1.4,"y":1.4},{"time":4.8333},{"time":5,"x":1.4,"y":1.4},{"time":5.1667},{"time":5.3333,"x":1.4,"y":1.4},{"time":5.5},{"time":5.6667,"x":1.4,"y":1.4},{"time":5.8333},{"time":6,"x":1.4,"y":1.4},{"time":6.1667},{"time":6.3333,"x":1.4,"y":1.4},{"time":6.5},{"time":6.6667,"x":1.4,"y":1.4}]},"tu2":{"rotate":[{"angle":10.88,"curve":0.125,"c2":0.69,"c3":0.47,"c4":0.96},{"time":0.5333,"angle":0.02},{"time":1,"angle":10.88,"curve":0.125,"c2":0.69,"c3":0.47,"c4":0.96},{"time":1.5333,"angle":0.02},{"time":2,"angle":10.88,"curve":0.125,"c2":0.69,"c3":0.47,"c4":0.96},{"time":2.5333,"angle":0.02},{"time":3,"angle":10.88,"curve":0.125,"c2":0.69,"c3":0.47,"c4":0.96},{"time":3.5333,"angle":0.02},{"time":4,"angle":10.88,"curve":0.125,"c2":0.69,"c3":0.47,"c4":0.96},{"time":4.5333,"angle":0.02},{"time":5,"angle":10.88,"curve":0.125,"c2":0.69,"c3":0.47,"c4":0.96},{"time":5.5333,"angle":0.02},{"time":6,"angle":10.88,"curve":0.125,"c2":0.69,"c3":0.47,"c4":0.96},{"time":6.5333,"angle":0.02}],"translate":[{"x":-20.79,"y":3.46,"curve":0.125,"c2":0.69,"c3":0.47,"c4":0.96},{"time":0.5333,"x":38.11},{"time":1,"x":-20.79,"y":3.46,"curve":0.125,"c2":0.69,"c3":0.47,"c4":0.96},{"time":1.5333,"x":38.11},{"time":2,"x":-20.79,"y":3.46,"curve":0.125,"c2":0.69,"c3":0.47,"c4":0.96},{"time":2.5333,"x":38.11},{"time":3,"x":-20.79,"y":3.46,"curve":0.125,"c2":0.69,"c3":0.47,"c4":0.96},{"time":3.5333,"x":38.11},{"time":4,"x":-20.79,"y":3.46,"curve":0.125,"c2":0.69,"c3":0.47,"c4":0.96},{"time":4.5333,"x":38.11},{"time":5,"x":-20.79,"y":3.46,"curve":0.125,"c2":0.69,"c3":0.47,"c4":0.96},{"time":5.5333,"x":38.11},{"time":6,"x":-20.79,"y":3.46,"curve":0.125,"c2":0.69,"c3":0.47,"c4":0.96},{"time":6.5333,"x":38.11}],"scale":[{"x":0.613,"y":0.613,"curve":0.125,"c2":0.69,"c3":0.47,"c4":0.96},{"time":0.5333,"curve":"stepped"},{"time":1,"x":0.613,"y":0.613,"curve":0.125,"c2":0.69,"c3":0.47,"c4":0.96},{"time":1.5333,"curve":"stepped"},{"time":2,"x":0.613,"y":0.613,"curve":0.125,"c2":0.69,"c3":0.47,"c4":0.96},{"time":2.5333,"curve":"stepped"},{"time":3,"x":0.613,"y":0.613,"curve":0.125,"c2":0.69,"c3":0.47,"c4":0.96},{"time":3.5333,"curve":"stepped"},{"time":4,"x":0.613,"y":0.613,"curve":0.125,"c2":0.69,"c3":0.47,"c4":0.96},{"time":4.5333,"curve":"stepped"},{"time":5,"x":0.613,"y":0.613,"curve":0.125,"c2":0.69,"c3":0.47,"c4":0.96},{"time":5.5333,"curve":"stepped"},{"time":6,"x":0.613,"y":0.613,"curve":0.125,"c2":0.69,"c3":0.47,"c4":0.96},{"time":6.5333}]},"yinzhou":{"scale":[{},{"time":0.0667,"y":1.1},{"time":0.1333,"y":0.8},{"time":0.1667,"y":1.1},{"time":0.2333,"y":0.7},{"time":0.3,"y":1.1},{"time":0.3667,"y":0.6},{"time":0.4333,"y":1.1},{"time":0.5,"y":0.9},{"time":0.6333,"y":1.1},{"time":0.7,"y":0.8},{"time":0.7333,"y":1.1},{"time":0.8,"y":0.7},{"time":0.9333,"y":1.1},{"time":1},{"time":1.0667,"y":1.1},{"time":1.1333,"y":0.8},{"time":1.1667,"y":1.1},{"time":1.2333,"y":0.7},{"time":1.3,"y":1.1},{"time":1.3667,"y":0.6},{"time":1.4333,"y":1.1},{"time":1.5,"y":0.9},{"time":1.6333,"y":1.1},{"time":1.7,"y":0.8},{"time":1.7333,"y":1.1},{"time":1.8,"y":0.7},{"time":1.9333,"y":1.1},{"time":2},{"time":2.0667,"y":1.1},{"time":2.1333,"y":0.8},{"time":2.1667,"y":1.1},{"time":2.2333,"y":0.7},{"time":2.3,"y":1.1},{"time":2.3667,"y":0.6},{"time":2.4333,"y":1.1},{"time":2.5,"y":0.9},{"time":2.6333,"y":1.1},{"time":2.7,"y":0.8},{"time":2.7333,"y":1.1},{"time":2.8,"y":0.7},{"time":2.9333,"y":1.1},{"time":3},{"time":3.0667,"y":1.1},{"time":3.1333,"y":0.8},{"time":3.1667,"y":1.1},{"time":3.2333,"y":0.7},{"time":3.3,"y":1.1},{"time":3.3667,"y":0.6},{"time":3.4333,"y":1.1},{"time":3.5,"y":0.9},{"time":3.6333,"y":1.1},{"time":3.7,"y":0.8},{"time":3.7333,"y":1.1},{"time":3.8,"y":0.7},{"time":3.9333,"y":1.1},{"time":4},{"time":4.0667,"y":1.1},{"time":4.1333,"y":0.8},{"time":4.1667,"y":1.1},{"time":4.2333,"y":0.7},{"time":4.3,"y":1.1},{"time":4.3667,"y":0.6},{"time":4.4333,"y":1.1},{"time":4.5,"y":0.9},{"time":4.6333,"y":1.1},{"time":4.7,"y":0.8},{"time":4.7333,"y":1.1},{"time":4.8,"y":0.7},{"time":4.9333,"y":1.1},{"time":5},{"time":5.0667,"y":1.1},{"time":5.1333,"y":0.8},{"time":5.1667,"y":1.1},{"time":5.2333,"y":0.7},{"time":5.3,"y":1.1},{"time":5.3667,"y":0.6},{"time":5.4333,"y":1.1},{"time":5.5,"y":0.9},{"time":5.6333,"y":1.1},{"time":5.7,"y":0.8},{"time":5.7333,"y":1.1},{"time":5.8,"y":0.7},{"time":5.9333,"y":1.1},{"time":6},{"time":6.0667,"y":1.1},{"time":6.1333,"y":0.8},{"time":6.1667,"y":1.1},{"time":6.2333,"y":0.7},{"time":6.3,"y":1.1},{"time":6.3667,"y":0.6},{"time":6.4333,"y":1.1},{"time":6.5,"y":0.9},{"time":6.6,"y":1.1},{"time":6.6667}]},"yinzhou2":{"scale":[{"y":0.9},{"time":0.0333,"y":1.1},{"time":0.1333,"y":0.6},{"time":0.2,"y":1.1},{"time":0.3,"y":0.9},{"time":0.4333,"y":1.1},{"time":0.5},{"time":0.6,"y":1.1},{"time":0.6667,"y":0.8},{"time":0.7,"y":1.1},{"time":0.8,"y":0.7},{"time":0.8667,"y":1.1},{"time":0.9667,"y":0.6},{"time":1.0667,"y":1.1},{"time":1.1333,"y":0.9},{"time":1.3,"y":1.1},{"time":1.4,"y":0.8},{"time":1.4333,"y":1.1},{"time":1.5,"y":0.7},{"time":1.6667,"y":1.1},{"time":1.7667},{"time":1.8667,"y":1.1},{"time":1.9333,"y":0.8},{"time":1.9667,"y":1.1},{"time":2.0667,"y":0.7},{"time":2.1333,"y":1.1},{"time":2.2333,"y":0.6},{"time":2.3,"y":1.1},{"time":2.4,"y":0.9},{"time":2.5667,"y":1.1},{"time":2.6333,"y":0.8},{"time":2.7,"y":1.1},{"time":2.7667,"y":0.7},{"time":2.9333,"y":1.1},{"time":3.0333},{"time":3.1,"y":1.1},{"time":3.2,"y":0.8},{"time":3.2333,"y":1.1},{"time":3.3333,"y":0.7},{"time":3.4,"y":1.1},{"time":3.5,"y":0.6},{"time":3.5667,"y":1.1},{"time":3.6667,"y":0.9},{"time":3.8333,"y":1.1},{"time":3.9,"y":0.8},{"time":3.9667,"y":1.1},{"time":4.0333,"y":0.7},{"time":4.2,"y":1.1},{"time":4.3},{"time":4.3667,"y":1.1},{"time":4.4667,"y":0.8},{"time":4.5,"y":1.1},{"time":4.6,"y":0.7},{"time":4.6667,"y":1.1},{"time":4.7667,"y":0.6},{"time":4.8333,"y":1.1},{"time":4.9333,"y":0.9},{"time":5.1,"y":1.1},{"time":5.1667,"y":0.8},{"time":5.2,"y":1.1},{"time":5.3,"y":0.7},{"time":5.4667,"y":1.1},{"time":5.5667},{"time":5.6333,"y":1.1},{"time":5.7333,"y":0.8},{"time":5.7667,"y":1.1},{"time":5.8333,"y":0.7},{"time":5.9333,"y":1.1},{"time":6,"y":0.6},{"time":6.1,"y":1.1},{"time":6.1667,"y":0.9},{"time":6.3667,"y":1.1},{"time":6.4333,"y":0.8},{"time":6.4667,"y":1.1},{"time":6.5667,"y":0.7},{"time":6.6667,"y":0.9}]},"yinzhou3":{"scale":[{"y":1.1},{"time":0.1},{"time":0.1667,"y":1.1},{"time":0.2667,"y":0.8},{"time":0.3,"y":1.1},{"time":0.3667,"y":0.7},{"time":0.4667,"y":1.1},{"time":0.5333,"y":0.6},{"time":0.6333,"y":1.1},{"time":0.7,"y":0.9},{"time":0.8333,"y":1.1},{"time":0.9333},{"time":1,"y":1.1},{"time":1.1,"y":0.8},{"time":1.1333,"y":1.1},{"time":1.2,"y":0.7},{"time":1.3,"y":1.1},{"time":1.3667,"y":0.6},{"time":1.4667,"y":1.1},{"time":1.5333,"y":0.9},{"time":1.7,"y":1.1},{"time":1.8,"y":0.8},{"time":1.8333,"y":1.1},{"time":1.9333,"y":0.7},{"time":2.1,"y":1.1},{"time":2.1667},{"time":2.2667,"y":1.1},{"time":2.3333,"y":0.8},{"time":2.3667,"y":1.1},{"time":2.4667,"y":0.7},{"time":2.5333,"y":1.1},{"time":2.6333,"y":0.6},{"time":2.7,"y":1.1},{"time":2.8,"y":0.9},{"time":2.9667,"y":1.1},{"time":3.0333,"y":0.8},{"time":3.1,"y":1.1},{"time":3.1667,"y":0.7},{"time":3.3333,"y":1.1},{"time":3.4333},{"time":3.5,"y":1.1},{"time":3.6,"y":0.8},{"time":3.6333,"y":1.1},{"time":3.7,"y":0.7},{"time":3.8,"y":1.1},{"time":3.8667,"y":0.6},{"time":3.9667,"y":1.1},{"time":4.0333,"y":0.9},{"time":4.2,"y":1.1},{"time":4.3,"y":0.8},{"time":4.3333,"y":1.1},{"time":4.4333,"y":0.7},{"time":4.6,"y":1.1},{"time":4.6667},{"time":4.7667,"y":1.1},{"time":4.8333,"y":0.8},{"time":4.8667,"y":1.1},{"time":4.9667,"y":0.7},{"time":5.0333,"y":1.1},{"time":5.1333,"y":0.6},{"time":5.2,"y":1.1},{"time":5.3,"y":0.9},{"time":5.4667,"y":1.1},{"time":5.5333,"y":0.8},{"time":5.6,"y":1.1},{"time":5.6667,"y":0.7},{"time":5.8333,"y":1.1},{"time":5.9333},{"time":6,"y":1.1},{"time":6.1,"y":0.8},{"time":6.1333,"y":1.1},{"time":6.2,"y":0.7},{"time":6.3,"y":1.1},{"time":6.3667,"y":0.6},{"time":6.4667,"y":1.1},{"time":6.5333,"y":0.9},{"time":6.6667,"y":1.1}]}}},"xh_cx":{"slots":{"tu":{"color":[{"color":"ffffff00"}]},"tu2":{"color":[{"color":"ffffff00"}]}},"bones":{"win":{"scale":[{"x":0,"y":0,"curve":"stepped"},{"time":0.1333,"x":0.3,"y":0.3,"curve":0.184,"c2":0.45,"c3":0.75},{"time":0.3,"x":1.1,"y":1.1,"curve":0.073,"c2":0.3,"c3":0.743,"c4":0.96},{"time":0.4667,"x":0.95,"y":0.95,"curve":0.073,"c2":0.3,"c3":0.743,"c4":0.96},{"time":0.6333,"x":1.02,"y":1.02,"curve":0.073,"c2":0.3,"c3":0.743,"c4":0.96},{"time":0.8}]},"laba":{"scale":[{},{"time":0.1667,"x":1.4,"y":1.4},{"time":0.3333},{"time":0.5,"x":1.4,"y":1.4},{"time":0.6667},{"time":0.8333,"x":1.4,"y":1.4}]},"tu":{"scale":[{"x":0.401,"y":0.401}]},"jiqi":{"translate":[{"y":4.64,"curve":0.25,"c3":0.75},{"time":0.8333}],"scale":[{"x":0.3,"y":0.3,"curve":0.236,"c2":0.86,"c3":0.75},{"time":0.2,"x":1.1,"y":1.1,"curve":0.646,"c2":0.04,"c3":0.743,"c4":0.96},{"time":0.4333,"x":0.95,"y":0.95,"curve":0.073,"c2":0.3,"c3":0.743,"c4":0.96},{"time":0.6333,"x":1.091,"y":1.091,"curve":0.073,"c2":0.3,"c3":0.743,"c4":0.96},{"time":0.8333}]},"yinzhou":{"scale":[{},{"time":0.0667,"y":1.087},{"time":0.1333,"y":0.957},{"time":0.1667,"y":1.087},{"time":0.2333,"y":0.957},{"time":0.3,"y":1.087},{"time":0.3667,"y":0.957},{"time":0.4333,"y":1.087},{"time":0.5,"y":0.957},{"time":0.5667,"y":1.087},{"time":0.6333,"y":0.957},{"time":0.6667,"y":1.087},{"time":0.7333,"y":0.957},{"time":0.8333}]},"laba2":{"scale":[{},{"time":0.1667,"x":1.4,"y":1.4},{"time":0.3333},{"time":0.5,"x":1.4,"y":1.4},{"time":0.6667},{"time":0.8333,"x":1.4,"y":1.4}]},"tu2":{"scale":[{"x":0.401,"y":0.401}]},"yinzhou2":{"scale":[{},{"time":0.0667,"y":1.087},{"time":0.1333,"y":0.957},{"time":0.1667,"y":1.087},{"time":0.2333,"y":0.957},{"time":0.3,"y":1.087},{"time":0.3667,"y":0.957},{"time":0.4333,"y":1.087},{"time":0.5,"y":0.957},{"time":0.5667,"y":1.087},{"time":0.6333,"y":0.957},{"time":0.6667,"y":1.087},{"time":0.7333,"y":0.957},{"time":0.8333}]},"yinzhou3":{"scale":[{},{"time":0.0667,"y":1.087},{"time":0.1333,"y":0.957},{"time":0.1667,"y":1.087},{"time":0.2333,"y":0.957},{"time":0.3,"y":1.087},{"time":0.3667,"y":0.957},{"time":0.4333,"y":1.087},{"time":0.5,"y":0.957},{"time":0.5667,"y":1.087},{"time":0.6333,"y":0.957},{"time":0.6667,"y":1.087},{"time":0.7333,"y":0.957},{"time":0.8333}]}}},"xh_xh":{"slots":{"tu":{"color":[{"color":"ffffff00","curve":0.146,"c2":0.39,"c3":0.75},{"time":0.1,"color":"ffffffff","curve":"stepped"},{"time":0.3333,"color":"ffffffff"},{"time":0.6333,"color":"ffffff00","curve":"stepped"},{"time":0.9667,"color":"ffffff00","curve":0.146,"c2":0.39,"c3":0.75},{"time":1.0667,"color":"ffffffff","curve":"stepped"},{"time":1.3,"color":"ffffffff"},{"time":1.6,"color":"ffffff00","curve":"stepped"},{"time":1.9333,"color":"ffffff00","curve":0.146,"c2":0.39,"c3":0.75},{"time":2.0333,"color":"ffffffff","curve":"stepped"},{"time":2.2667,"color":"ffffffff"},{"time":2.5667,"color":"ffffff00","curve":"stepped"},{"time":2.9,"color":"ffffff00","curve":0.146,"c2":0.39,"c3":0.75},{"time":3,"color":"ffffffff","curve":"stepped"},{"time":3.2333,"color":"ffffffff"},{"time":3.5333,"color":"ffffff00","curve":"stepped"},{"time":3.8667,"color":"ffffff00","curve":0.146,"c2":0.39,"c3":0.75},{"time":3.9667,"color":"ffffffff","curve":"stepped"},{"time":4.2,"color":"ffffffff"},{"time":4.5,"color":"ffffff00","curve":"stepped"},{"time":4.8333,"color":"ffffff00","curve":0.146,"c2":0.39,"c3":0.75},{"time":4.9333,"color":"ffffffff","curve":"stepped"},{"time":5.1667,"color":"ffffffff"},{"time":5.4667,"color":"ffffff00","curve":"stepped"},{"time":5.8,"color":"ffffff00","curve":0.146,"c2":0.39,"c3":0.75},{"time":5.9,"color":"ffffffff","curve":"stepped"},{"time":6.1333,"color":"ffffffff"},{"time":6.4333,"color":"ffffff00"}]},"tu2":{"color":[{"color":"ffffff00","curve":0.146,"c2":0.39,"c3":0.75},{"time":0.1,"color":"ffffffff","curve":"stepped"},{"time":0.3333,"color":"ffffffff"},{"time":0.6333,"color":"ffffff00","curve":"stepped"},{"time":0.9667,"color":"ffffff00","curve":0.146,"c2":0.39,"c3":0.75},{"time":1.0667,"color":"ffffffff","curve":"stepped"},{"time":1.3,"color":"ffffffff"},{"time":1.6,"color":"ffffff00","curve":"stepped"},{"time":1.9333,"color":"ffffff00","curve":0.146,"c2":0.39,"c3":0.75},{"time":2.0333,"color":"ffffffff","curve":"stepped"},{"time":2.2667,"color":"ffffffff"},{"time":2.5667,"color":"ffffff00","curve":"stepped"},{"time":2.9,"color":"ffffff00","curve":0.146,"c2":0.39,"c3":0.75},{"time":3,"color":"ffffffff","curve":"stepped"},{"time":3.2333,"color":"ffffffff"},{"time":3.5333,"color":"ffffff00","curve":"stepped"},{"time":3.8667,"color":"ffffff00","curve":0.146,"c2":0.39,"c3":0.75},{"time":3.9667,"color":"ffffffff","curve":"stepped"},{"time":4.2,"color":"ffffffff"},{"time":4.5,"color":"ffffff00","curve":"stepped"},{"time":4.8333,"color":"ffffff00","curve":0.146,"c2":0.39,"c3":0.75},{"time":4.9333,"color":"ffffffff","curve":"stepped"},{"time":5.1667,"color":"ffffffff"},{"time":5.4667,"color":"ffffff00","curve":"stepped"},{"time":5.8,"color":"ffffff00","curve":0.146,"c2":0.39,"c3":0.75},{"time":5.9,"color":"ffffffff","curve":"stepped"},{"time":6.1333,"color":"ffffffff"},{"time":6.4333,"color":"ffffff00"}]}},"bones":{"laba":{"scale":[{"x":1.4,"y":1.4},{"time":0.1667},{"time":0.3333,"x":1.4,"y":1.4},{"time":0.5},{"time":0.6667,"x":1.4,"y":1.4},{"time":0.8333},{"time":1,"x":1.4,"y":1.4},{"time":1.1667},{"time":1.3333,"x":1.4,"y":1.4},{"time":1.5},{"time":1.6667,"x":1.4,"y":1.4},{"time":1.8333},{"time":2,"x":1.4,"y":1.4},{"time":2.1667},{"time":2.3333,"x":1.4,"y":1.4},{"time":2.5},{"time":2.6667,"x":1.4,"y":1.4},{"time":2.8333},{"time":3,"x":1.4,"y":1.4},{"time":3.1667},{"time":3.3333,"x":1.4,"y":1.4},{"time":3.5},{"time":3.6667,"x":1.4,"y":1.4},{"time":3.8333},{"time":4,"x":1.4,"y":1.4},{"time":4.1667},{"time":4.3333,"x":1.4,"y":1.4},{"time":4.5},{"time":4.6667,"x":1.4,"y":1.4},{"time":4.8333},{"time":5,"x":1.4,"y":1.4},{"time":5.1667},{"time":5.3333,"x":1.4,"y":1.4},{"time":5.5},{"time":5.6667,"x":1.4,"y":1.4},{"time":5.8333},{"time":6,"x":1.4,"y":1.4},{"time":6.1667},{"time":6.3333,"x":1.4,"y":1.4},{"time":6.5},{"time":6.6667,"x":1.4,"y":1.4}]},"tu":{"rotate":[{"angle":-13,"curve":0.125,"c2":0.69,"c3":0.47,"c4":0.96},{"time":0.5333,"curve":"stepped"},{"time":0.9667,"angle":-13,"curve":0.125,"c2":0.69,"c3":0.47,"c4":0.96},{"time":1.5,"curve":"stepped"},{"time":1.9333,"angle":-13,"curve":0.125,"c2":0.69,"c3":0.47,"c4":0.96},{"time":2.4667,"curve":"stepped"},{"time":2.9,"angle":-13,"curve":0.125,"c2":0.69,"c3":0.47,"c4":0.96},{"time":3.4333,"curve":"stepped"},{"time":3.8667,"angle":-13,"curve":0.125,"c2":0.69,"c3":0.47,"c4":0.96},{"time":4.4,"curve":"stepped"},{"time":4.8333,"angle":-13,"curve":0.125,"c2":0.69,"c3":0.47,"c4":0.96},{"time":5.3667,"curve":"stepped"},{"time":5.8,"angle":-13,"curve":0.125,"c2":0.69,"c3":0.47,"c4":0.96},{"time":6.3333}],"translate":[{"x":43.9,"y":2.74,"curve":0.125,"c2":0.69,"c3":0.47,"c4":0.96},{"time":0.5333,"x":-18.1,"y":0.34,"curve":"stepped"},{"time":0.9667,"x":43.9,"y":2.74,"curve":0.125,"c2":0.69,"c3":0.47,"c4":0.96},{"time":1.5,"x":-18.1,"y":0.34,"curve":"stepped"},{"time":1.9333,"x":43.9,"y":2.74,"curve":0.125,"c2":0.69,"c3":0.47,"c4":0.96},{"time":2.4667,"x":-18.1,"y":0.34,"curve":"stepped"},{"time":2.9,"x":43.9,"y":2.74,"curve":0.125,"c2":0.69,"c3":0.47,"c4":0.96},{"time":3.4333,"x":-18.1,"y":0.34,"curve":"stepped"},{"time":3.8667,"x":43.9,"y":2.74,"curve":0.125,"c2":0.69,"c3":0.47,"c4":0.96},{"time":4.4,"x":-18.1,"y":0.34,"curve":"stepped"},{"time":4.8333,"x":43.9,"y":2.74,"curve":0.125,"c2":0.69,"c3":0.47,"c4":0.96},{"time":5.3667,"x":-18.1,"y":0.34,"curve":"stepped"},{"time":5.8,"x":43.9,"y":2.74,"curve":0.125,"c2":0.69,"c3":0.47,"c4":0.96},{"time":6.3333,"x":-18.1,"y":0.34}],"scale":[{"x":0.613,"y":0.613,"curve":0.125,"c2":0.69,"c3":0.47,"c4":0.96},{"time":0.5333,"curve":"stepped"},{"time":0.9667,"x":0.613,"y":0.613,"curve":0.125,"c2":0.69,"c3":0.47,"c4":0.96},{"time":1.5,"curve":"stepped"},{"time":1.9333,"x":0.613,"y":0.613,"curve":0.125,"c2":0.69,"c3":0.47,"c4":0.96},{"time":2.4667,"curve":"stepped"},{"time":2.9,"x":0.613,"y":0.613,"curve":0.125,"c2":0.69,"c3":0.47,"c4":0.96},{"time":3.4333,"curve":"stepped"},{"time":3.8667,"x":0.613,"y":0.613,"curve":0.125,"c2":0.69,"c3":0.47,"c4":0.96},{"time":4.4,"curve":"stepped"},{"time":4.8333,"x":0.613,"y":0.613,"curve":0.125,"c2":0.69,"c3":0.47,"c4":0.96},{"time":5.3667,"curve":"stepped"},{"time":5.8,"x":0.613,"y":0.613,"curve":0.125,"c2":0.69,"c3":0.47,"c4":0.96},{"time":6.3333}]},"jiqi":{"scale":[{},{"time":0.1667,"x":1.07,"y":1.07},{"time":0.3333},{"time":0.5,"x":1.07,"y":1.07},{"time":0.6667},{"time":0.8333,"x":1.07,"y":1.07},{"time":1},{"time":1.1667,"x":1.07,"y":1.07},{"time":1.3333},{"time":1.5,"x":1.07,"y":1.07},{"time":1.6667},{"time":1.8333,"x":1.07,"y":1.07},{"time":2},{"time":2.1667,"x":1.07,"y":1.07},{"time":2.3333},{"time":2.5,"x":1.07,"y":1.07},{"time":2.6667},{"time":2.8333,"x":1.07,"y":1.07},{"time":3},{"time":3.1667,"x":1.07,"y":1.07},{"time":3.3333},{"time":3.5,"x":1.07,"y":1.07},{"time":3.6667},{"time":3.8333,"x":1.07,"y":1.07},{"time":4},{"time":4.1667,"x":1.07,"y":1.07},{"time":4.3333},{"time":4.5,"x":1.07,"y":1.07},{"time":4.6667},{"time":4.8333,"x":1.07,"y":1.07},{"time":5},{"time":5.1667,"x":1.07,"y":1.07},{"time":5.3333},{"time":5.5,"x":1.07,"y":1.07},{"time":5.6667},{"time":5.8333,"x":1.07,"y":1.07},{"time":6},{"time":6.1667,"x":1.07,"y":1.07},{"time":6.3333},{"time":6.5,"x":1.07,"y":1.07},{"time":6.6667}]},"laba2":{"scale":[{"x":1.4,"y":1.4},{"time":0.1667},{"time":0.3333,"x":1.4,"y":1.4},{"time":0.5},{"time":0.6667,"x":1.4,"y":1.4},{"time":0.8333},{"time":1,"x":1.4,"y":1.4},{"time":1.1667},{"time":1.3333,"x":1.4,"y":1.4},{"time":1.5},{"time":1.6667,"x":1.4,"y":1.4},{"time":1.8333},{"time":2,"x":1.4,"y":1.4},{"time":2.1667},{"time":2.3333,"x":1.4,"y":1.4},{"time":2.5},{"time":2.6667,"x":1.4,"y":1.4},{"time":2.8333},{"time":3,"x":1.4,"y":1.4},{"time":3.1667},{"time":3.3333,"x":1.4,"y":1.4},{"time":3.5},{"time":3.6667,"x":1.4,"y":1.4},{"time":3.8333},{"time":4,"x":1.4,"y":1.4},{"time":4.1667},{"time":4.3333,"x":1.4,"y":1.4},{"time":4.5},{"time":4.6667,"x":1.4,"y":1.4},{"time":4.8333},{"time":5,"x":1.4,"y":1.4},{"time":5.1667},{"time":5.3333,"x":1.4,"y":1.4},{"time":5.5},{"time":5.6667,"x":1.4,"y":1.4},{"time":5.8333},{"time":6,"x":1.4,"y":1.4},{"time":6.1667},{"time":6.3333,"x":1.4,"y":1.4},{"time":6.5},{"time":6.6667,"x":1.4,"y":1.4}]},"tu2":{"rotate":[{"angle":10.88,"curve":0.125,"c2":0.69,"c3":0.47,"c4":0.96},{"time":0.5333,"angle":0.02},{"time":0.9667,"angle":10.88,"curve":0.125,"c2":0.69,"c3":0.47,"c4":0.96},{"time":1.5,"angle":0.02},{"time":1.9333,"angle":10.88,"curve":0.125,"c2":0.69,"c3":0.47,"c4":0.96},{"time":2.4667,"angle":0.02},{"time":2.9,"angle":10.88,"curve":0.125,"c2":0.69,"c3":0.47,"c4":0.96},{"time":3.4333,"angle":0.02},{"time":3.8667,"angle":10.88,"curve":0.125,"c2":0.69,"c3":0.47,"c4":0.96},{"time":4.4,"angle":0.02},{"time":4.8333,"angle":10.88,"curve":0.125,"c2":0.69,"c3":0.47,"c4":0.96},{"time":5.3667,"angle":0.02},{"time":5.8,"angle":10.88,"curve":0.125,"c2":0.69,"c3":0.47,"c4":0.96},{"time":6.3333,"angle":0.02}],"translate":[{"x":-20.79,"y":3.46,"curve":0.125,"c2":0.69,"c3":0.47,"c4":0.96},{"time":0.5333,"x":38.11},{"time":0.9667,"x":-20.79,"y":3.46,"curve":0.125,"c2":0.69,"c3":0.47,"c4":0.96},{"time":1.5,"x":38.11},{"time":1.9333,"x":-20.79,"y":3.46,"curve":0.125,"c2":0.69,"c3":0.47,"c4":0.96},{"time":2.4667,"x":38.11},{"time":2.9,"x":-20.79,"y":3.46,"curve":0.125,"c2":0.69,"c3":0.47,"c4":0.96},{"time":3.4333,"x":38.11},{"time":3.8667,"x":-20.79,"y":3.46,"curve":0.125,"c2":0.69,"c3":0.47,"c4":0.96},{"time":4.4,"x":38.11},{"time":4.8333,"x":-20.79,"y":3.46,"curve":0.125,"c2":0.69,"c3":0.47,"c4":0.96},{"time":5.3667,"x":38.11},{"time":5.8,"x":-20.79,"y":3.46,"curve":0.125,"c2":0.69,"c3":0.47,"c4":0.96},{"time":6.3333,"x":38.11}],"scale":[{"x":0.613,"y":0.613,"curve":0.125,"c2":0.69,"c3":0.47,"c4":0.96},{"time":0.5333,"curve":"stepped"},{"time":0.9667,"x":0.613,"y":0.613,"curve":0.125,"c2":0.69,"c3":0.47,"c4":0.96},{"time":1.5,"curve":"stepped"},{"time":1.9333,"x":0.613,"y":0.613,"curve":0.125,"c2":0.69,"c3":0.47,"c4":0.96},{"time":2.4667,"curve":"stepped"},{"time":2.9,"x":0.613,"y":0.613,"curve":0.125,"c2":0.69,"c3":0.47,"c4":0.96},{"time":3.4333,"curve":"stepped"},{"time":3.8667,"x":0.613,"y":0.613,"curve":0.125,"c2":0.69,"c3":0.47,"c4":0.96},{"time":4.4,"curve":"stepped"},{"time":4.8333,"x":0.613,"y":0.613,"curve":0.125,"c2":0.69,"c3":0.47,"c4":0.96},{"time":5.3667,"curve":"stepped"},{"time":5.8,"x":0.613,"y":0.613,"curve":0.125,"c2":0.69,"c3":0.47,"c4":0.96},{"time":6.3333}]},"yinzhou":{"scale":[{},{"time":0.0667,"y":1.1},{"time":0.1333,"y":0.8},{"time":0.1667,"y":1.1},{"time":0.2333,"y":0.7},{"time":0.3,"y":1.1},{"time":0.3667,"y":0.6},{"time":0.4333,"y":1.1},{"time":0.5,"y":0.9},{"time":0.6333,"y":1.1},{"time":0.7,"y":0.8},{"time":0.7333,"y":1.1},{"time":0.8,"y":0.7},{"time":0.9333,"y":1.1},{"time":1},{"time":1.0667,"y":1.1},{"time":1.1333,"y":0.8},{"time":1.1667,"y":1.1},{"time":1.2333,"y":0.7},{"time":1.3,"y":1.1},{"time":1.3667,"y":0.6},{"time":1.4333,"y":1.1},{"time":1.5,"y":0.9},{"time":1.6333,"y":1.1},{"time":1.7,"y":0.8},{"time":1.7333,"y":1.1},{"time":1.8,"y":0.7},{"time":1.9333,"y":1.1},{"time":2},{"time":2.0667,"y":1.1},{"time":2.1333,"y":0.8},{"time":2.1667,"y":1.1},{"time":2.2333,"y":0.7},{"time":2.3,"y":1.1},{"time":2.3667,"y":0.6},{"time":2.4333,"y":1.1},{"time":2.5,"y":0.9},{"time":2.6333,"y":1.1},{"time":2.7,"y":0.8},{"time":2.7333,"y":1.1},{"time":2.8,"y":0.7},{"time":2.9333,"y":1.1},{"time":3},{"time":3.0667,"y":1.1},{"time":3.1333,"y":0.8},{"time":3.1667,"y":1.1},{"time":3.2333,"y":0.7},{"time":3.3,"y":1.1},{"time":3.3667,"y":0.6},{"time":3.4333,"y":1.1},{"time":3.5,"y":0.9},{"time":3.6333,"y":1.1},{"time":3.7,"y":0.8},{"time":3.7333,"y":1.1},{"time":3.8,"y":0.7},{"time":3.9333,"y":1.1},{"time":4},{"time":4.0667,"y":1.1},{"time":4.1333,"y":0.8},{"time":4.1667,"y":1.1},{"time":4.2333,"y":0.7},{"time":4.3,"y":1.1},{"time":4.3667,"y":0.6},{"time":4.4333,"y":1.1},{"time":4.5,"y":0.9},{"time":4.6333,"y":1.1},{"time":4.7,"y":0.8},{"time":4.7333,"y":1.1},{"time":4.8,"y":0.7},{"time":4.9333,"y":1.1},{"time":5},{"time":5.0667,"y":1.1},{"time":5.1333,"y":0.8},{"time":5.1667,"y":1.1},{"time":5.2333,"y":0.7},{"time":5.3,"y":1.1},{"time":5.3667,"y":0.6},{"time":5.4333,"y":1.1},{"time":5.5,"y":0.9},{"time":5.6333,"y":1.1},{"time":5.7,"y":0.8},{"time":5.7333,"y":1.1},{"time":5.8,"y":0.7},{"time":5.9333,"y":1.1},{"time":6},{"time":6.0667,"y":1.1},{"time":6.1333,"y":0.8},{"time":6.1667,"y":1.1},{"time":6.2333,"y":0.7},{"time":6.3,"y":1.1},{"time":6.3667,"y":0.6},{"time":6.4333,"y":1.1},{"time":6.5,"y":0.9},{"time":6.6,"y":1.1},{"time":6.6667}]},"yinzhou2":{"scale":[{"y":0.9},{"time":0.0333,"y":1.1},{"time":0.1333,"y":0.6},{"time":0.2,"y":1.1},{"time":0.3,"y":0.9},{"time":0.4333,"y":1.1},{"time":0.5},{"time":0.6,"y":1.1},{"time":0.6667,"y":0.8},{"time":0.7,"y":1.1},{"time":0.8,"y":0.7},{"time":0.8667,"y":1.1},{"time":0.9667,"y":0.6},{"time":1.0667,"y":1.1},{"time":1.1333,"y":0.9},{"time":1.3,"y":1.1},{"time":1.4,"y":0.8},{"time":1.4333,"y":1.1},{"time":1.5,"y":0.7},{"time":1.6667,"y":1.1},{"time":1.7667},{"time":1.8667,"y":1.1},{"time":1.9333,"y":0.8},{"time":1.9667,"y":1.1},{"time":2.0667,"y":0.7},{"time":2.1333,"y":1.1},{"time":2.2333,"y":0.6},{"time":2.3,"y":1.1},{"time":2.4,"y":0.9},{"time":2.5667,"y":1.1},{"time":2.6333,"y":0.8},{"time":2.7,"y":1.1},{"time":2.7667,"y":0.7},{"time":2.9333,"y":1.1},{"time":3.0333},{"time":3.1,"y":1.1},{"time":3.2,"y":0.8},{"time":3.2333,"y":1.1},{"time":3.3333,"y":0.7},{"time":3.4,"y":1.1},{"time":3.5,"y":0.6},{"time":3.5667,"y":1.1},{"time":3.6667,"y":0.9},{"time":3.8333,"y":1.1},{"time":3.9,"y":0.8},{"time":3.9667,"y":1.1},{"time":4.0333,"y":0.7},{"time":4.2,"y":1.1},{"time":4.3},{"time":4.3667,"y":1.1},{"time":4.4667,"y":0.8},{"time":4.5,"y":1.1},{"time":4.6,"y":0.7},{"time":4.6667,"y":1.1},{"time":4.7667,"y":0.6},{"time":4.8333,"y":1.1},{"time":4.9333,"y":0.9},{"time":5.1,"y":1.1},{"time":5.1667,"y":0.8},{"time":5.2,"y":1.1},{"time":5.3,"y":0.7},{"time":5.4667,"y":1.1},{"time":5.5667},{"time":5.6333,"y":1.1},{"time":5.7333,"y":0.8},{"time":5.7667,"y":1.1},{"time":5.8333,"y":0.7},{"time":5.9333,"y":1.1},{"time":6,"y":0.6},{"time":6.1,"y":1.1},{"time":6.1667,"y":0.9},{"time":6.3667,"y":1.1},{"time":6.4333,"y":0.8},{"time":6.4667,"y":1.1},{"time":6.5667,"y":0.7},{"time":6.6667,"y":0.9}]},"yinzhou3":{"scale":[{"y":1.1},{"time":0.1},{"time":0.1667,"y":1.1},{"time":0.2667,"y":0.8},{"time":0.3,"y":1.1},{"time":0.3667,"y":0.7},{"time":0.4667,"y":1.1},{"time":0.5333,"y":0.6},{"time":0.6333,"y":1.1},{"time":0.7,"y":0.9},{"time":0.8333,"y":1.1},{"time":0.9333},{"time":1,"y":1.1},{"time":1.1,"y":0.8},{"time":1.1333,"y":1.1},{"time":1.2,"y":0.7},{"time":1.3,"y":1.1},{"time":1.3667,"y":0.6},{"time":1.4667,"y":1.1},{"time":1.5333,"y":0.9},{"time":1.7,"y":1.1},{"time":1.8,"y":0.8},{"time":1.8333,"y":1.1},{"time":1.9333,"y":0.7},{"time":2.1,"y":1.1},{"time":2.1667},{"time":2.2667,"y":1.1},{"time":2.3333,"y":0.8},{"time":2.3667,"y":1.1},{"time":2.4667,"y":0.7},{"time":2.5333,"y":1.1},{"time":2.6333,"y":0.6},{"time":2.7,"y":1.1},{"time":2.8,"y":0.9},{"time":2.9667,"y":1.1},{"time":3.0333,"y":0.8},{"time":3.1,"y":1.1},{"time":3.1667,"y":0.7},{"time":3.3333,"y":1.1},{"time":3.4333},{"time":3.5,"y":1.1},{"time":3.6,"y":0.8},{"time":3.6333,"y":1.1},{"time":3.7,"y":0.7},{"time":3.8,"y":1.1},{"time":3.8667,"y":0.6},{"time":3.9667,"y":1.1},{"time":4.0333,"y":0.9},{"time":4.2,"y":1.1},{"time":4.3,"y":0.8},{"time":4.3333,"y":1.1},{"time":4.4333,"y":0.7},{"time":4.6,"y":1.1},{"time":4.6667},{"time":4.7667,"y":1.1},{"time":4.8333,"y":0.8},{"time":4.8667,"y":1.1},{"time":4.9667,"y":0.7},{"time":5.0333,"y":1.1},{"time":5.1333,"y":0.6},{"time":5.2,"y":1.1},{"time":5.3,"y":0.9},{"time":5.4667,"y":1.1},{"time":5.5333,"y":0.8},{"time":5.6,"y":1.1},{"time":5.6667,"y":0.7},{"time":5.8333,"y":1.1},{"time":5.9333},{"time":6,"y":1.1},{"time":6.1,"y":0.8},{"time":6.1333,"y":1.1},{"time":6.2,"y":0.7},{"time":6.3,"y":1.1},{"time":6.3667,"y":0.6},{"time":6.4667,"y":1.1},{"time":6.5333,"y":0.9},{"time":6.6667,"y":1.1}]}}}}}