{"skeleton":{"hash":"niWPbD1ORWrtC9GL9cTXBMVu3qE","spine":"3.8.99","x":-1697.78,"y":-1134.02,"width":3395.55,"height":2273.89},"bones":[{"name":"root"},{"name":"SPEEDY","parent":"root","x":9.21,"y":93.85},{"name":"CASH","parent":"root","x":-20.68,"y":-38.28},{"name":"zi","parent":"root","x":303.36,"y":1.05},{"name":"X","parent":"root","x":-6.52,"y":1.05},{"name":"tujuzi","parent":"root","x":-321.12,"y":-54.01},{"name":"tuyingtao","parent":"root","x":385.16,"y":-101.2},{"name":"kuang","parent":"root","x":-9.66,"y":-197.15},{"name":"tuowei","parent":"root","length":60.97,"rotation":180,"x":240.43,"y":-13.92},{"name":"gt","parent":"root","rotation":180.5,"scaleX":7.4275,"scaleY":9.2252},{"name":"bone","parent":"root"},{"name":"xiankuai","parent":"bone"},{"name":"xiankuai2","parent":"bone"},{"name":"xiankuai3","parent":"bone"},{"name":"xiankuai4","parent":"bone"},{"name":"xiankuai5","parent":"bone"},{"name":"xian","parent":"bone","scaleY":0.3904},{"name":"xian2","parent":"bone","scaleY":0.3904},{"name":"xian3","parent":"bone","scaleY":0.3904},{"name":"xian4","parent":"bone","scaleY":0.3904},{"name":"xian5","parent":"bone","scaleY":0.3904},{"name":"SPEEDY2","parent":"root","x":9.21,"y":93.85},{"name":"SPEEDY3","parent":"root","x":9.21,"y":93.85},{"name":"SPEEDY4","parent":"root","x":9.21,"y":93.85},{"name":"SPEEDY5","parent":"root","x":9.21,"y":93.85},{"name":"SPEEDY6","parent":"root","x":9.21,"y":93.85},{"name":"CASH2","parent":"root","x":-20.68,"y":-38.28},{"name":"CASH3","parent":"root","x":-20.68,"y":-38.28},{"name":"CASH4","parent":"root","x":-20.68,"y":-38.28},{"name":"boom","parent":"root"}],"slots":[{"name":"hei","bone":"root","attachment":"hei"},{"name":"gt01","bone":"gt","blend":"additive"},{"name":"tuowei","bone":"tuowei","attachment":"tuowei","blend":"additive"},{"name":"xiankuai","bone":"xiankuai","blend":"additive"},{"name":"xiankuai5","bone":"xiankuai5","blend":"additive"},{"name":"xiankuai4","bone":"xiankuai4","blend":"additive"},{"name":"xiankuai3","bone":"xiankuai3","blend":"additive"},{"name":"xiankuai2","bone":"xiankuai2","blend":"additive"},{"name":"xian","bone":"xian","blend":"additive"},{"name":"xian4","bone":"xian4","blend":"additive"},{"name":"xian3","bone":"xian3","blend":"additive"},{"name":"xian2","bone":"xian2","blend":"additive"},{"name":"xian5","bone":"xian5","blend":"additive"},{"name":"X","bone":"X","attachment":"X"},{"name":"X2","bone":"X","attachment":"X","blend":"additive"},{"name":"kuang","bone":"kuang","attachment":"kuang"},{"name":"kuang1","bone":"kuang","attachment":"kuang1","blend":"additive"},{"name":"SPEEDY_1","bone":"SPEEDY","attachment":"SPEEDY_1"},{"name":"SPEEDY_2","bone":"SPEEDY","attachment":"SPEEDY_1","blend":"additive"},{"name":"SPEEDY_8","bone":"SPEEDY2","attachment":"SPEEDY_2"},{"name":"SPEEDY_9","bone":"SPEEDY2","attachment":"SPEEDY_2","blend":"additive"},{"name":"SPEEDY_15","bone":"SPEEDY3","attachment":"SPEEDY_3"},{"name":"SPEEDY_16","bone":"SPEEDY3","attachment":"SPEEDY_3","blend":"additive"},{"name":"SPEEDY_22","bone":"SPEEDY4","attachment":"SPEEDY_4"},{"name":"SPEEDY_23","bone":"SPEEDY4","attachment":"SPEEDY_4","blend":"additive"},{"name":"SPEEDY_29","bone":"SPEEDY5","attachment":"SPEEDY_5"},{"name":"SPEEDY_30","bone":"SPEEDY5","attachment":"SPEEDY_5","blend":"additive"},{"name":"SPEEDY_36","bone":"SPEEDY6","attachment":"SPEEDY_6"},{"name":"SPEEDY_37","bone":"SPEEDY6","attachment":"SPEEDY_6","blend":"additive"},{"name":"CASH_1","bone":"CASH","attachment":"CASH_1"},{"name":"CASH_2","bone":"CASH","attachment":"CASH_1","blend":"additive"},{"name":"CASH_6","bone":"CASH2","attachment":"CASH_2"},{"name":"CASH_7","bone":"CASH2","attachment":"CASH_2","blend":"additive"},{"name":"CASH_11","bone":"CASH3","attachment":"CASH_3"},{"name":"CASH_12","bone":"CASH3","attachment":"CASH_3","blend":"additive"},{"name":"CASH_16","bone":"CASH4","attachment":"CASH_4"},{"name":"CASH_17","bone":"CASH4","attachment":"CASH_4","blend":"additive"},{"name":"tujuzi","bone":"tujuzi","attachment":"tujuzi"},{"name":"tujuzi2","bone":"tujuzi","attachment":"tujuzi","blend":"additive"},{"name":"tuyingtao","bone":"tuyingtao","attachment":"tuyingtao"},{"name":"tuyingtao2","bone":"tuyingtao","attachment":"tuyingtao","blend":"additive"},{"name":"shanguang1","bone":"boom","attachment":"shanguang1","blend":"additive"}],"skins":[{"name":"default","attachments":{"CASH_1":{"CASH_1":{"x":-0.22,"y":-4.56,"width":482,"height":125}},"CASH_2":{"CASH_1":{"x":-0.22,"y":-4.56,"width":482,"height":125}},"CASH_6":{"CASH_2":{"x":-0.22,"y":-4.56,"width":482,"height":125}},"CASH_7":{"CASH_2":{"x":-0.22,"y":-4.56,"width":482,"height":125}},"CASH_11":{"CASH_3":{"x":-0.22,"y":-4.56,"width":482,"height":125}},"CASH_12":{"CASH_3":{"x":-0.22,"y":-4.56,"width":482,"height":125}},"CASH_16":{"CASH_4":{"x":-0.22,"y":-4.56,"width":482,"height":125}},"CASH_17":{"CASH_4":{"x":-0.22,"y":-4.56,"width":482,"height":125}},"SPEEDY_1":{"SPEEDY_1":{"x":-11.81,"y":-3.29,"width":651,"height":128}},"SPEEDY_2":{"SPEEDY_1":{"x":-11.81,"y":-3.29,"width":651,"height":128}},"SPEEDY_8":{"SPEEDY_2":{"x":-11.81,"y":-3.29,"width":651,"height":128}},"SPEEDY_9":{"SPEEDY_2":{"x":-11.81,"y":-3.29,"width":651,"height":128}},"SPEEDY_15":{"SPEEDY_3":{"x":-11.81,"y":-3.29,"width":651,"height":128}},"SPEEDY_16":{"SPEEDY_3":{"x":-11.81,"y":-3.29,"width":651,"height":128}},"SPEEDY_22":{"SPEEDY_4":{"x":-11.81,"y":-3.29,"width":651,"height":128}},"SPEEDY_23":{"SPEEDY_4":{"x":-11.81,"y":-3.29,"width":651,"height":128}},"SPEEDY_29":{"SPEEDY_5":{"x":-11.81,"y":-3.29,"width":651,"height":128}},"SPEEDY_30":{"SPEEDY_5":{"x":-11.81,"y":-3.29,"width":651,"height":128}},"SPEEDY_36":{"SPEEDY_6":{"x":-11.81,"y":-3.29,"width":651,"height":128}},"SPEEDY_37":{"SPEEDY_6":{"x":-11.81,"y":-3.29,"width":651,"height":128}},"X":{"X":{"x":-4.37,"y":3.23,"scaleX":2,"scaleY":2,"width":411,"height":364}},"X2":{"X":{"x":-4.37,"y":3.23,"scaleX":2,"scaleY":2,"width":411,"height":364}},"gt01":{"gt01":{"x":0.5,"y":0.5,"width":255,"height":113},"gt02":{"x":0.5,"y":0.5,"width":255,"height":113},"gt03":{"x":0.5,"y":0.5,"width":255,"height":113},"gt04":{"x":0.5,"y":0.5,"width":255,"height":113},"gt05":{"x":0.5,"y":0.5,"width":255,"height":113},"gt06":{"x":0.5,"y":0.5,"width":255,"height":113},"gt07":{"x":0.5,"y":0.5,"width":255,"height":113},"gt08":{"x":0.5,"y":0.5,"width":255,"height":113}},"hei":{"hei":{"scaleX":13.2428,"scaleY":13.2428,"width":190,"height":76}},"kuang":{"kuang":{"x":0.21,"y":3.54,"width":563,"height":149}},"kuang1":{"kuang1":{"x":0.21,"y":3.54,"width":563,"height":149}},"shanguang1":{"shanguang1":{"width":192,"height":108}},"tujuzi":{"tujuzi":{"x":-8.73,"y":-7.52,"width":173,"height":178}},"tujuzi2":{"tujuzi":{"x":-8.73,"y":-7.52,"width":173,"height":178}},"tuowei":{"tuowei":{"x":419.81,"y":15.21,"scaleX":4,"scaleY":4,"rotation":180,"width":259,"height":70}},"tuyingtao":{"tuyingtao":{"x":-42.51,"y":-47.95,"width":145,"height":143}},"tuyingtao2":{"tuyingtao":{"x":-42.51,"y":-47.95,"width":145,"height":143}},"xian":{"xian":{"width":134,"height":6}},"xian2":{"xian":{"width":134,"height":6}},"xian3":{"xian":{"width":134,"height":6}},"xian4":{"xian":{"width":134,"height":6}},"xian5":{"xian":{"width":134,"height":6}},"xiankuai":{"xiankuai":{"y":0.5,"width":294,"height":29}},"xiankuai2":{"xiankuai":{"y":0.5,"width":294,"height":29}},"xiankuai3":{"xiankuai":{"y":0.5,"width":294,"height":29}},"xiankuai4":{"xiankuai":{"y":0.5,"width":294,"height":29}},"xiankuai5":{"xiankuai":{"y":0.5,"width":294,"height":29}}}}],"animations":{"cash":{"slots":{"CASH_1":{"color":[{"color":"ffffff00","curve":"stepped"},{"time":0.3667,"color":"ffffff00","curve":0,"c2":0.86,"c3":0.75},{"time":0.7333,"color":"ffffffff","curve":"stepped"},{"time":1.7667,"color":"ffffffff","curve":0,"c2":0.96,"c3":0.524,"c4":0.98},{"time":2.1,"color":"ffffff00"}]},"CASH_2":{"color":[{"color":"ffffff00","curve":"stepped"},{"time":0.4333,"color":"ffffff00"},{"time":0.8,"color":"ffffff88"},{"time":1.2667,"color":"ffffff00"}]},"CASH_6":{"color":[{"color":"ffffff00","curve":"stepped"},{"time":0.3333,"color":"ffffff00","curve":0,"c2":0.86,"c3":0.75},{"time":0.6667,"color":"ffffffff","curve":"stepped"},{"time":1.7333,"color":"ffffffff","curve":0,"c2":0.96,"c3":0.524,"c4":0.98},{"time":2.0667,"color":"ffffff00"}]},"CASH_7":{"color":[{"color":"ffffff00","curve":"stepped"},{"time":0.5,"color":"ffffff00"},{"time":0.8667,"color":"ffffff88"},{"time":1.2667,"color":"ffffff00"}]},"CASH_11":{"color":[{"color":"ffffff00","curve":"stepped"},{"time":0.3,"color":"ffffff00","curve":0,"c2":0.86,"c3":0.75},{"time":0.6333,"color":"ffffffff","curve":"stepped"},{"time":1.7,"color":"ffffffff","curve":0,"c2":0.96,"c3":0.524,"c4":0.98},{"time":2.0333,"color":"ffffff00"}]},"CASH_12":{"color":[{"color":"ffffff00","curve":"stepped"},{"time":0.5667,"color":"ffffff00"},{"time":0.9333,"color":"ffffff88"},{"time":1.3333,"color":"ffffff00"}]},"CASH_16":{"color":[{"color":"ffffff00","curve":"stepped"},{"time":0.2667,"color":"ffffff00","curve":0,"c2":0.86,"c3":0.75},{"time":0.6,"color":"ffffffff","curve":"stepped"},{"time":1.6667,"color":"ffffffff","curve":0,"c2":0.96,"c3":0.524,"c4":0.98},{"time":2,"color":"ffffff00"}]},"CASH_17":{"color":[{"color":"ffffff00","curve":"stepped"},{"time":0.6333,"color":"ffffff00"},{"time":1,"color":"ffffff88"},{"time":1.4,"color":"ffffff00"}]},"SPEEDY_1":{"color":[{"color":"ffffff00","curve":"stepped"},{"time":0.3667,"color":"ffffff00","curve":0,"c2":0.86,"c3":0.75},{"time":0.7,"color":"ffffffff","curve":"stepped"},{"time":1.7333,"color":"ffffffff","curve":0,"c2":0.96,"c3":0.524,"c4":0.98},{"time":2.0333,"color":"ffffff00"}]},"SPEEDY_2":{"color":[{"color":"ffffff00","curve":"stepped"},{"time":0.5333,"color":"ffffff00","curve":0.052,"c2":0.63,"c3":0.743,"c4":0.98},{"time":0.8667,"color":"ffffffa5","curve":0.354,"c2":0.05,"c3":0.854,"c4":0.59},{"time":1.3667,"color":"ffffff00"}]},"SPEEDY_8":{"color":[{"color":"ffffff00","curve":"stepped"},{"time":0.3333,"color":"ffffff00","curve":0,"c2":0.86,"c3":0.75},{"time":0.6667,"color":"ffffffff","curve":"stepped"},{"time":1.7,"color":"ffffffff","curve":0,"c2":0.96,"c3":0.528,"c4":0.98},{"time":2,"color":"ffffff00"}]},"SPEEDY_9":{"color":[{"color":"ffffff00","curve":"stepped"},{"time":0.6,"color":"ffffff00","curve":0.052,"c2":0.63,"c3":0.743,"c4":0.98},{"time":0.9333,"color":"ffffffa5","curve":0.354,"c2":0.05,"c3":0.854,"c4":0.59},{"time":1.4333,"color":"ffffff00"}]},"SPEEDY_15":{"color":[{"color":"ffffff00","curve":"stepped"},{"time":0.3,"color":"ffffff00","curve":0,"c2":0.86,"c3":0.75},{"time":0.6333,"color":"ffffffff","curve":"stepped"},{"time":1.6667,"color":"ffffffff","curve":0,"c2":0.96,"c3":0.528,"c4":0.98},{"time":1.9667,"color":"ffffff00"}]},"SPEEDY_16":{"color":[{"color":"ffffff00","curve":"stepped"},{"time":0.6667,"color":"ffffff00","curve":0.052,"c2":0.63,"c3":0.743,"c4":0.98},{"time":1,"color":"ffffffa5","curve":0.354,"c2":0.05,"c3":0.854,"c4":0.59},{"time":1.5,"color":"ffffff00"}]},"SPEEDY_22":{"color":[{"color":"ffffff00","curve":"stepped"},{"time":0.2667,"color":"ffffff00","curve":0,"c2":0.86,"c3":0.75},{"time":0.6,"color":"ffffffff","curve":"stepped"},{"time":1.6333,"color":"ffffffff","curve":0,"c2":0.96,"c3":0.528,"c4":0.98},{"time":1.9333,"color":"ffffff00"}]},"SPEEDY_23":{"color":[{"color":"ffffff00","curve":"stepped"},{"time":0.7333,"color":"ffffff00","curve":0.052,"c2":0.63,"c3":0.743,"c4":0.98},{"time":1.0667,"color":"ffffffa5","curve":0.354,"c2":0.05,"c3":0.854,"c4":0.59},{"time":1.5667,"color":"ffffff00"}]},"SPEEDY_29":{"color":[{"color":"ffffff00","curve":"stepped"},{"time":0.2333,"color":"ffffff00","curve":0,"c2":0.86,"c3":0.75},{"time":0.5667,"color":"ffffffff","curve":"stepped"},{"time":1.6,"color":"ffffffff","curve":0,"c2":0.96,"c3":0.528,"c4":0.98},{"time":1.9,"color":"ffffff00"}]},"SPEEDY_30":{"color":[{"color":"ffffff00","curve":"stepped"},{"time":0.8,"color":"ffffff00","curve":0.052,"c2":0.63,"c3":0.743,"c4":0.98},{"time":1.1333,"color":"ffffffa5","curve":0.354,"c2":0.05,"c3":0.854,"c4":0.59},{"time":1.6333,"color":"ffffff00"}]},"SPEEDY_36":{"color":[{"color":"ffffff00","curve":"stepped"},{"time":0.2,"color":"ffffff00","curve":0,"c2":0.86,"c3":0.75},{"time":0.5333,"color":"ffffffff","curve":"stepped"},{"time":1.6,"color":"ffffffff","curve":0,"c2":0.96,"c3":0.528,"c4":0.98},{"time":1.9,"color":"ffffff00"}]},"SPEEDY_37":{"color":[{"color":"ffffff00","curve":"stepped"},{"time":0.9,"color":"ffffff00","curve":0.052,"c2":0.63,"c3":0.743,"c4":0.98},{"time":1.2333,"color":"ffffffa5","curve":0.354,"c2":0.05,"c3":0.854,"c4":0.59},{"time":1.7333,"color":"ffffff00"}]},"X":{"color":[{"color":"ffffff00","curve":"stepped"},{"time":0.1,"color":"ffffff00","curve":0,"c2":0.86,"c3":0.75},{"time":0.4333,"color":"ffffffff","curve":"stepped"},{"time":1.7,"color":"ffffffff","curve":0,"c2":0.84,"c3":0.514,"c4":0.97},{"time":2.1,"color":"ffffff00"}]},"X2":{"color":[{"color":"ffffff00","curve":"stepped"},{"time":0.1,"color":"ffffff00","curve":0,"c2":0.86,"c3":0.75},{"time":0.4333,"color":"ffffff2c"},{"time":1.7,"color":"ffffff31","curve":0.035,"c2":0.77,"c3":0.75},{"time":2.1,"color":"ffffff00"}]},"gt01":{"color":[{"color":"ffffff00","curve":"stepped"},{"time":0.1,"color":"ffffff00"},{"time":0.3667,"color":"8de6ffd1","curve":"stepped"},{"time":1.6667,"color":"8de6ffd1"},{"time":2,"color":"ffffff00"}],"attachment":[{"name":"gt01"},{"time":0.1667,"name":"gt02"},{"time":0.2333,"name":"gt03"},{"time":0.2667,"name":"gt04"},{"time":0.3333,"name":"gt05"},{"time":0.3667,"name":"gt06"},{"time":0.4,"name":"gt07"},{"time":0.4667,"name":"gt08"},{"time":0.5,"name":"gt01"},{"time":0.5667,"name":"gt02"},{"time":0.6333,"name":"gt03"},{"time":0.6667,"name":"gt04"},{"time":0.7333,"name":"gt05"},{"time":0.8,"name":"gt06"},{"time":0.8333,"name":"gt07"},{"time":0.9,"name":"gt01"},{"time":0.9667,"name":"gt02"},{"time":1.0333,"name":"gt03"},{"time":1.0667,"name":"gt04"},{"time":1.1333,"name":"gt05"},{"time":1.2,"name":"gt06"},{"time":1.2333,"name":"gt07"},{"time":1.3,"name":"gt08"},{"time":1.3333,"name":"gt01"},{"time":1.4,"name":"gt02"},{"time":1.4667,"name":"gt04"},{"time":1.5333,"name":"gt05"},{"time":1.6,"name":"gt06"},{"time":1.6333,"name":"gt07"},{"time":1.7,"name":"gt08"},{"time":1.7333,"name":"gt01"},{"time":1.8,"name":"gt02"},{"time":1.8667,"name":"gt03"},{"time":1.9,"name":"gt04"},{"time":1.9667,"name":"gt05"},{"time":2,"name":"gt06"},{"time":2.0333,"name":"gt07"},{"time":2.1,"name":"gt08"}]},"hei":{"color":[{"color":"ffffff00"},{"time":0.1333,"color":"ffffffff","curve":"stepped"},{"time":1.8667,"color":"ffffffff","curve":0.142,"c2":0.36,"c3":0.729,"c4":0.96},{"time":2.1,"color":"ffffff00"}]},"kuang":{"color":[{"color":"ffffff00","curve":"stepped"},{"time":0.1,"color":"ffffff00","curve":0,"c2":0.86,"c3":0.75},{"time":0.4333,"color":"ffffffff","curve":"stepped"},{"time":1.7333,"color":"ffffffff","curve":0.035,"c2":0.77,"c3":0.75},{"time":2.1,"color":"ffffff00"}]},"kuang1":{"color":[{"color":"ffffff00","curve":"stepped"},{"time":0.1,"color":"ffffff00","curve":"stepped"},{"time":0.2667,"color":"ffffffff","curve":"stepped"},{"time":0.4333,"color":"ffffff00","curve":"stepped"},{"time":0.5,"color":"ffffffff","curve":"stepped"},{"time":0.5667,"color":"ffffff00","curve":"stepped"},{"time":0.6333,"color":"ffffffff","curve":"stepped"},{"time":0.7,"color":"ffffff00","curve":"stepped"},{"time":0.7667,"color":"ffffffff","curve":"stepped"},{"time":0.8333,"color":"ffffff00","curve":"stepped"},{"time":0.9,"color":"ffffffff","curve":"stepped"},{"time":0.9667,"color":"ffffff00","curve":"stepped"},{"time":1.0333,"color":"ffffffff","curve":"stepped"},{"time":1.1,"color":"ffffff00","curve":"stepped"},{"time":1.1667,"color":"ffffffff","curve":"stepped"},{"time":1.2333,"color":"ffffff00","curve":"stepped"},{"time":1.3,"color":"ffffffff","curve":"stepped"},{"time":1.3667,"color":"ffffff00","curve":"stepped"},{"time":1.4333,"color":"ffffffff","curve":"stepped"},{"time":1.5,"color":"ffffff00","curve":"stepped"},{"time":1.5667,"color":"ffffffff","curve":"stepped"},{"time":1.6333,"color":"ffffff00","curve":"stepped"},{"time":1.7333,"color":"ffffffff","curve":0.035,"c2":0.77,"c3":0.75},{"time":2.1,"color":"ffffff00"}]},"shanguang1":{"color":[{"color":"ffffff00"},{"time":0.1,"color":"ffffffff"},{"time":0.2667,"color":"ffffff00"}]},"tujuzi":{"color":[{"color":"ffffff00","curve":"stepped"},{"time":0.1,"color":"ffffff00","curve":0,"c2":0.86,"c3":0.75},{"time":0.5333,"color":"ffffffff","curve":"stepped"},{"time":1.7,"color":"ffffffff","curve":0.035,"c2":0.77,"c3":0.75},{"time":2.1,"color":"ffffff00"}]},"tujuzi2":{"color":[{"color":"ffffff00","curve":"stepped"},{"time":0.1,"color":"ffffff00","curve":0,"c2":0.86,"c3":0.75},{"time":0.5333,"color":"ffffff45"},{"time":1.7,"color":"ffffff45","curve":0.035,"c2":0.77,"c3":0.75},{"time":2.1,"color":"ffffff00"}]},"tuowei":{"color":[{"color":"ffffff00","curve":"stepped"},{"time":0.1,"color":"ffffff00","curve":0,"c2":0.86,"c3":0.75},{"time":0.4333,"color":"ffffffff","curve":"stepped"},{"time":1.7667,"color":"ffffffff","curve":0.035,"c2":0.77,"c3":0.75},{"time":2.1,"color":"ffffff00"}]},"tuyingtao":{"color":[{"color":"ffffff00","curve":"stepped"},{"time":0.1,"color":"ffffff00","curve":0,"c2":0.86,"c3":0.75},{"time":0.6,"color":"ffffffff","curve":"stepped"},{"time":1.7,"color":"ffffffff","curve":0.035,"c2":0.77,"c3":0.75},{"time":2.1,"color":"ffffff00"}]},"tuyingtao2":{"color":[{"color":"ffffff00","curve":"stepped"},{"time":0.1,"color":"ffffff00","curve":0,"c2":0.86,"c3":0.75},{"time":0.6,"color":"ffffff78"},{"time":1.7,"color":"ffffff74","curve":0.035,"c2":0.77,"c3":0.75},{"time":2.1,"color":"ffffff00"}]},"xian":{"color":[{"color":"ffffff00","curve":"stepped"},{"time":0.2667,"color":"ffffff00","curve":0.111,"c2":0.43,"c3":0.75},{"time":0.4333,"color":"6188ffff","curve":0.253,"c2":0.04,"c3":0.92,"c4":0.76},{"time":0.6,"color":"ffffff00","curve":"stepped"},{"time":0.6667,"color":"ffffff00","curve":0.111,"c2":0.43,"c3":0.75},{"time":0.8,"color":"6188ffff","curve":0.253,"c2":0.04,"c3":0.92,"c4":0.76},{"time":0.9333,"color":"ffffff00","curve":"stepped"},{"time":0.9667,"color":"ffffff00","curve":0.111,"c2":0.43,"c3":0.75},{"time":1.1333,"color":"6188ffff","curve":0.253,"c2":0.04,"c3":0.92,"c4":0.76},{"time":1.3,"color":"ffffff00","curve":"stepped"},{"time":1.3667,"color":"ffffff00","curve":0.111,"c2":0.43,"c3":0.75},{"time":1.5,"color":"6188ffff","curve":0.253,"c2":0.04,"c3":0.92,"c4":0.76},{"time":1.6333,"color":"ffffff00","curve":"stepped"},{"time":1.6667,"color":"ffffff00","curve":0.111,"c2":0.43,"c3":0.75},{"time":1.8333,"color":"6188ffff","curve":0.253,"c2":0.04,"c3":0.92,"c4":0.76},{"time":2,"color":"ffffff00"}],"attachment":[{"name":"xian"}]},"xian2":{"color":[{"color":"ffffff00","curve":"stepped"},{"time":0.3667,"color":"ffffff00","curve":0.111,"c2":0.43,"c3":0.75},{"time":0.5,"color":"f88fffff","curve":0.253,"c2":0.04,"c3":0.92,"c4":0.76},{"time":0.6333,"color":"ffffff00","curve":"stepped"},{"time":0.6667,"color":"ffffff00","curve":0.111,"c2":0.43,"c3":0.75},{"time":0.8333,"color":"f88fffff","curve":0.253,"c2":0.04,"c3":0.92,"c4":0.76},{"time":1.0333,"color":"ffffff00","curve":"stepped"},{"time":1.1,"color":"ffffff00","curve":0.111,"c2":0.43,"c3":0.75},{"time":1.2333,"color":"f88fffff","curve":0.253,"c2":0.04,"c3":0.92,"c4":0.76},{"time":1.3667,"color":"ffffff00","curve":"stepped"},{"time":1.4,"color":"ffffff00","curve":0.111,"c2":0.43,"c3":0.75},{"time":1.6,"color":"f88fffff","curve":0.253,"c2":0.04,"c3":0.92,"c4":0.76},{"time":1.8333,"color":"ffffff00"}],"attachment":[{"name":"xian"}]},"xian3":{"color":[{"color":"ffffff00","curve":"stepped"},{"time":0.2,"color":"ffffff00","curve":0.111,"c2":0.43,"c3":0.75},{"time":0.3333,"color":"f566ffff","curve":0.253,"c2":0.04,"c3":0.92,"c4":0.76},{"time":0.4667,"color":"ffffff00","curve":"stepped"},{"time":0.5,"color":"ffffff00","curve":0.111,"c2":0.43,"c3":0.75},{"time":0.6333,"color":"ffffffff","curve":0.253,"c2":0.04,"c3":0.92,"c4":0.76},{"time":0.7667,"color":"ffffff00","curve":"stepped"},{"time":0.8,"color":"ffffff00","curve":0.111,"c2":0.43,"c3":0.75},{"time":0.9333,"color":"f566ffff","curve":0.253,"c2":0.04,"c3":0.92,"c4":0.76},{"time":1.0667,"color":"ffffff00","curve":"stepped"},{"time":1.1,"color":"ffffff00","curve":0.111,"c2":0.43,"c3":0.75},{"time":1.2667,"color":"f01effff","curve":0.253,"c2":0.04,"c3":0.92,"c4":0.76},{"time":1.4333,"color":"ffffff00","curve":"stepped"},{"time":1.5,"color":"ffffff00","curve":0.111,"c2":0.43,"c3":0.75},{"time":1.6333,"color":"ffffffff","curve":0.253,"c2":0.04,"c3":0.92,"c4":0.76},{"time":1.7667,"color":"ffffff00"}],"attachment":[{"name":"xian"}]},"xian4":{"color":[{"color":"ffffff00","curve":"stepped"},{"time":0.1333,"color":"ffffff00","curve":0.111,"c2":0.43,"c3":0.75},{"time":0.2667,"color":"6188ffff","curve":0.253,"c2":0.04,"c3":0.92,"c4":0.76},{"time":0.4,"color":"ffffff00","curve":"stepped"},{"time":0.4667,"color":"ffffff00","curve":0.111,"c2":0.43,"c3":0.75},{"time":0.6,"color":"6188ffff","curve":0.253,"c2":0.04,"c3":0.92,"c4":0.76},{"time":0.7333,"color":"ffffff00","curve":"stepped"},{"time":0.8,"color":"ffffff00","curve":0.111,"c2":0.43,"c3":0.75},{"time":0.9333,"color":"6189ffff","curve":0.253,"c2":0.04,"c3":0.92,"c4":0.76},{"time":1.0667,"color":"ffffff00","curve":"stepped"},{"time":1.1667,"color":"ffffff00","curve":0.111,"c2":0.43,"c3":0.75},{"time":1.3,"color":"6188ffff","curve":0.253,"c2":0.04,"c3":0.92,"c4":0.76},{"time":1.4333,"color":"ffffff00","curve":"stepped"},{"time":1.5,"color":"ffffff00","curve":0.111,"c2":0.43,"c3":0.75},{"time":1.6333,"color":"6188ffff","curve":0.253,"c2":0.04,"c3":0.92,"c4":0.76},{"time":1.7667,"color":"ffffff00"}],"attachment":[{"name":"xian"}]},"xian5":{"color":[{"color":"ffffff00","curve":"stepped"},{"time":0.2333,"color":"ffffff00","curve":0.111,"c2":0.43,"c3":0.75},{"time":0.3667,"color":"e17fffff","curve":0.253,"c2":0.04,"c3":0.92,"c4":0.76},{"time":0.5,"color":"ffffff00","curve":"stepped"},{"time":0.5333,"color":"ffffff00","curve":0.111,"c2":0.43,"c3":0.75},{"time":0.6667,"color":"f9aaffff","curve":0.253,"c2":0.04,"c3":0.92,"c4":0.76},{"time":0.8,"color":"ffffff00","curve":"stepped"},{"time":0.8333,"color":"ffffff00","curve":0.111,"c2":0.43,"c3":0.75},{"time":1,"color":"ac4fffff","curve":0.253,"c2":0.04,"c3":0.92,"c4":0.76},{"time":1.2,"color":"ffffff00","curve":"stepped"},{"time":1.2667,"color":"ffffff00","curve":0.111,"c2":0.43,"c3":0.75},{"time":1.4,"color":"e17fffff","curve":0.253,"c2":0.04,"c3":0.92,"c4":0.76},{"time":1.5333,"color":"ffffff00","curve":"stepped"},{"time":1.5667,"color":"ffffff00","curve":0.111,"c2":0.43,"c3":0.75},{"time":1.7,"color":"f9aaffff","curve":0.253,"c2":0.04,"c3":0.92,"c4":0.76},{"time":1.8333,"color":"ffffff00"}],"attachment":[{"name":"xian"}]},"xiankuai":{"color":[{"color":"ffffff00","curve":"stepped"},{"time":0.1,"color":"ffffff00"},{"time":0.3,"color":"e071ff00"},{"time":0.3667,"color":"e413ff70"},{"time":0.4,"color":"e071ffa5"},{"time":0.5333,"color":"e071ff00"},{"time":0.6667,"color":"e410ff00"},{"time":0.7333,"color":"e413ff70"},{"time":0.7667,"color":"e412ff70"},{"time":0.9,"color":"e410ff00"},{"time":1.0333,"color":"e071ff00"},{"time":1.1333,"color":"e071ffa5"},{"time":1.2,"color":"e072ffa5"},{"time":1.3333,"color":"e071ff00","curve":"stepped"},{"time":1.5,"color":"e071ff00"},{"time":1.5667,"color":"e413ff70"},{"time":1.6,"color":"e071ffa5"},{"time":1.7333,"color":"e071ff00"}],"attachment":[{"name":"xiankuai"}]},"xiankuai2":{"color":[{"color":"ffffff00","curve":"stepped"},{"time":0.2333,"color":"ffffff00"},{"time":0.3333,"color":"ffffff89"},{"time":0.4,"color":"ffffffaa"},{"time":0.5,"color":"ffffff00"},{"time":0.6,"color":"ffffff00"},{"time":0.6667,"color":"ffffff70","curve":"stepped"},{"time":0.7,"color":"ffffff70"},{"time":0.8333,"color":"ffffff00"},{"time":1.1333,"color":"ffffff00"},{"time":1.2333,"color":"ec82ff89","curve":"stepped"},{"time":1.3333,"color":"ec82ff89"},{"time":1.4333,"color":"ffffff00"},{"time":1.6,"color":"ffffff00"},{"time":1.6667,"color":"ff8bfd70","curve":"stepped"},{"time":1.8,"color":"ff8bfd70"},{"time":1.9,"color":"ffffff00"}],"attachment":[{"name":"xiankuai"}]},"xiankuai3":{"color":[{"color":"ffffff00","curve":"stepped"},{"time":0.1,"color":"ffffff00"},{"time":0.2667,"color":"e071ff00"},{"time":0.3667,"color":"e413ff70","curve":"stepped"},{"time":0.4333,"color":"e413ff70"},{"time":0.5667,"color":"e412ff00"},{"time":0.7333,"color":"ffffff00"},{"time":0.8,"color":"ffffff70","curve":"stepped"},{"time":0.8333,"color":"ffffff70"},{"time":0.9667,"color":"ffffff00"},{"time":1.1,"color":"e071ff00"},{"time":1.2,"color":"e413ff70","curve":"stepped"},{"time":1.2667,"color":"e413ff70"},{"time":1.4,"color":"e412ff00"},{"time":1.5333,"color":"ffffff00"},{"time":1.6,"color":"ffffff70","curve":"stepped"},{"time":1.6333,"color":"ffffff70"},{"time":1.7667,"color":"ffffff00"}],"attachment":[{"name":"xiankuai"}]},"xiankuai4":{"color":[{"color":"ffffff00","curve":"stepped"},{"time":0.3,"color":"ffffff00"},{"time":0.3667,"color":"ffffff70","curve":"stepped"},{"time":0.4667,"color":"ffffff70"},{"time":0.6,"color":"ffffff00"},{"time":0.6667,"color":"ffffff00"},{"time":0.7333,"color":"ffffff70","curve":"stepped"},{"time":0.7667,"color":"ffffff70"},{"time":0.9,"color":"ffffff00"},{"time":1.0333,"color":"ffffff00"},{"time":1.1333,"color":"ffffff70","curve":"stepped"},{"time":1.2667,"color":"ffffff70"},{"time":1.4,"color":"ffffff00"},{"time":1.5667,"color":"ffffff00"},{"time":1.6333,"color":"ffffff70","curve":"stepped"},{"time":1.7333,"color":"ffffff70"},{"time":1.8667,"color":"ffffff00"}],"attachment":[{"name":"xiankuai"}]},"xiankuai5":{"color":[{"color":"ffffff00","curve":"stepped"},{"time":0.1,"color":"ffffff00"},{"time":0.2667,"color":"e95cfc00"},{"time":0.3333,"color":"ea5cfc90","curve":"stepped"},{"time":0.3667,"color":"ea5cfc90"},{"time":0.5,"color":"e95cfc00"},{"time":0.6667,"color":"e95cfc00"},{"time":0.7333,"color":"ea5cfc90"},{"time":0.7667,"color":"e95cfc90"},{"time":0.9,"color":"e95cfc00"},{"time":1,"color":"e95cfc00"},{"time":1.0667,"color":"ea5cfc90","curve":"stepped"},{"time":1.1,"color":"ea5cfc90"},{"time":1.2333,"color":"e95cfc00"},{"time":1.3333,"color":"e95cfc00"},{"time":1.4,"color":"ea5cfc90","curve":"stepped"},{"time":1.4333,"color":"ea5cfc90"},{"time":1.5667,"color":"e95cfc00","curve":"stepped"},{"time":1.6333,"color":"e95cfc00"},{"time":1.7,"color":"ea5cfc90","curve":"stepped"},{"time":1.7333,"color":"ea5cfc90"},{"time":1.8667,"color":"e95cfc00"}],"attachment":[{"name":"xiankuai"}]}},"bones":{"tuowei":{"translate":[{"x":-154.77,"curve":"stepped"},{"time":0.1,"x":-154.77,"curve":0,"c2":0.86,"c3":0.75},{"time":0.4333},{"time":1.7667,"x":20.34,"curve":0.035,"c2":0.77,"c3":0.75},{"time":2.1,"x":195.81}],"scale":[{"y":2.017}]},"X":{"rotate":[{"angle":38.65,"curve":"stepped"},{"time":0.1,"angle":38.65,"curve":0,"c2":0.86,"c3":0.75},{"time":0.4333},{"time":1.7,"angle":-5.57,"curve":0,"c2":0.84,"c3":0.514,"c4":0.97},{"time":2.1,"angle":-54.08}],"translate":[{"x":-154.77,"curve":"stepped"},{"time":0.1,"x":-154.77,"curve":0,"c2":0.86,"c3":0.75},{"time":0.4333},{"time":1.7,"x":20.34,"curve":0,"c2":0.84,"c3":0.514,"c4":0.97},{"time":2.1,"x":195.81}],"scale":[{"x":0.8,"y":0.8,"curve":"stepped"},{"time":0.1,"x":0.8,"y":0.8,"curve":0,"c2":0.86,"c3":0.75},{"time":0.4333,"curve":"stepped"},{"time":1.7,"curve":0,"c2":0.84,"c3":0.514,"c4":0.97},{"time":2.1,"x":0.95,"y":0.95}]},"kuang":{"translate":[{"x":-154.77,"curve":"stepped"},{"time":0.1,"x":-154.77,"curve":0,"c2":0.86,"c3":0.75},{"time":0.4333},{"time":1.7333,"x":20.34,"curve":0.035,"c2":0.77,"c3":0.75},{"time":2.1,"x":195.81}]},"CASH":{"translate":[{"x":-154.77,"curve":"stepped"},{"time":0.3667,"x":-154.77,"curve":0,"c2":0.86,"c3":0.319},{"time":0.7333},{"time":1.7667,"x":20.34,"curve":0,"c2":0.96,"c3":0.524,"c4":0.98},{"time":2.1,"x":195.81}]},"SPEEDY":{"translate":[{"x":-154.77,"curve":"stepped"},{"time":0.3667,"x":-154.77,"curve":0,"c2":0.86,"c3":0.486,"c4":0.93},{"time":0.7},{"time":1.7333,"x":20.34,"curve":0,"c2":0.96,"c3":0.524,"c4":0.98},{"time":2.0333,"x":195.81}]},"tujuzi":{"rotate":[{"time":0.1,"curve":0.25,"c3":0.75},{"time":0.6,"angle":-6.64,"curve":0.25,"c3":0.75},{"time":1.1,"curve":0.25,"c3":0.75},{"time":1.6,"angle":-6.64,"curve":0.25,"c3":0.75},{"time":2.1}],"translate":[{"x":-154.77,"curve":"stepped"},{"time":0.1,"x":-154.77,"curve":0,"c2":0.86,"c3":0.75},{"time":0.5333},{"time":1.7,"x":20.34,"curve":0.035,"c2":0.77,"c3":0.75},{"time":2.1,"x":195.81}],"scale":[{"time":0.1},{"time":0.6,"x":1.122,"y":1.122},{"time":1.1},{"time":1.6,"x":1.122,"y":1.122},{"time":2.1}]},"tuyingtao":{"rotate":[{"time":0.1,"curve":0.25,"c3":0.75},{"time":0.6,"angle":9.69,"curve":0.25,"c3":0.75},{"time":1.1,"curve":0.25,"c3":0.75},{"time":1.5667,"angle":9.69,"curve":0.25,"c3":0.75},{"time":2.1}],"translate":[{"x":-154.77,"curve":"stepped"},{"time":0.1,"x":-154.77,"curve":0,"c2":0.86,"c3":0.75},{"time":0.6},{"time":1.7,"x":20.34,"curve":0.035,"c2":0.77,"c3":0.75},{"time":2.1,"x":195.81}]},"zi":{"translate":[{"x":-154.77,"curve":"stepped"},{"time":0.1667,"x":-154.77,"curve":0,"c2":0.86,"c3":0.75},{"time":0.5},{"time":1.6,"x":20.34,"curve":0.035,"c2":0.77,"c3":0.75},{"time":1.9333,"x":195.81}]},"xian4":{"rotate":[{"time":0.1},{"time":0.1333,"angle":-12.64}],"translate":[{"time":0.1},{"time":0.1333,"x":-393,"y":-128.64},{"time":0.4,"x":241.16,"y":-270.87,"curve":"stepped"},{"time":0.4667,"x":-581.11,"y":-66.55},{"time":0.7333,"x":330.39,"y":-270.98},{"time":0.8,"x":-516.92,"y":-130.49},{"time":1.0667,"x":-21.33,"y":-241.64,"curve":"stepped"},{"time":1.1667,"x":-393,"y":-128.64},{"time":1.4333,"x":241.16,"y":-270.87,"curve":"stepped"},{"time":1.5,"x":-581.11,"y":-66.55},{"time":1.7667,"x":330.39,"y":-270.98}],"scale":[{"time":0.1},{"time":0.1333,"x":0.886,"y":0.485},{"time":0.2667,"x":2.613,"y":1.932},{"time":0.4,"x":0.61,"y":0.334},{"time":0.4667,"x":0.886,"y":0.485},{"time":0.6,"x":3.53,"y":1.932},{"time":0.7333,"x":0.61,"y":0.334},{"time":0.8,"x":0.886,"y":0.485},{"time":0.9333,"x":3.53,"y":1.932},{"time":1.0667,"x":0.61,"y":0.334},{"time":1.1667,"x":0.886,"y":0.485},{"time":1.3,"x":2.613,"y":1.932},{"time":1.4333,"x":0.61,"y":0.334},{"time":1.5,"x":0.886,"y":0.485},{"time":1.6333,"x":3.53,"y":1.932},{"time":1.7667,"x":0.61,"y":0.334}]},"xiankuai":{"rotate":[{"time":0.1},{"time":0.3,"angle":170.8}],"translate":[{"time":0.1},{"time":0.3,"x":-771.99,"y":230.26},{"time":0.5667,"x":616.21,"y":28.62},{"time":0.6667,"x":-517.33,"y":183.71},{"time":0.9333,"x":662.79,"y":23.27},{"time":1.0333,"x":-708.1,"y":236.24},{"time":1.3667,"x":668.09,"y":20.95},{"time":1.5,"x":-676.62,"y":196.97},{"time":1.7667,"x":592.49,"y":20.27}],"scale":[{"time":0.1},{"time":0.3,"x":2.704,"y":1.472,"curve":"stepped"},{"time":0.9333,"x":2.704,"y":1.472},{"time":1.0333,"x":2.704,"y":2.192,"curve":"stepped"},{"time":1.3667,"x":2.704,"y":2.192},{"time":1.5,"x":2.704,"y":1.472}]},"xiankuai2":{"rotate":[{"time":0.1},{"time":0.2333,"angle":170.8,"curve":"stepped"},{"time":0.5333,"angle":170.8},{"time":0.6,"angle":168.15,"curve":"stepped"},{"time":0.8667,"angle":168.15},{"time":1.1333,"angle":170.8,"curve":"stepped"},{"time":1.4667,"angle":170.8},{"time":1.6,"angle":168.15}],"translate":[{"time":0.1},{"time":0.2333,"x":-753.7,"y":121.91},{"time":0.5333,"x":591.82,"y":-94.87},{"time":0.6,"x":-628.51,"y":101.61},{"time":0.8667,"x":622.2,"y":-146.95,"curve":"stepped"},{"time":1.1333,"x":-634.04,"y":100.04},{"time":1.4667,"x":531.29,"y":-96.49},{"time":1.6,"x":-668.4,"y":108.9},{"time":1.9,"x":412.98,"y":-98.67}],"scale":[{"time":0.1},{"time":0.2333,"x":3.978,"y":2.192,"curve":"stepped"},{"time":0.5333,"x":3.978,"y":2.192},{"time":0.6,"x":3.511,"y":1.98,"curve":"stepped"},{"time":0.8667,"x":3.511,"y":1.98},{"time":1.1333,"x":3.978,"y":2.192,"curve":"stepped"},{"time":1.4667,"x":3.978,"y":2.192},{"time":1.6,"x":3.511,"y":1.98}]},"xiankuai3":{"rotate":[{"time":0.1},{"time":0.2667,"angle":170.8,"curve":"stepped"},{"time":0.6,"angle":170.8},{"time":0.7333,"angle":168.43,"curve":"stepped"},{"time":1,"angle":168.43},{"time":1.1,"angle":170.8,"curve":"stepped"},{"time":1.4333,"angle":170.8},{"time":1.5333,"angle":168.43}],"translate":[{"time":0.1},{"time":0.2667,"x":-523.96,"y":142.81},{"time":0.6,"x":302.73,"y":8.92},{"time":0.7333,"x":-416.4,"y":91.96},{"time":1,"x":225.63,"y":-39.45,"curve":"stepped"},{"time":1.1,"x":-523.96,"y":142.81},{"time":1.4333,"x":302.73,"y":8.92},{"time":1.5333,"x":-416.4,"y":91.96},{"time":1.8,"x":225.63,"y":-39.45}],"scale":[{"time":0.1},{"time":0.2667,"x":2.704,"y":1.046,"curve":"stepped"},{"time":0.6,"x":2.704,"y":1.046},{"time":0.7333,"x":2.704,"y":2.428,"curve":"stepped"},{"time":1,"x":2.704,"y":2.428},{"time":1.1,"x":2.704,"y":1.046,"curve":"stepped"},{"time":1.4333,"x":2.704,"y":1.046},{"time":1.5333,"x":2.704,"y":2.428}]},"xiankuai4":{"rotate":[{"time":0.1},{"time":0.3,"angle":168.07,"curve":"stepped"},{"time":0.9333,"angle":168.07},{"time":1.0333,"angle":169.1,"curve":"stepped"},{"time":1.4333,"angle":169.1},{"time":1.5667,"angle":168.07}],"translate":[{"time":0.1},{"time":0.3,"x":-768.53,"y":84.06},{"time":0.6333,"x":185.54,"y":-106.48},{"time":0.6667,"x":-977.16,"y":122.2,"curve":0.142,"c2":0.36,"c3":0.75},{"time":0.9333,"x":336.71,"y":-146.79},{"time":1.0333,"x":-673.97,"y":100.02},{"time":1.4333,"x":497.87,"y":-142.01},{"time":1.5667,"x":-381.94,"y":13.4},{"time":1.9,"x":185.54,"y":-106.48}],"scale":[{"time":0.1},{"time":0.3,"x":2.704,"y":1.883,"curve":"stepped"},{"time":0.9333,"x":2.704,"y":1.883},{"time":1.0333,"x":4.615,"y":2.807,"curve":"stepped"},{"time":1.3,"x":4.615,"y":2.807},{"time":1.4333,"x":2.973,"y":2.807},{"time":1.5667,"x":2.704,"y":1.883}]},"xiankuai5":{"rotate":[{"time":0.1},{"time":0.2667,"angle":170.8}],"translate":[{"time":0.1},{"time":0.2667,"x":-629.1,"y":177.51},{"time":0.5333,"x":40.58,"y":81.21},{"time":0.6667,"x":-629.1,"y":177.51},{"time":0.9333,"x":40.58,"y":81.21},{"time":1,"x":-631.81,"y":160.78},{"time":1.2667,"x":35.96,"y":52.63},{"time":1.3333,"x":-629.1,"y":177.51},{"time":1.6,"x":40.58,"y":81.21},{"time":1.6333,"x":-632.43,"y":156.99},{"time":1.9,"x":35.34,"y":48.84}],"scale":[{"time":0.1},{"time":0.2667,"x":5.042,"y":2.896,"curve":"stepped"},{"time":0.5333,"x":5.042,"y":2.896},{"time":0.6667,"x":4.626,"y":1.706,"curve":"stepped"},{"time":0.9333,"x":4.626,"y":1.706},{"time":1,"x":5.042,"y":2.896}]},"xian":{"rotate":[{"time":0.1},{"time":0.2667,"angle":-12.64}],"translate":[{"time":0.1},{"time":0.2667,"x":-722.24,"y":-18.8},{"time":0.6,"x":206.32,"y":-227.06},{"time":0.6667,"x":-247.89,"y":-141.45},{"time":0.9333,"x":354.75,"y":-276.62},{"time":0.9667,"x":-722.24,"y":-18.8},{"time":1.3,"x":206.32,"y":-227.06},{"time":1.3667,"x":-777.44,"y":-59.93},{"time":1.6333,"x":459.59,"y":-337.38},{"time":1.6667,"x":-722.24,"y":-18.8},{"time":2,"x":206.32,"y":-227.06}],"scale":[{"time":0.1},{"time":0.2667,"x":0.886,"y":0.485},{"time":0.4333,"x":5.663,"y":1.932},{"time":0.6,"x":0.61,"y":0.334},{"time":0.6667,"x":0.886,"y":0.485},{"time":0.8,"x":3.53,"y":1.932},{"time":0.9333,"x":0.61,"y":0.334},{"time":0.9667,"x":0.886,"y":0.485},{"time":1.1333,"x":5.663,"y":1.932},{"time":1.3,"x":0.61,"y":0.334},{"time":1.3667,"x":0.886,"y":0.485},{"time":1.5,"x":3.53,"y":1.932},{"time":1.6333,"x":0.61,"y":0.334},{"time":1.6667,"x":0.886,"y":0.485},{"time":1.8333,"x":5.663,"y":1.932},{"time":2,"x":0.61,"y":0.334}]},"xian2":{"rotate":[{"time":0.1},{"time":0.3667,"angle":-7.04}],"translate":[{"time":0.1},{"time":0.3667,"x":-433.04,"y":263.95},{"time":0.6333,"x":422.59,"y":158.28,"curve":"stepped"},{"time":0.6667,"x":-453.53,"y":267.76},{"time":1.0333,"x":611.13,"y":136.27},{"time":1.1,"x":-433.04,"y":263.95},{"time":1.3667,"x":422.59,"y":158.28,"curve":"stepped"},{"time":1.4,"x":-693.8,"y":288.14},{"time":1.8333,"x":688.59,"y":117.41}],"scale":[{"time":0.1},{"time":0.3667,"x":0.886,"y":0.485},{"time":0.5,"x":2.537,"y":2.703},{"time":0.6333,"x":0.61,"y":0.334},{"time":0.6667,"x":0.886,"y":0.485},{"time":0.8333,"x":3.056,"y":2.703},{"time":1.0333,"x":0.61,"y":0.334},{"time":1.1,"x":0.886,"y":0.485},{"time":1.2333,"x":2.537,"y":2.703},{"time":1.3667,"x":0.61,"y":0.334},{"time":1.4,"x":0.886,"y":0.485},{"time":1.6,"x":5.57,"y":2.703},{"time":1.8333,"x":0.61,"y":0.334}]},"xian3":{"rotate":[{"time":0.1},{"time":0.2,"angle":-11.33,"curve":"stepped"},{"time":0.4667,"angle":-11.33},{"time":0.5,"angle":-12.13,"curve":"stepped"},{"time":0.7667,"angle":-12.13},{"time":0.8,"angle":-11.33,"curve":"stepped"},{"time":1.0667,"angle":-11.33},{"time":1.1,"angle":-9.44,"curve":"stepped"},{"time":1.4333,"angle":-9.44},{"time":1.5,"angle":-12.13}],"translate":[{"time":0.1},{"time":0.2,"x":-492.25,"y":120.85},{"time":0.4667,"x":548.94,"y":-87.76},{"time":0.5,"x":-439.86,"y":51.68},{"time":0.7667,"x":384.74,"y":-125.49},{"time":0.8,"x":-492.25,"y":120.85},{"time":1.0667,"x":548.94,"y":-87.76},{"time":1.1,"x":-347.56,"y":117.32},{"time":1.4333,"x":343.35,"y":2.43},{"time":1.5,"x":-439.86,"y":51.68},{"time":1.7667,"x":384.74,"y":-125.49}],"scale":[{"time":0.1},{"time":0.2,"x":0.886,"y":0.485},{"time":0.3333,"x":2.685,"y":1.932},{"time":0.4667,"x":0.61,"y":0.334},{"time":0.5,"x":0.886,"y":0.485},{"time":0.6333,"x":3.53,"y":1.932},{"time":0.7667,"x":0.61,"y":0.334},{"time":0.8,"x":0.886,"y":0.485},{"time":0.9333,"x":2.685,"y":1.932},{"time":1.0667,"x":0.61,"y":0.334},{"time":1.1,"x":0.886,"y":0.485},{"time":1.2667,"x":5.663,"y":1.932},{"time":1.4333,"x":0.61,"y":0.334},{"time":1.5,"x":0.886,"y":0.485},{"time":1.6333,"x":3.53,"y":1.932},{"time":1.7667,"x":0.61,"y":0.334}]},"xian5":{"rotate":[{"time":0.1},{"time":0.2333,"angle":-7.04}],"translate":[{"time":0.1},{"time":0.2333,"x":-219.7,"y":262.71},{"time":0.5,"x":489.52,"y":175.12},{"time":0.5333,"x":-404.08,"y":266.32},{"time":0.8,"x":604.34,"y":141.78},{"time":0.8333,"x":-285.8,"y":284.57},{"time":1.2,"x":461.11,"y":192.32,"curve":"stepped"},{"time":1.2667,"x":-219.7,"y":262.71},{"time":1.5333,"x":489.52,"y":175.12},{"time":1.5667,"x":-404.08,"y":266.32},{"time":1.8333,"x":604.34,"y":141.78}],"scale":[{"time":0.1},{"time":0.2333,"x":0.886,"y":0.485},{"time":0.3667,"x":2.031,"y":2.703},{"time":0.5,"x":0.61,"y":0.334},{"time":0.5333,"x":0.886,"y":0.485},{"time":0.6667,"x":2.814,"y":2.703},{"time":0.8,"x":0.61,"y":0.334},{"time":0.8333,"x":0.886,"y":0.485},{"time":1,"x":2.031,"y":2.703},{"time":1.2,"x":0.61,"y":0.334},{"time":1.2667,"x":0.886,"y":0.485},{"time":1.4,"x":2.031,"y":2.703},{"time":1.5333,"x":0.61,"y":0.334},{"time":1.5667,"x":0.886,"y":0.485},{"time":1.7,"x":2.814,"y":2.703},{"time":1.8333,"x":0.61,"y":0.334}]},"bone":{"rotate":[{"angle":10.36}]},"SPEEDY2":{"translate":[{"x":-154.77,"curve":"stepped"},{"time":0.3333,"x":-154.77,"curve":0,"c2":0.86,"c3":0.34,"c4":0.99},{"time":0.6667},{"time":1.7,"x":20.34,"curve":0,"c2":0.96,"c3":0.528,"c4":0.98},{"time":2,"x":195.81}]},"SPEEDY3":{"translate":[{"x":-154.77,"curve":"stepped"},{"time":0.3,"x":-154.77,"curve":0,"c2":0.86,"c3":0.34,"c4":0.99},{"time":0.6333},{"time":1.6667,"x":20.34,"curve":0,"c2":0.96,"c3":0.528,"c4":0.98},{"time":1.9667,"x":195.81}]},"SPEEDY4":{"translate":[{"x":-154.77,"curve":"stepped"},{"time":0.2667,"x":-154.77,"curve":0,"c2":0.86,"c3":0.34,"c4":0.99},{"time":0.6},{"time":1.6333,"x":20.34,"curve":0,"c2":0.96,"c3":0.528,"c4":0.98},{"time":1.9333,"x":195.81}]},"SPEEDY5":{"translate":[{"x":-154.77,"curve":"stepped"},{"time":0.2333,"x":-154.77,"curve":0,"c2":0.86,"c3":0.34,"c4":0.99},{"time":0.5667},{"time":1.6,"x":20.34,"curve":0,"c2":0.96,"c3":0.528,"c4":0.98},{"time":1.9,"x":195.81}]},"SPEEDY6":{"translate":[{"x":-154.77,"curve":"stepped"},{"time":0.2,"x":-154.77,"curve":0,"c2":0.86,"c3":0.34,"c4":0.99},{"time":0.5333},{"time":1.6,"x":20.34,"curve":0,"c2":0.96,"c3":0.528,"c4":0.98},{"time":1.9,"x":195.81}]},"CASH2":{"translate":[{"x":-154.77,"curve":"stepped"},{"time":0.3333,"x":-154.77,"curve":0,"c2":0.86,"c3":0.319},{"time":0.6667},{"time":1.7333,"x":20.34,"curve":0,"c2":0.96,"c3":0.524,"c4":0.98},{"time":2.0667,"x":195.81}]},"CASH3":{"translate":[{"x":-154.77,"curve":"stepped"},{"time":0.3,"x":-154.77,"curve":0,"c2":0.86,"c3":0.319},{"time":0.6333},{"time":1.7,"x":20.34,"curve":0,"c2":0.96,"c3":0.524,"c4":0.98},{"time":2.0333,"x":195.81}]},"CASH4":{"translate":[{"x":-154.77,"curve":"stepped"},{"time":0.2667,"x":-154.77,"curve":0,"c2":0.86,"c3":0.319},{"time":0.6},{"time":1.6667,"x":20.34,"curve":0,"c2":0.96,"c3":0.524,"c4":0.98},{"time":2,"x":195.81}]},"boom":{"translate":[{"x":-10.26,"y":-10.1}],"scale":[{},{"time":0.1,"x":20.595,"y":20.595,"curve":0.149,"c2":0.46,"c3":0.74,"c4":0.98},{"time":0.2667,"x":244.231,"y":3.506}]}}}}}