{"skeleton":{"hash":"9iDiG7Z0skuyjDzEdtGu8k7mEGM","spine":"3.8.99","x":-887.75,"y":-493.8,"width":1736.15,"height":989.95},"bones":[{"name":"root"},{"name":"bone","parent":"root","length":2,"rotation":135,"y":-379.95},{"name":"guangzi","parent":"bone","x":364.97,"y":-149.52},{"name":"5kfaguang","parent":"bone","x":196.43,"y":-328.24},{"name":"5faguang","parent":"bone","x":413.13,"y":-220.51},{"name":"guang0001","parent":"bone","x":259.32,"y":-279.67},{"name":"meiguang","parent":"bone","x":97.58,"y":-427.09},{"name":"dianguang","parent":"bone","rotation":-135,"x":288.36,"y":-234.98,"scaleX":2,"scaleY":2},{"name":"guangxiaohuang","parent":"bone","rotation":-135,"x":263.66,"y":-263.65,"scaleX":3.3271,"scaleY":3.2606},{"name":"dian","parent":"bone","x":221.32,"y":-218.92},{"name":"guang9","parent":"dian","x":-106.07,"y":-293.66},{"name":"guang2","parent":"dian","x":-97.65,"y":66.75},{"name":"guang13","parent":"dian","x":-185.65,"y":-32.99},{"name":"guang8","parent":"dian","x":-309.68,"y":-158.71},{"name":"ziguang","parent":"guangzi","x":-290.37,"y":-219.87},{"name":"guang11","parent":"dian","x":-249.36,"y":-361.51},{"name":"guang6","parent":"dian","x":12.94,"y":-224.93},{"name":"guang7","parent":"dian","x":-75.87,"y":-400.93},{"name":"guang14","parent":"dian","x":23.86,"y":-356.49},{"name":"guang5","parent":"dian","x":208.24,"y":-259.3},{"name":"guang","parent":"dian","x":203.19,"y":-118.48},{"name":"guang1","parent":"dian","x":242.61,"y":-47.23},{"name":"guang4","parent":"dian","x":373.35,"y":185.76},{"name":"guang10","parent":"dian","x":245.12,"y":218.46},{"name":"guang3","parent":"dian","x":186.43,"y":302.25},{"name":"guang12","parent":"dian","x":77.5,"y":344.15},{"name":"guangxiao2","parent":"bone","length":822,"rotation":45,"x":592.99,"y":140.19,"scaleX":-0.9793,"scaleY":0.9597}],"slots":[{"name":"光效1","bone":"guangxiao2","attachment":"光效0003","blend":"additive"},{"name":"光效黄0001","bone":"guangxiaohuang","attachment":"光效黄0003"},{"name":"guang0001","bone":"guang0001","attachment":"guang0007","blend":"additive"},{"name":"光字","bone":"guangzi","attachment":"光字"},{"name":"没光的字","bone":"meiguang"},{"name":"光","bone":"guang","attachment":"光"},{"name":"光1","bone":"guang1","attachment":"光","blend":"additive"},{"name":"光2","bone":"guang2","attachment":"光","blend":"additive"},{"name":"光3","bone":"guang3","attachment":"光"},{"name":"光4","bone":"guang4","attachment":"光","blend":"additive"},{"name":"光5","bone":"guang5","attachment":"光"},{"name":"光6","bone":"guang6","attachment":"光"},{"name":"光7","bone":"guang7","attachment":"光"},{"name":"光8","bone":"guang8","attachment":"光"},{"name":"光9","bone":"guang9","attachment":"光"},{"name":"光10","bone":"guang10","attachment":"光"},{"name":"光11","bone":"guang11","attachment":"光","blend":"additive"},{"name":"光12","bone":"guang12","attachment":"光"},{"name":"光13","bone":"guang13","attachment":"光"},{"name":"光14","bone":"guang14","attachment":"光"},{"name":"5k发光","bone":"5kfaguang","blend":"additive"},{"name":"5发光","bone":"5faguang","attachment":"5发光","blend":"additive"},{"name":"字光","bone":"ziguang","attachment":"字光"},{"name":"dianguang0001","bone":"dianguang","attachment":"dianguang0001","blend":"additive"},{"name":"免费次数-1","bone":"root"}],"skins":[{"name":"default","attachments":{"5k发光":{"5k发光":{"x":69.4,"y":36.24,"rotation":-135,"width":803,"height":381}},"5发光":{"5发光":{"x":30.55,"y":106.35,"rotation":-135,"width":302,"height":381}},"dianguang0001":{"dianguang0001":{"width":850,"height":375}},"guang0001":{"guang0005":{"width":800,"height":600},"guang0006":{"width":800,"height":600},"guang0007":{"width":800,"height":600}},"光":{"光":{"x":0.19,"y":-3.19,"scaleX":0.0698,"scaleY":0.0698,"rotation":-135,"width":199,"height":200}},"光1":{"光":{"x":1.83,"y":-1.39,"scaleX":0.1197,"scaleY":0.1197,"rotation":-135,"width":199,"height":200}},"光2":{"光":{"x":-3.94,"y":1.22,"scaleX":0.1504,"scaleY":0.1504,"rotation":-135,"width":199,"height":200}},"光3":{"光":{"x":1.13,"y":-3.63,"scaleX":0.1396,"scaleY":0.1396,"rotation":-135,"width":199,"height":200}},"光4":{"光":{"x":-2.97,"y":-0.83,"scaleX":0.1549,"scaleY":0.1549,"rotation":-135,"width":199,"height":200}},"光5":{"光":{"x":0.28,"y":-0.66,"scaleX":0.1566,"scaleY":0.1566,"rotation":-135,"width":199,"height":200}},"光6":{"光":{"x":-1.33,"y":-2.62,"scaleX":0.0889,"scaleY":0.0889,"rotation":-135,"width":199,"height":200}},"光7":{"光":{"x":1.9,"y":-1.94,"scaleX":0.1416,"scaleY":0.1416,"rotation":-135,"width":199,"height":200}},"光8":{"光":{"x":-2.67,"y":-0.54,"scaleX":0.0909,"scaleY":0.0909,"rotation":-135,"width":199,"height":200}},"光9":{"光":{"x":0.14,"y":2.08,"scaleX":0.0706,"scaleY":0.0706,"rotation":-135,"width":199,"height":200}},"光10":{"光":{"x":-2.72,"y":-0.49,"scaleX":0.0554,"scaleY":0.0554,"rotation":-135,"width":199,"height":200}},"光11":{"光":{"x":1.12,"y":-0.74,"scaleX":0.0886,"scaleY":0.0886,"rotation":-135,"width":199,"height":200}},"光12":{"光":{"x":-5.28,"y":-3.77,"scaleX":0.1433,"scaleY":0.1433,"rotation":-135,"width":199,"height":200}},"光13":{"光":{"x":0.06,"y":-3.77,"scaleX":0.1189,"scaleY":0.1189,"rotation":-135,"width":199,"height":200}},"光14":{"光":{"x":-1.41,"y":0.22,"scaleX":0.1048,"scaleY":0.1048,"rotation":-135,"width":199,"height":200}},"光字":{"光字":{"x":-118.58,"y":-195.87,"rotation":-135,"width":800,"height":451}},"光效1":{"光效0001":{"x":524.38,"y":-28.21,"scaleX":3.3967,"scaleY":3.3967,"rotation":-180,"width":510,"height":225},"光效0003":{"x":523.01,"y":-29.21,"scaleX":3.3967,"scaleY":3.3967,"rotation":-180,"width":510,"height":225},"光效0004":{"x":523.01,"y":-29.21,"scaleX":3.3967,"scaleY":3.3967,"rotation":-180,"width":510,"height":225},"光效0005":{"x":523.01,"y":-29.21,"scaleX":3.3967,"scaleY":3.3967,"rotation":-180,"width":510,"height":225},"光效0007":{"x":523.01,"y":-29.21,"scaleX":3.3967,"scaleY":3.3967,"rotation":-180,"width":510,"height":225},"光效0009":{"x":523.01,"y":-29.21,"scaleX":3.3967,"scaleY":3.3967,"rotation":-180,"width":510,"height":225},"光效0010":{"x":523.01,"y":-29.21,"scaleX":3.3967,"scaleY":3.3967,"rotation":-180,"width":510,"height":225},"光效0011":{"x":526.4,"y":-28.79,"scaleX":3.3967,"scaleY":3.3967,"rotation":-180,"width":510,"height":225}},"光效黄0001":{"光效黄0001":{"width":510,"height":225},"光效黄0003":{"width":510,"height":225},"光效黄0004":{"width":510,"height":225},"光效黄0005":{"width":510,"height":225},"光效黄0007":{"width":510,"height":225},"光效黄0009":{"width":510,"height":225},"光效黄0010":{"width":510,"height":225},"光效黄0011":{"y":-5.38,"width":510,"height":224}},"字光":{"字光":{"x":193.19,"y":87.87,"rotation":-135,"width":614,"height":255}},"没光的字":{"没光的字":{"x":167.9,"y":147.47,"rotation":-135,"width":614,"height":255}}}}],"animations":{"5kind":{"slots":{"5k发光":{"color":[{"time":0.5,"color":"ffffffff"},{"time":0.625,"color":"ffffff61"},{"time":0.7917,"color":"ffffff00"}],"attachment":[{"time":0.4167,"name":"5k发光"}]},"5发光":{"attachment":[{"name":null},{"time":0.2333,"name":"5发光"},{"time":0.4167,"name":null}]},"dianguang0001":{"color":[{"color":"ffffffff","curve":"stepped"},{"time":0.7917,"color":"ffffff00"},{"time":1.0833,"color":"ffffffff","curve":"stepped"},{"time":2.2083,"color":"ffffffff"},{"time":2.4583,"color":"ffffff00"}],"attachment":[{"name":null},{"time":0.7917,"name":"dianguang0001"}]},"guang0001":{"color":[{"time":0.5833,"color":"ffffffff","curve":0,"c3":0.5},{"time":0.75,"color":"ffffff00"}],"attachment":[{"name":null},{"time":0.4167,"name":"guang0005"},{"time":0.5833,"name":"guang0006"},{"time":0.625,"name":"guang0007"}]},"光":{"color":[{"color":"ffffffff","curve":"stepped"},{"time":0.5,"color":"ffffffb3","curve":"stepped"},{"time":1.2083,"color":"ffffffb3"},{"time":1.5417,"color":"ffffff00"}],"attachment":[{"name":null},{"time":0.5,"name":"光"}]},"光1":{"color":[{"color":"ffffffff","curve":"stepped"},{"time":0.5,"color":"ffffffcc","curve":"stepped"},{"time":1.0833,"color":"ffffffcc"},{"time":1.4583,"color":"ffffff00"}],"attachment":[{"name":null},{"time":0.5,"name":"光"}]},"光2":{"color":[{"color":"ffffffff","curve":"stepped"},{"time":0.5,"color":"ffffff7f"},{"time":1.0417,"color":"ffffff8c"},{"time":1.5417,"color":"ffffff00"}],"attachment":[{"name":null},{"time":0.5,"name":"光"}]},"光3":{"color":[{"color":"ffffffff","curve":"stepped"},{"time":0.5,"color":"ffffff8c","curve":"stepped"},{"time":1.25,"color":"ffffff8c"},{"time":1.5417,"color":"ffffff00"}],"attachment":[{"name":null},{"time":0.5,"name":"光"}]},"光4":{"color":[{"color":"ffffffff","curve":"stepped"},{"time":0.5,"color":"ffffffa6","curve":"stepped"},{"time":0.9583,"color":"ffffffa6"},{"time":1.2917,"color":"ffffff00"}],"attachment":[{"name":null},{"time":0.5,"name":"光"}]},"光5":{"color":[{"color":"ffffffff","curve":"stepped"},{"time":0.5,"color":"ffffff99","curve":"stepped"},{"time":0.9583,"color":"ffffff99"},{"time":1.3333,"color":"ffffff00"}],"attachment":[{"name":null},{"time":0.5,"name":"光"}]},"光6":{"color":[{"color":"ffffffff","curve":"stepped"},{"time":0.5,"color":"ffffff99","curve":"stepped"},{"time":1.1667,"color":"ffffff99"},{"time":1.5417,"color":"ffffff00"}],"attachment":[{"name":null},{"time":0.5,"name":"光"}]},"光7":{"color":[{"color":"ffffffff","curve":"stepped"},{"time":0.5,"color":"ffffff99","curve":"stepped"},{"time":1.0417,"color":"ffffff99"},{"time":1.4167,"color":"ffffff00"}],"attachment":[{"name":null},{"time":0.5,"name":"光"}]},"光8":{"color":[{"color":"ffffffff","curve":"stepped"},{"time":0.5,"color":"ffffff8c","curve":"stepped"},{"time":1.0417,"color":"ffffff8c"},{"time":1.3333,"color":"ffffff00"}],"attachment":[{"name":null},{"time":0.5,"name":"光"}]},"光9":{"color":[{"color":"ffffffff","curve":"stepped"},{"time":0.5,"color":"ffffffba","curve":"stepped"},{"time":1.1667,"color":"ffffffba"},{"time":1.5417,"color":"ffffff00"}],"attachment":[{"name":null},{"time":0.5,"name":"光"}]},"光10":{"color":[{"color":"ffffffff","curve":"stepped"},{"time":0.5,"color":"ffffff7a","curve":"stepped"},{"time":1.0417,"color":"ffffff7a"},{"time":1.5417,"color":"ffffff00"}],"attachment":[{"name":null},{"time":0.5,"name":"光"}]},"光11":{"color":[{"color":"ffffffff","curve":"stepped"},{"time":0.5,"color":"ffffff99","curve":"stepped"},{"time":1.2083,"color":"ffffff99"},{"time":1.5417,"color":"ffffff00"}],"attachment":[{"name":null},{"time":0.5,"name":"光"}]},"光12":{"color":[{"color":"ffffffff","curve":"stepped"},{"time":0.9583,"color":"ffffff99"},{"time":1.25,"color":"ffffff00"}],"attachment":[{"name":null},{"time":0.5,"name":"光"}]},"光13":{"color":[{"color":"ffffffff","curve":"stepped"},{"time":0.5,"color":"ffffff8c","curve":"stepped"},{"time":1,"color":"ffffff8c"},{"time":1.375,"color":"ffffff00"}],"attachment":[{"name":null},{"time":0.5,"name":"光"}]},"光14":{"color":[{"color":"ffffffff","curve":"stepped"},{"time":0.5,"color":"ffffff8c","curve":"stepped"},{"time":1.1667,"color":"ffffff8c"},{"time":1.5417,"color":"ffffff00"}],"attachment":[{"name":null},{"time":0.5,"name":"光"}]},"光字":{"attachment":[{"name":null},{"time":0.4167,"name":"光字"}]},"光效1":{"color":[{"color":"ffffff00"},{"time":0.1667,"color":"ffffffff"},{"time":0.3333,"color":"ffffffcc","curve":"stepped"},{"time":0.9167,"color":"ffffffcc"},{"time":2.1667,"color":"ffffff99"},{"time":2.5,"color":"ffffff00"}],"attachment":[{"name":"光效0001"},{"time":0.0833,"name":"光效0003"},{"time":0.125,"name":"光效0004"},{"time":0.1667,"name":"光效0005"},{"time":0.25,"name":"光效0007"},{"time":0.3333,"name":"光效0009"},{"time":0.375,"name":"光效0010"},{"time":0.4167,"name":"光效0011"},{"time":0.4583,"name":"光效0001"},{"time":0.5417,"name":"光效0003"},{"time":0.5833,"name":"光效0004"},{"time":0.625,"name":"光效0005"},{"time":0.7083,"name":"光效0007"},{"time":0.7917,"name":"光效0009"},{"time":0.8333,"name":"光效0010"},{"time":0.875,"name":"光效0011"},{"time":0.9167,"name":"光效0001"},{"time":1,"name":"光效0003"},{"time":1.0417,"name":"光效0004"},{"time":1.0833,"name":"光效0005"},{"time":1.1667,"name":"光效0007"},{"time":1.25,"name":"光效0009"},{"time":1.2917,"name":"光效0010"},{"time":1.3333,"name":"光效0011"},{"time":1.375,"name":"光效0001"},{"time":1.4583,"name":"光效0003"},{"time":1.5,"name":"光效0004"},{"time":1.5417,"name":"光效0005"},{"time":1.625,"name":"光效0007"},{"time":1.7083,"name":"光效0009"},{"time":1.75,"name":"光效0010"},{"time":1.7917,"name":"光效0011"},{"time":1.8333,"name":"光效0001"},{"time":1.9167,"name":"光效0003"},{"time":1.9583,"name":"光效0004"},{"time":2,"name":"光效0005"},{"time":2.0833,"name":"光效0007"},{"time":2.1667,"name":"光效0009"},{"time":2.2083,"name":"光效0010"},{"time":2.25,"name":"光效0011"},{"time":2.2917,"name":"光效0001"},{"time":2.375,"name":"光效0003"},{"time":2.4167,"name":"光效0004"},{"time":2.4583,"name":"光效0005"}]},"光效黄0001":{"color":[{"color":"ffffff00","curve":"stepped"},{"time":0.1667,"color":"ffffff00"},{"time":0.3333,"color":"ffffffff","curve":"stepped"},{"time":2.1667,"color":"ffffffff"},{"time":2.5,"color":"ffffff00"}],"attachment":[{"name":"光效黄0001"},{"time":0.0833,"name":"光效黄0003"},{"time":0.125,"name":"光效黄0004"},{"time":0.1667,"name":"光效黄0005"},{"time":0.25,"name":"光效黄0007"},{"time":0.3333,"name":"光效黄0009"},{"time":0.375,"name":"光效黄0010"},{"time":0.4167,"name":"光效黄0011"},{"time":0.4583,"name":"光效黄0001"},{"time":0.5417,"name":"光效黄0003"},{"time":0.5833,"name":"光效黄0004"},{"time":0.625,"name":"光效黄0005"},{"time":0.7083,"name":"光效黄0007"},{"time":0.7917,"name":"光效黄0009"},{"time":0.8333,"name":"光效黄0010"},{"time":0.875,"name":"光效黄0011"},{"time":0.9167,"name":"光效黄0001"},{"time":1,"name":"光效黄0003"},{"time":1.0417,"name":"光效黄0004"},{"time":1.0833,"name":"光效黄0005"},{"time":1.1667,"name":"光效黄0007"},{"time":1.25,"name":"光效黄0009"},{"time":1.2917,"name":"光效黄0010"},{"time":1.3333,"name":"光效黄0011"},{"time":1.375,"name":"光效黄0001"},{"time":1.4583,"name":"光效黄0003"},{"time":1.5,"name":"光效黄0004"},{"time":1.5417,"name":"光效黄0005"},{"time":1.625,"name":"光效黄0007"},{"time":1.7083,"name":"光效黄0009"},{"time":1.75,"name":"光效黄0010"},{"time":1.7917,"name":"光效黄0011"},{"time":1.8333,"name":"光效黄0001"},{"time":1.9167,"name":"光效黄0003"},{"time":1.9583,"name":"光效黄0004"},{"time":2,"name":"光效黄0005"},{"time":2.0833,"name":"光效黄0007"},{"time":2.1667,"name":"光效黄0009"},{"time":2.2083,"name":"光效黄0010"},{"time":2.25,"name":"光效黄0011"},{"time":2.2917,"name":"光效黄0001"},{"time":2.375,"name":"光效黄0003"},{"time":2.4167,"name":"光效黄0004"},{"time":2.4583,"name":"光效黄0005"}]},"字光":{"color":[{"color":"ffffffff","curve":"stepped"},{"time":0.8333,"color":"ffffff00","curve":0.5},{"time":1.3333,"color":"ffffffff","curve":"stepped"},{"time":1.625,"color":"ffffffff","curve":0,"c3":0.5},{"time":2.0417,"color":"ffffff00"}],"attachment":[{"name":null},{"time":0.8333,"name":"字光"}]}},"bones":{"5kfaguang":{"translate":[{"time":0.4167,"curve":0,"c3":0.5},{"time":0.7917,"x":-24.9,"y":-24.9}],"scale":[{"curve":"stepped"},{"time":0.4167,"x":0.8,"y":0.8,"curve":0.31,"c2":1.09,"c3":0.529,"c4":0.09},{"time":0.5833,"x":1.1,"y":1.1,"curve":0,"c3":0.5},{"time":0.7917,"x":1.3,"y":1.3}]},"5faguang":{"translate":[{"x":-916.15,"y":-916.15},{"time":0.125,"x":-879.97,"y":-879.97},{"time":0.2333,"x":204.64,"y":200.29},{"time":0.4167,"x":-102.93,"y":-71.05}],"scale":[{"x":0.8,"y":0.8},{"time":0.125,"x":0.7,"y":0.7}]},"dianguang":{"translate":[{"curve":"stepped"},{"time":0.8,"x":-11.84,"y":-11.84},{"time":2.4667,"x":35.32,"y":35.32}],"scale":[{"curve":"stepped"},{"time":0.7917,"x":0.5,"y":0.5}]},"guang0001":{"scale":[{"curve":"stepped"},{"time":0.4167,"x":1.1,"y":1.1,"curve":"stepped"},{"time":0.4583,"x":1.51,"y":1.51},{"time":0.5417,"x":1.69,"y":1.69,"curve":0,"c3":0.5},{"time":0.75,"x":2.4,"y":2.4}]},"guang":{"translate":[{"curve":"stepped"},{"time":0.5,"x":-123.12,"y":123.12},{"time":0.625,"curve":0,"c3":0.5},{"time":1.5417,"x":160.55,"y":-160.55}]},"guang1":{"translate":[{"curve":"stepped"},{"time":0.5,"x":-206.28,"y":-7.94},{"time":0.625,"curve":0,"c3":0.5},{"time":1.5417,"x":255.73,"y":-80.55}]},"guang2":{"rotate":[{"time":0.625},{"time":1.2917,"angle":-56}],"translate":[{"curve":"stepped"},{"time":0.5,"x":142.36,"y":-78.21},{"time":0.625,"curve":0,"c3":0.5},{"time":1.5417,"x":-168.91,"y":120.65}],"scale":[{"time":0.625},{"time":1.5417,"x":1.42,"y":1.42}]},"guang3":{"translate":[{"curve":"stepped"},{"time":0.5,"x":-151.07,"y":-306.91},{"time":0.625,"curve":0,"c3":0.5},{"time":1.5417,"x":125.92,"y":125.92}]},"guang4":{"translate":[{"curve":"stepped"},{"time":0.5,"x":-297.6,"y":-210.68},{"time":0.625,"curve":0,"c3":0.5},{"time":1.5417,"x":164.01,"y":77.16}],"scale":[{"time":0.625},{"time":1.5417,"x":1.44,"y":1.44}]},"guang5":{"translate":[{"curve":"stepped"},{"time":0.5,"x":-183.42,"y":183.42},{"time":0.625,"curve":0,"c3":0.5},{"time":1.5417,"x":40.72,"y":-162.63}],"scale":[{"time":0.625},{"time":1.5417,"x":1.3,"y":1.3}]},"guang6":{"translate":[{"curve":"stepped"},{"time":0.5,"x":-13.29,"y":157.57},{"time":0.625,"curve":0,"c3":0.5},{"time":1.5417,"x":65.04,"y":-92.74}]},"guang7":{"translate":[{"curve":"stepped"},{"time":0.5,"x":-32.21,"y":171.94},{"time":0.625,"curve":0,"c3":0.5},{"time":1.5417,"x":-55.6,"y":-133.38}]},"guang8":{"rotate":[{"curve":"stepped"},{"time":0.625,"angle":0.53},{"time":1.25,"angle":-17.47},{"time":1.5417,"angle":-13.5}],"translate":[{"curve":"stepped"},{"time":0.5,"x":149.49,"y":-7.21},{"time":0.625,"curve":0,"c3":0.5},{"time":1.5417,"x":-229.25,"y":-64.38}]},"guang9":{"translate":[{"curve":"stepped"},{"time":0.5,"x":25.92,"y":93.54},{"time":0.625},{"time":1.5417,"x":-116.48,"y":-156.09}]},"guang10":{"translate":[{"curve":"stepped"},{"time":0.5,"x":-202.7,"y":-230.23},{"time":0.7083,"x":-266.74,"y":-521.56},{"time":1.4583,"x":-282.88,"y":-601.55}],"scale":[{"curve":"stepped"},{"time":1.4583,"x":1.58,"y":1.58}]},"guang11":{"translate":[{"curve":"stepped"},{"time":0.5,"x":119.08,"y":140.95},{"time":0.625,"curve":0,"c3":0.5},{"time":1.5417,"x":-125.67,"y":-123.56}]},"guang12":{"rotate":[{"time":0.625},{"time":1.25,"angle":-30}],"translate":[{"curve":"stepped"},{"time":0.5,"x":9.28,"y":-299.26},{"time":0.625,"curve":0,"c3":0.5},{"time":1.5417,"x":108.21,"y":210.04}]},"guang13":{"rotate":[{"time":0.625},{"time":1.25,"angle":-13}],"translate":[{"curve":"stepped"},{"time":0.5,"x":194.18,"y":-1.97},{"time":0.625,"x":-23.55,"y":23.55,"curve":0,"c3":0.5},{"time":1.5417,"x":-226.7,"y":57.29}]},"guang14":{"rotate":[{"time":0.625},{"time":1.2917,"angle":-53}],"translate":[{"curve":"stepped"},{"time":0.5,"x":-61.8,"y":191.21},{"time":0.625,"curve":0,"c3":0.5},{"time":1.5417,"x":11.47,"y":-166.29}],"scale":[{"time":0.625},{"time":1.5417,"x":1.24,"y":1.24}]},"guangzi":{"translate":[{"curve":"stepped"},{"time":0.4167,"x":19.61,"y":19.61},{"time":0.5833},{"time":2.1667,"x":-23.33,"y":-20.25,"curve":0.716},{"time":2.4333,"x":-885.56,"y":-881.16}],"scale":[{"curve":"stepped"},{"time":0.4167,"x":0.9,"y":0.9},{"time":0.5833}]},"meiguang":{"translate":[{"x":-847.32,"y":-847.32},{"time":0.125,"x":-811.14,"y":-811.14},{"time":0.4167,"x":-22.9,"y":-22.9}],"scale":[{"x":0.8,"y":0.8}]}}}}}