{"skeleton":{"hash":"HJ5t5Uv6u8hyVYbhUI8MHW3NnTE","spine":"3.8.99","x":-950,"y":-375,"width":1900,"height":750},"bones":[{"name":"root"}],"slots":[{"name":"YSdi","bone":"root","attachment":"YSdi"},{"name":"BZ3","bone":"root","attachment":"BZ3"},{"name":"BZ1","bone":"root","attachment":"BZ1"},{"name":"BZ2","bone":"root","attachment":"BZ2"},{"name":"YS","bone":"root","attachment":"YS"},{"name":"YXX1","bone":"root","attachment":"YXX1"},{"name":"YXX2","bone":"root","attachment":"YXX2"},{"name":"YZ2","bone":"root","attachment":"YZ2"},{"name":"YZ1","bone":"root","attachment":"YZ1"},{"name":"shu","bone":"root","attachment":"shu"},{"name":"Zdi","bone":"root","attachment":"Zdi"},{"name":"ZB","bone":"root","attachment":"ZB"},{"name":"ZZ","bone":"root","attachment":"ZZ"},{"name":"ZZ1","bone":"root","attachment":"ZZ1"},{"name":"YXX11","bone":"root","attachment":"YXX1"},{"name":"YXX21","bone":"root","attachment":"YXX2"},{"name":"YZ3","bone":"root","attachment":"YZ3"},{"name":"YZ4","bone":"root","attachment":"YZ4"},{"name":"YZ5","bone":"root","attachment":"YZ5"},{"name":"YZ6","bone":"root","attachment":"YZ6"},{"name":"YZ7","bone":"root","attachment":"YZ7"},{"name":"ZZ7","bone":"root","attachment":"ZZ7"},{"name":"ZZ6","bone":"root","attachment":"ZZ6"},{"name":"ZZ5","bone":"root","attachment":"ZZ5"},{"name":"ZZ4","bone":"root","attachment":"ZZ4"},{"name":"ZZ3","bone":"root","attachment":"ZZ3"}],"skins":[{"name":"default","attachments":{"BZ1":{"BZ1":{"x":600.95,"y":13,"rotation":-0.27,"width":161,"height":161}},"BZ2":{"BZ2":{"x":663,"y":17,"rotation":-0.27,"width":49,"height":49}},"BZ3":{"BZ3":{"x":620.99,"y":-1.93,"rotation":-0.27,"width":54,"height":47}},"YS":{"YS":{"x":571.08,"y":48.42,"rotation":-0.27,"width":98,"height":248}},"YSdi":{"YSdi":{"x":572.73,"y":48.69,"rotation":-0.27,"width":74,"height":226}},"YXX1":{"YXX1":{"x":599.58,"y":140.68,"rotation":-0.27,"width":71,"height":78}},"YXX2":{"YXX2":{"x":600.55,"y":144.27,"rotation":-0.27,"width":63,"height":67}},"YXX11":{"YXX1":{"x":-594.16,"y":139.44,"rotation":28.88,"width":71,"height":78}},"YXX21":{"YXX2":{"x":-594.74,"y":142.6,"rotation":28.88,"width":63,"height":67}},"YZ1":{"YZ1":{"x":586.89,"y":35.81,"rotation":-0.27,"width":33,"height":146}},"YZ2":{"YZ2":{"x":586.87,"y":35.85,"rotation":-0.27,"width":23,"height":136}},"YZ3":{"YZ3":{"x":586.89,"y":35.81,"rotation":-0.27,"width":33,"height":146}},"YZ4":{"YZ4":{"x":586.89,"y":35.81,"rotation":-0.27,"width":33,"height":146}},"YZ5":{"YZ5":{"x":586.89,"y":35.81,"rotation":-0.27,"width":33,"height":146}},"YZ6":{"YZ6":{"x":586.89,"y":35.81,"rotation":-0.27,"width":33,"height":146}},"YZ7":{"YZ7":{"x":586.89,"y":35.81,"rotation":-0.27,"width":33,"height":146}},"ZB":{"ZB":{"x":-601.27,"y":40.31,"width":117,"height":232}},"ZZ":{"ZZ":{"x":-582.29,"y":38.31,"width":31,"height":138}},"ZZ1":{"ZZ1":{"x":-582.29,"y":38.31,"width":40,"height":148}},"ZZ3":{"ZZ3":{"x":-582.29,"y":38.31,"width":40,"height":148}},"ZZ4":{"ZZ4":{"x":-582.29,"y":38.31,"width":40,"height":148}},"ZZ5":{"ZZ5":{"x":-582.29,"y":38.31,"width":40,"height":148}},"ZZ6":{"ZZ6":{"x":-582.29,"y":38.31,"width":40,"height":148}},"ZZ7":{"ZZ7":{"x":-582.29,"y":38.31,"width":40,"height":148}},"Zdi":{"Zdi":{"x":-601.35,"y":36.75,"width":105,"height":223}},"shu":{"shu":{"x":-623.02,"y":-5.82,"width":97,"height":136}}}}],"animations":{"slots_kuai":{"slots":{"BZ2":{"color":[{"color":"ffffff4f","curve":"stepped"},{"time":0.2667,"color":"ffffffff","curve":"stepped"},{"time":0.5,"color":"ffffff4f","curve":"stepped"},{"time":0.7667,"color":"ffffffff","curve":"stepped"},{"time":1,"color":"ffffff4f","curve":"stepped"},{"time":1.2667,"color":"ffffffff","curve":"stepped"},{"time":1.5,"color":"ffffff4f"}]},"BZ3":{"color":[{"color":"ffffff4f"},{"time":0.2667,"color":"ffffffff"},{"time":0.5,"color":"ffffff4f"},{"time":0.7667,"color":"ffffffff"},{"time":1,"color":"ffffff4f"},{"time":1.2667,"color":"ffffffff"},{"time":1.5,"color":"ffffff4f"}]},"YS":{"color":[{"color":"ffffffff","curve":"stepped"},{"time":0.1667,"color":"ffffffa6","curve":"stepped"},{"time":0.3,"color":"ffffffff","curve":"stepped"},{"time":0.4667,"color":"ffffffa1","curve":"stepped"},{"time":0.6,"color":"ffffffff","curve":"stepped"},{"time":0.7667,"color":"ffffffa1","curve":"stepped"},{"time":0.9,"color":"ffffffff","curve":"stepped"},{"time":1.0667,"color":"ffffffa1","curve":"stepped"},{"time":1.2,"color":"ffffffff","curve":"stepped"},{"time":1.3667,"color":"ffffffa1","curve":"stepped"},{"time":1.5,"color":"ffffffff"}]},"YXX2":{"color":[{"color":"ffffffff","curve":"stepped"},{"time":0.1667,"color":"ffffff47","curve":"stepped"},{"time":0.3,"color":"ffffffff","curve":"stepped"},{"time":0.4667,"color":"ffffff47","curve":"stepped"},{"time":0.6,"color":"ffffffff","curve":"stepped"},{"time":0.7667,"color":"ffffff47","curve":"stepped"},{"time":0.9,"color":"ffffffff","curve":"stepped"},{"time":1.0667,"color":"ffffff47","curve":"stepped"},{"time":1.2,"color":"ffffffff","curve":"stepped"},{"time":1.3667,"color":"ffffff47","curve":"stepped"},{"time":1.5,"color":"ffffffff"}]},"YZ1":{"color":[{"color":"ffffff00","curve":"stepped"},{"time":0.1667,"color":"ffffffff","curve":"stepped"},{"time":0.3,"color":"ffffff00","curve":"stepped"},{"time":0.4667,"color":"ffffffff","curve":"stepped"},{"time":0.6,"color":"ffffff00","curve":"stepped"},{"time":0.7667,"color":"ffffffff","curve":"stepped"},{"time":0.9,"color":"ffffff00","curve":"stepped"},{"time":1.0667,"color":"ffffffff","curve":"stepped"},{"time":1.2,"color":"ffffff00","curve":"stepped"},{"time":1.3667,"color":"ffffffff","curve":"stepped"},{"time":1.5,"color":"ffffff00"}]},"ZB":{"color":[{"color":"ffffffff","curve":"stepped"},{"time":0.1667,"color":"ffffffa6","curve":"stepped"},{"time":0.3,"color":"ffffffff","curve":"stepped"},{"time":0.4667,"color":"ffffffa1","curve":"stepped"},{"time":0.6,"color":"ffffffff","curve":"stepped"},{"time":0.7667,"color":"ffffffa1","curve":"stepped"},{"time":0.9,"color":"ffffffff","curve":"stepped"},{"time":1.0667,"color":"ffffffa1","curve":"stepped"},{"time":1.2,"color":"ffffffff","curve":"stepped"},{"time":1.3667,"color":"ffffffa1","curve":"stepped"},{"time":1.5,"color":"ffffffff"}]},"ZZ1":{"color":[{"color":"ffffff00","curve":"stepped"},{"time":0.1667,"color":"ffffffff","curve":"stepped"},{"time":0.3,"color":"ffffff00","curve":"stepped"},{"time":0.4667,"color":"ffffffff","curve":"stepped"},{"time":0.6,"color":"ffffff00","curve":"stepped"},{"time":0.7667,"color":"ffffffff","curve":"stepped"},{"time":0.9,"color":"ffffff00","curve":"stepped"},{"time":1.0667,"color":"ffffffff","curve":"stepped"},{"time":1.2,"color":"ffffff00","curve":"stepped"},{"time":1.3667,"color":"ffffffff","curve":"stepped"},{"time":1.5,"color":"ffffff00"}]},"shu":{"color":[{"color":"ffffffff"},{"time":0.2667,"color":"ffffff4e"},{"time":0.5,"color":"ffffffff"},{"time":0.7667,"color":"ffffff4e"},{"time":1,"color":"ffffffff"},{"time":1.2667,"color":"ffffff4e"},{"time":1.5,"color":"ffffffff"}]}}},"slots_man":{"slots":{"BZ2":{"color":[{"time":0.2,"color":"ffffffff"},{"time":0.2333,"color":"ffffff00"},{"time":0.3,"color":"ffffffff","curve":"stepped"},{"time":1.2,"color":"ffffffff"},{"time":1.2333,"color":"ffffff00"},{"time":1.3,"color":"ffffffff","curve":"stepped"},{"time":2.2,"color":"ffffffff"},{"time":2.2333,"color":"ffffff00"},{"time":2.3,"color":"ffffffff","curve":"stepped"},{"time":3.2,"color":"ffffffff"},{"time":3.2333,"color":"ffffff00"},{"time":3.3,"color":"ffffffff","curve":"stepped"},{"time":4.2,"color":"ffffffff"},{"time":4.2333,"color":"ffffff00"},{"time":4.3,"color":"ffffffff"}]},"BZ3":{"color":[{"time":0.5,"color":"ffffffff"},{"time":0.7333,"color":"ffffff00"},{"time":1,"color":"ffffffff","curve":"stepped"},{"time":1.5,"color":"ffffffff"},{"time":1.7333,"color":"ffffff00"},{"time":2,"color":"ffffffff","curve":"stepped"},{"time":2.5,"color":"ffffffff"},{"time":2.7333,"color":"ffffff00"},{"time":3,"color":"ffffffff","curve":"stepped"},{"time":3.5,"color":"ffffffff"},{"time":3.7333,"color":"ffffff00"},{"time":4,"color":"ffffffff","curve":"stepped"},{"time":4.5,"color":"ffffffff"},{"time":4.7333,"color":"ffffff00"},{"time":5,"color":"ffffffff"}]},"YZ1":{"color":[{"color":"ffffff4d","curve":"stepped"},{"time":3.2667,"color":"ffffffff"},{"time":3.5333,"color":"ffffff00"},{"time":3.8,"color":"ffffffff"},{"time":4.0667,"color":"ffffff00"},{"time":4.3333,"color":"ffffffff"},{"time":5,"color":"ffffff4d"}]},"YZ3":{"attachment":[{"time":3,"name":null}]},"YZ4":{"attachment":[{"name":null},{"time":0.6667,"name":"YZ4"},{"time":3,"name":null}]},"YZ5":{"attachment":[{"name":null},{"time":1.3333,"name":"YZ5"},{"time":3,"name":null}]},"YZ6":{"attachment":[{"name":null},{"time":2,"name":"YZ6"},{"time":3,"name":null}]},"YZ7":{"attachment":[{"name":null},{"time":2.6667,"name":"YZ7"},{"time":3,"name":null}]},"ZZ1":{"color":[{"color":"ffffff4d","curve":"stepped"},{"time":3.2667,"color":"ffffffff"},{"time":3.5333,"color":"ffffff00"},{"time":3.8,"color":"ffffffff"},{"time":4.0667,"color":"ffffff00"},{"time":4.3333,"color":"ffffffff"}]},"ZZ3":{"attachment":[{"time":3,"name":null}]},"ZZ4":{"attachment":[{"name":null},{"time":0.6667,"name":"ZZ4"},{"time":3,"name":null}]},"ZZ5":{"attachment":[{"name":null},{"time":1.3333,"name":"ZZ5"},{"time":3,"name":null}]},"ZZ6":{"attachment":[{"name":null},{"time":2,"name":"ZZ6"},{"time":3,"name":null}]},"ZZ7":{"attachment":[{"name":null},{"time":2.6667,"name":"ZZ7"},{"time":3,"name":null}]},"shu":{"color":[{"color":"ffffffff"},{"time":0.5,"color":"ffffffc9"},{"time":1,"color":"ffffffff"},{"time":1.5,"color":"ffffffc9"},{"time":2,"color":"ffffffff"},{"time":2.5,"color":"ffffffc9"},{"time":3,"color":"ffffffff"},{"time":3.5,"color":"ffffffc9"},{"time":4,"color":"ffffffff"},{"time":4.5,"color":"ffffffc9"},{"time":5,"color":"ffffffff"}]}}}}}